,PLAYER_ID,PLAYER_NAME,PLAYER_TYPE,PLAYER_IPL_TEAM,TOTAL_WICKETS,BOWLING_AVG,ECONOMY_RATE,2WK_HAULS,3WK_HAULS,4WK_HAULS,RUNS_GIVEN,TOTAL_OVERS,TOTAL_DOTS,BEST_FIGURE,STRIKE_RATE,MAIDENS,PP/DEATH_FIG,CATCHES_TAKEN,CATCHES_DROPPED,RUN_OUT_(%),RUNS_SAVED,BOUNDARIES_SAVED
0,36e9ecc2-0b2e-4108-9dac-ab53bfe2423a_IPL,Mitchell Starc,Bowler,DC,0.0,0.0,0.0,0.0,0.0,0.0,0.0,0.0,0.0,0.0,0.0,0.0,0.0,0.0,0.0,0.0,0.0,0.0
1,36e9ecc2-0b2e-4108-9dac-ab53bfe2423a_T20I,Mitchell Starc,Bowler,DC,0.0,0.0,0.0,0.0,0.0,0.0,0.0,0.0,0.0,0.0,0.0,0.0,0.0,0.0,0.0,0.0,0.0,0.0
2,36e9ecc2-0b2e-4108-9dac-ab53bfe2423a_ODI,Mitchell Starc,Bowler,DC,0.0,0.0,0.0,0.0,0.0,0.0,0.0,0.0,0.0,0.0,0.0,0.0,0.0,0.0,0.0,0.0,0.0,0.0
3,36e9ecc2-0b2e-4108-9dac-ab53bfe2423a_STATE_T20,Mitchell Starc,Bowler,DC,0.0,0.0,0.0,0.0,0.0,0.0,0.0,0.0,0.0,0.0,0.0,0.0,0.0,0.0,0.0,0.0,0.0,0.0
4,36e9ecc2-0b2e-4108-9dac-ab53bfe2423a_SMAT_ELITE,Mitchell Starc,Bowler,DC,0.0,0.0,0.0,0.0,0.0,0.0,0.0,0.0,0.0,0.0,0.0,0.0,0.0,0.0,0.0,0.0,0.0,0.0
5,36e9ecc2-0b2e-4108-9dac-ab53bfe2423a_VIJAY_HAZARE,Mitchell Starc,Bowler,DC,0.0,0.0,0.0,0.0,0.0,0.0,0.0,0.0,0.0,0.0,0.0,0.0,0.0,0.0,0.0,0.0,0.0,0.0
6,36e9ecc2-0b2e-4108-9dac-ab53bfe2423a_VINOO_MANKAD,Mitchell Starc,Bowler,DC,0.0,0.0,0.0,0.0,0.0,0.0,0.0,0.0,0.0,0.0,0.0,0.0,0.0,0.0,0.0,0.0,0.0,0.0
7,36e9ecc2-0b2e-4108-9dac-ab53bfe2423a_DULEEP_TROPHY,Mitchell Starc,Bowler,DC,0.0,0.0,0.0,0.0,0.0,0.0,0.0,0.0,0.0,0.0,0.0,0.0,0.0,0.0,0.0,0.0,0.0,0.0
8,36e9ecc2-0b2e-4108-9dac-ab53bfe2423a_RANJI_TROPHY,Mitchell Starc,Bowler,DC,0.0,0.0,0.0,0.0,0.0,0.0,0.0,0.0,0.0,0.0,0.0,0.0,0.0,0.0,0.0,0.0,0.0,0.0
9,36e9ecc2-0b2e-4108-9dac-ab53bfe2423a_BBL,Mitchell Starc,Bowler,DC,0.0,0.0,0.0,0.0,0.0,0.0,0.0,0.0,0.0,0.0,0.0,0.0,0.0,0.0,0.0,0.0,0.0,0.0
10,36e9ecc2-0b2e-4108-9dac-ab53bfe2423a_CPL,Mitchell Starc,Bowler,DC,0.0,0.0,0.0,0.0,0.0,0.0,0.0,0.0,0.0,0.0,0.0,0.0,0.0,0.0,0.0,0.0,0.0,0.0
11,36e9ecc2-0b2e-4108-9dac-ab53bfe2423a_SA20,Mitchell Starc,Bowler,DC,0.0,0.0,0.0,0.0,0.0,0.0,0.0,0.0,0.0,0.0,0.0,0.0,0.0,0.0,0.0,0.0,0.0,0.0
12,36e9ecc2-0b2e-4108-9dac-ab53bfe2423a_ILT20,Mitchell Starc,Bowler,DC,0.0,0.0,0.0,0.0,0.0,0.0,0.0,0.0,0.0,0.0,0.0,0.0,0.0,0.0,0.0,0.0,0.0,0.0
13,3ad12db9-6081-4852-ab64-69c516f10c34_IPL,T. Natarajan,Bowler,DC,0.0,0.0,0.0,0.0,0.0,0.0,0.0,0.0,0.0,0.0,0.0,0.0,0.0,0.0,0.0,0.0,0.0,0.0
14,3ad12db9-6081-4852-ab64-69c516f10c34_T20I,T. Natarajan,Bowler,DC,0.0,0.0,0.0,0.0,0.0,0.0,0.0,0.0,0.0,0.0,0.0,0.0,0.0,0.0,0.0,0.0,0.0,0.0
15,3ad12db9-6081-4852-ab64-69c516f10c34_ODI,T. Natarajan,Bowler,DC,0.0,0.0,0.0,0.0,0.0,0.0,0.0,0.0,0.0,0.0,0.0,0.0,0.0,0.0,0.0,0.0,0.0,0.0
16,3ad12db9-6081-4852-ab64-69c516f10c34_STATE_T20,T. Natarajan,Bowler,DC,0.0,0.0,0.0,0.0,0.0,0.0,0.0,0.0,0.0,0.0,0.0,0.0,0.0,0.0,0.0,0.0,0.0,0.0
17,3ad12db9-6081-4852-ab64-69c516f10c34_SMAT_ELITE,T. Natarajan,Bowler,DC,0.0,0.0,0.0,0.0,0.0,0.0,0.0,0.0,0.0,0.0,0.0,0.0,0.0,0.0,0.0,0.0,0.0,0.0
18,3ad12db9-6081-4852-ab64-69c516f10c34_VIJAY_HAZARE,T. Natarajan,Bowler,DC,0.0,0.0,0.0,0.0,0.0,0.0,0.0,0.0,0.0,0.0,0.0,0.0,0.0,0.0,0.0,0.0,0.0,0.0
19,3ad12db9-6081-4852-ab64-69c516f10c34_VINOO_MANKAD,T. Natarajan,Bowler,DC,0.0,0.0,0.0,0.0,0.0,0.0,0.0,0.0,0.0,0.0,0.0,0.0,0.0,0.0,0.0,0.0,0.0,0.0
20,3ad12db9-6081-4852-ab64-69c516f10c34_DULEEP_TROPHY,T. Natarajan,Bowler,DC,0.0,0.0,0.0,0.0,0.0,0.0,0.0,0.0,0.0,0.0,0.0,0.0,0.0,0.0,0.0,0.0,0.0,0.0
21,3ad12db9-6081-4852-ab64-69c516f10c34_RANJI_TROPHY,T. Natarajan,Bowler,DC,0.0,0.0,0.0,0.0,0.0,0.0,0.0,0.0,0.0,0.0,0.0,0.0,0.0,0.0,0.0,0.0,0.0,0.0
22,3ad12db9-6081-4852-ab64-69c516f10c34_BBL,T. Natarajan,Bowler,DC,0.0,0.0,0.0,0.0,0.0,0.0,0.0,0.0,0.0,0.0,0.0,0.0,0.0,0.0,0.0,0.0,0.0,0.0
23,3ad12db9-6081-4852-ab64-69c516f10c34_CPL,T. Natarajan,Bowler,DC,0.0,0.0,0.0,0.0,0.0,0.0,0.0,0.0,0.0,0.0,0.0,0.0,0.0,0.0,0.0,0.0,0.0,0.0
24,3ad12db9-6081-4852-ab64-69c516f10c34_SA20,T. Natarajan,Bowler,DC,0.0,0.0,0.0,0.0,0.0,0.0,0.0,0.0,0.0,0.0,0.0,0.0,0.0,0.0,0.0,0.0,0.0,0.0
25,3ad12db9-6081-4852-ab64-69c516f10c34_ILT20,T. Natarajan,Bowler,DC,0.0,0.0,0.0,0.0,0.0,0.0,0.0,0.0,0.0,0.0,0.0,0.0,0.0,0.0,0.0,0.0,0.0,0.0
26,e405dbe0-ab82-4648-a822-b03647822457_IPL,Mohit Sharma,Bowler,DC,0.0,0.0,0.0,0.0,0.0,0.0,0.0,0.0,0.0,0.0,0.0,0.0,0.0,0.0,0.0,0.0,0.0,0.0
27,e405dbe0-ab82-4648-a822-b03647822457_T20I,Mohit Sharma,Bowler,DC,0.0,0.0,0.0,0.0,0.0,0.0,0.0,0.0,0.0,0.0,0.0,0.0,0.0,0.0,0.0,0.0,0.0,0.0
28,e405dbe0-ab82-4648-a822-b03647822457_ODI,Mohit Sharma,Bowler,DC,0.0,0.0,0.0,0.0,0.0,0.0,0.0,0.0,0.0,0.0,0.0,0.0,0.0,0.0,0.0,0.0,0.0,0.0
29,e405dbe0-ab82-4648-a822-b03647822457_STATE_T20,Mohit Sharma,Bowler,DC,0.0,0.0,0.0,0.0,0.0,0.0,0.0,0.0,0.0,0.0,0.0,0.0,0.0,0.0,0.0,0.0,0.0,0.0
30,e405dbe0-ab82-4648-a822-b03647822457_SMAT_ELITE,Mohit Sharma,Bowler,DC,0.0,0.0,0.0,0.0,0.0,0.0,0.0,0.0,0.0,0.0,0.0,0.0,0.0,0.0,0.0,0.0,0.0,0.0
31,e405dbe0-ab82-4648-a822-b03647822457_VIJAY_HAZARE,Mohit Sharma,Bowler,DC,0.0,0.0,0.0,0.0,0.0,0.0,0.0,0.0,0.0,0.0,0.0,0.0,0.0,0.0,0.0,0.0,0.0,0.0
32,e405dbe0-ab82-4648-a822-b03647822457_VINOO_MANKAD,Mohit Sharma,Bowler,DC,0.0,0.0,0.0,0.0,0.0,0.0,0.0,0.0,0.0,0.0,0.0,0.0,0.0,0.0,0.0,0.0,0.0,0.0
33,e405dbe0-ab82-4648-a822-b03647822457_DULEEP_TROPHY,Mohit Sharma,Bowler,DC,0.0,0.0,0.0,0.0,0.0,0.0,0.0,0.0,0.0,0.0,0.0,0.0,0.0,0.0,0.0,0.0,0.0,0.0
34,e405dbe0-ab82-4648-a822-b03647822457_RANJI_TROPHY,Mohit Sharma,Bowler,DC,0.0,0.0,0.0,0.0,0.0,0.0,0.0,0.0,0.0,0.0,0.0,0.0,0.0,0.0,0.0,0.0,0.0,0.0
35,e405dbe0-ab82-4648-a822-b03647822457_BBL,Mohit Sharma,Bowler,DC,0.0,0.0,0.0,0.0,0.0,0.0,0.0,0.0,0.0,0.0,0.0,0.0,0.0,0.0,0.0,0.0,0.0,0.0
36,e405dbe0-ab82-4648-a822-b03647822457_CPL,Mohit Sharma,Bowler,DC,0.0,0.0,0.0,0.0,0.0,0.0,0.0,0.0,0.0,0.0,0.0,0.0,0.0,0.0,0.0,0.0,0.0,0.0
37,e405dbe0-ab82-4648-a822-b03647822457_SA20,Mohit Sharma,Bowler,DC,0.0,0.0,0.0,0.0,0.0,0.0,0.0,0.0,0.0,0.0,0.0,0.0,0.0,0.0,0.0,0.0,0.0,0.0
38,e405dbe0-ab82-4648-a822-b03647822457_ILT20,Mohit Sharma,Bowler,DC,0.0,0.0,0.0,0.0,0.0,0.0,0.0,0.0,0.0,0.0,0.0,0.0,0.0,0.0,0.0,0.0,0.0,0.0
39,80a4374d-d0fc-40ae-b69b-5695078ef36f_IPL,Mukesh Kumar,Bowler,DC,0.0,0.0,0.0,0.0,0.0,0.0,0.0,0.0,0.0,0.0,0.0,0.0,0.0,0.0,0.0,0.0,0.0,0.0
40,80a4374d-d0fc-40ae-b69b-5695078ef36f_T20I,Mukesh Kumar,Bowler,DC,0.0,0.0,0.0,0.0,0.0,0.0,0.0,0.0,0.0,0.0,0.0,0.0,0.0,0.0,0.0,0.0,0.0,0.0
41,80a4374d-d0fc-40ae-b69b-5695078ef36f_ODI,Mukesh Kumar,Bowler,DC,0.0,0.0,0.0,0.0,0.0,0.0,0.0,0.0,0.0,0.0,0.0,0.0,0.0,0.0,0.0,0.0,0.0,0.0
42,80a4374d-d0fc-40ae-b69b-5695078ef36f_STATE_T20,Mukesh Kumar,Bowler,DC,0.0,0.0,0.0,0.0,0.0,0.0,0.0,0.0,0.0,0.0,0.0,0.0,0.0,0.0,0.0,0.0,0.0,0.0
43,80a4374d-d0fc-40ae-b69b-5695078ef36f_SMAT_ELITE,Mukesh Kumar,Bowler,DC,0.0,0.0,0.0,0.0,0.0,0.0,0.0,0.0,0.0,0.0,0.0,0.0,0.0,0.0,0.0,0.0,0.0,0.0
44,80a4374d-d0fc-40ae-b69b-5695078ef36f_VIJAY_HAZARE,Mukesh Kumar,Bowler,DC,0.0,0.0,0.0,0.0,0.0,0.0,0.0,0.0,0.0,0.0,0.0,0.0,0.0,0.0,0.0,0.0,0.0,0.0
45,80a4374d-d0fc-40ae-b69b-5695078ef36f_VINOO_MANKAD,Mukesh Kumar,Bowler,DC,0.0,0.0,0.0,0.0,0.0,0.0,0.0,0.0,0.0,0.0,0.0,0.0,0.0,0.0,0.0,0.0,0.0,0.0
46,80a4374d-d0fc-40ae-b69b-5695078ef36f_DULEEP_TROPHY,Mukesh Kumar,Bowler,DC,0.0,0.0,0.0,0.0,0.0,0.0,0.0,0.0,0.0,0.0,0.0,0.0,0.0,0.0,0.0,0.0,0.0,0.0
47,80a4374d-d0fc-40ae-b69b-5695078ef36f_RANJI_TROPHY,Mukesh Kumar,Bowler,DC,0.0,0.0,0.0,0.0,0.0,0.0,0.0,0.0,0.0,0.0,0.0,0.0,0.0,0.0,0.0,0.0,0.0,0.0
48,80a4374d-d0fc-40ae-b69b-5695078ef36f_BBL,Mukesh Kumar,Bowler,DC,0.0,0.0,0.0,0.0,0.0,0.0,0.0,0.0,0.0,0.0,0.0,0.0,0.0,0.0,0.0,0.0,0.0,0.0
49,80a4374d-d0fc-40ae-b69b-5695078ef36f_CPL,Mukesh Kumar,Bowler,DC,0.0,0.0,0.0,0.0,0.0,0.0,0.0,0.0,0.0,0.0,0.0,0.0,0.0,0.0,0.0,0.0,0.0,0.0
50,80a4374d-d0fc-40ae-b69b-5695078ef36f_SA20,Mukesh Kumar,Bowler,DC,0.0,0.0,0.0,0.0,0.0,0.0,0.0,0.0,0.0,0.0,0.0,0.0,0.0,0.0,0.0,0.0,0.0,0.0
51,80a4374d-d0fc-40ae-b69b-5695078ef36f_ILT20,Mukesh Kumar,Bowler,DC,0.0,0.0,0.0,0.0,0.0,0.0,0.0,0.0,0.0,0.0,0.0,0.0,0.0,0.0,0.0,0.0,0.0,0.0
52,fd1862df-f571-4d79-88a1-93b2a80a49ac_IPL,Dushmantha Chameera,Bowler,DC,0.0,0.0,0.0,0.0,0.0,0.0,0.0,0.0,0.0,0.0,0.0,0.0,0.0,0.0,0.0,0.0,0.0,0.0
53,fd1862df-f571-4d79-88a1-93b2a80a49ac_T20I,Dushmantha Chameera,Bowler,DC,0.0,0.0,0.0,0.0,0.0,0.0,0.0,0.0,0.0,0.0,0.0,0.0,0.0,0.0,0.0,0.0,0.0,0.0
54,fd1862df-f571-4d79-88a1-93b2a80a49ac_ODI,Dushmantha Chameera,Bowler,DC,0.0,0.0,0.0,0.0,0.0,0.0,0.0,0.0,0.0,0.0,0.0,0.0,0.0,0.0,0.0,0.0,0.0,0.0
55,fd1862df-f571-4d79-88a1-93b2a80a49ac_STATE_T20,Dushmantha Chameera,Bowler,DC,0.0,0.0,0.0,0.0,0.0,0.0,0.0,0.0,0.0,0.0,0.0,0.0,0.0,0.0,0.0,0.0,0.0,0.0
56,fd1862df-f571-4d79-88a1-93b2a80a49ac_SMAT_ELITE,Dushmantha Chameera,Bowler,DC,0.0,0.0,0.0,0.0,0.0,0.0,0.0,0.0,0.0,0.0,0.0,0.0,0.0,0.0,0.0,0.0,0.0,0.0
57,fd1862df-f571-4d79-88a1-93b2a80a49ac_VIJAY_HAZARE,Dushmantha Chameera,Bowler,DC,0.0,0.0,0.0,0.0,0.0,0.0,0.0,0.0,0.0,0.0,0.0,0.0,0.0,0.0,0.0,0.0,0.0,0.0
58,fd1862df-f571-4d79-88a1-93b2a80a49ac_VINOO_MANKAD,Dushmantha Chameera,Bowler,DC,0.0,0.0,0.0,0.0,0.0,0.0,0.0,0.0,0.0,0.0,0.0,0.0,0.0,0.0,0.0,0.0,0.0,0.0
59,fd1862df-f571-4d79-88a1-93b2a80a49ac_DULEEP_TROPHY,Dushmantha Chameera,Bowler,DC,0.0,0.0,0.0,0.0,0.0,0.0,0.0,0.0,0.0,0.0,0.0,0.0,0.0,0.0,0.0,0.0,0.0,0.0
60,fd1862df-f571-4d79-88a1-93b2a80a49ac_RANJI_TROPHY,Dushmantha Chameera,Bowler,DC,0.0,0.0,0.0,0.0,0.0,0.0,0.0,0.0,0.0,0.0,0.0,0.0,0.0,0.0,0.0,0.0,0.0,0.0
61,fd1862df-f571-4d79-88a1-93b2a80a49ac_BBL,Dushmantha Chameera,Bowler,DC,0.0,0.0,0.0,0.0,0.0,0.0,0.0,0.0,0.0,0.0,0.0,0.0,0.0,0.0,0.0,0.0,0.0,0.0
62,fd1862df-f571-4d79-88a1-93b2a80a49ac_CPL,Dushmantha Chameera,Bowler,DC,0.0,0.0,0.0,0.0,0.0,0.0,0.0,0.0,0.0,0.0,0.0,0.0,0.0,0.0,0.0,0.0,0.0,0.0
63,fd1862df-f571-4d79-88a1-93b2a80a49ac_SA20,Dushmantha Chameera,Bowler,DC,0.0,0.0,0.0,0.0,0.0,0.0,0.0,0.0,0.0,0.0,0.0,0.0,0.0,0.0,0.0,0.0,0.0,0.0
64,fd1862df-f571-4d79-88a1-93b2a80a49ac_ILT20,Dushmantha Chameera,Bowler,DC,0.0,0.0,0.0,0.0,0.0,0.0,0.0,0.0,0.0,0.0,0.0,0.0,0.0,0.0,0.0,0.0,0.0,0.0
65,6288c418-c1df-4b96-8f81-9565b87007f4_IPL,Kuldeep Yadav,Bowler,DC,0.0,0.0,0.0,0.0,0.0,0.0,0.0,0.0,0.0,0.0,0.0,0.0,0.0,0.0,0.0,0.0,0.0,0.0
66,6288c418-c1df-4b96-8f81-9565b87007f4_T20I,Kuldeep Yadav,Bowler,DC,0.0,0.0,0.0,0.0,0.0,0.0,0.0,0.0,0.0,0.0,0.0,0.0,0.0,0.0,0.0,0.0,0.0,0.0
67,6288c418-c1df-4b96-8f81-9565b87007f4_ODI,Kuldeep Yadav,Bowler,DC,0.0,0.0,0.0,0.0,0.0,0.0,0.0,0.0,0.0,0.0,0.0,0.0,0.0,0.0,0.0,0.0,0.0,0.0
68,6288c418-c1df-4b96-8f81-9565b87007f4_STATE_T20,Kuldeep Yadav,Bowler,DC,0.0,0.0,0.0,0.0,0.0,0.0,0.0,0.0,0.0,0.0,0.0,0.0,0.0,0.0,0.0,0.0,0.0,0.0
69,6288c418-c1df-4b96-8f81-9565b87007f4_SMAT_ELITE,Kuldeep Yadav,Bowler,DC,0.0,0.0,0.0,0.0,0.0,0.0,0.0,0.0,0.0,0.0,0.0,0.0,0.0,0.0,0.0,0.0,0.0,0.0
70,6288c418-c1df-4b96-8f81-9565b87007f4_VIJAY_HAZARE,Kuldeep Yadav,Bowler,DC,0.0,0.0,0.0,0.0,0.0,0.0,0.0,0.0,0.0,0.0,0.0,0.0,0.0,0.0,0.0,0.0,0.0,0.0
71,6288c418-c1df-4b96-8f81-9565b87007f4_VINOO_MANKAD,Kuldeep Yadav,Bowler,DC,0.0,0.0,0.0,0.0,0.0,0.0,0.0,0.0,0.0,0.0,0.0,0.0,0.0,0.0,0.0,0.0,0.0,0.0
72,6288c418-c1df-4b96-8f81-9565b87007f4_DULEEP_TROPHY,Kuldeep Yadav,Bowler,DC,0.0,0.0,0.0,0.0,0.0,0.0,0.0,0.0,0.0,0.0,0.0,0.0,0.0,0.0,0.0,0.0,0.0,0.0
73,6288c418-c1df-4b96-8f81-9565b87007f4_RANJI_TROPHY,Kuldeep Yadav,Bowler,DC,0.0,0.0,0.0,0.0,0.0,0.0,0.0,0.0,0.0,0.0,0.0,0.0,0.0,0.0,0.0,0.0,0.0,0.0
74,6288c418-c1df-4b96-8f81-9565b87007f4_BBL,Kuldeep Yadav,Bowler,DC,0.0,0.0,0.0,0.0,0.0,0.0,0.0,0.0,0.0,0.0,0.0,0.0,0.0,0.0,0.0,0.0,0.0,0.0
75,6288c418-c1df-4b96-8f81-9565b87007f4_CPL,Kuldeep Yadav,Bowler,DC,0.0,0.0,0.0,0.0,0.0,0.0,0.0,0.0,0.0,0.0,0.0,0.0,0.0,0.0,0.0,0.0,0.0,0.0
76,6288c418-c1df-4b96-8f81-9565b87007f4_SA20,Kuldeep Yadav,Bowler,DC,0.0,0.0,0.0,0.0,0.0,0.0,0.0,0.0,0.0,0.0,0.0,0.0,0.0,0.0,0.0,0.0,0.0,0.0
77,6288c418-c1df-4b96-8f81-9565b87007f4_ILT20,Kuldeep Yadav,Bowler,DC,0.0,0.0,0.0,0.0,0.0,0.0,0.0,0.0,0.0,0.0,0.0,0.0,0.0,0.0,0.0,0.0,0.0,0.0
78,d8f695eb-5d4d-44ac-937b-5cfd4db27dc1_IPL,Mustafizur Rahman,Bowler,DC,0.0,0.0,0.0,0.0,0.0,0.0,0.0,0.0,0.0,0.0,0.0,0.0,0.0,0.0,0.0,0.0,0.0,0.0
79,d8f695eb-5d4d-44ac-937b-5cfd4db27dc1_T20I,Mustafizur Rahman,Bowler,DC,0.0,0.0,0.0,0.0,0.0,0.0,0.0,0.0,0.0,0.0,0.0,0.0,0.0,0.0,0.0,0.0,0.0,0.0
80,d8f695eb-5d4d-44ac-937b-5cfd4db27dc1_ODI,Mustafizur Rahman,Bowler,DC,0.0,0.0,0.0,0.0,0.0,0.0,0.0,0.0,0.0,0.0,0.0,0.0,0.0,0.0,0.0,0.0,0.0,0.0
81,d8f695eb-5d4d-44ac-937b-5cfd4db27dc1_STATE_T20,Mustafizur Rahman,Bowler,DC,0.0,0.0,0.0,0.0,0.0,0.0,0.0,0.0,0.0,0.0,0.0,0.0,0.0,0.0,0.0,0.0,0.0,0.0
82,d8f695eb-5d4d-44ac-937b-5cfd4db27dc1_SMAT_ELITE,Mustafizur Rahman,Bowler,DC,0.0,0.0,0.0,0.0,0.0,0.0,0.0,0.0,0.0,0.0,0.0,0.0,0.0,0.0,0.0,0.0,0.0,0.0
83,d8f695eb-5d4d-44ac-937b-5cfd4db27dc1_VIJAY_HAZARE,Mustafizur Rahman,Bowler,DC,0.0,0.0,0.0,0.0,0.0,0.0,0.0,0.0,0.0,0.0,0.0,0.0,0.0,0.0,0.0,0.0,0.0,0.0
84,d8f695eb-5d4d-44ac-937b-5cfd4db27dc1_VINOO_MANKAD,Mustafizur Rahman,Bowler,DC,0.0,0.0,0.0,0.0,0.0,0.0,0.0,0.0,0.0,0.0,0.0,0.0,0.0,0.0,0.0,0.0,0.0,0.0
85,d8f695eb-5d4d-44ac-937b-5cfd4db27dc1_DULEEP_TROPHY,Mustafizur Rahman,Bowler,DC,0.0,0.0,0.0,0.0,0.0,0.0,0.0,0.0,0.0,0.0,0.0,0.0,0.0,0.0,0.0,0.0,0.0,0.0
86,d8f695eb-5d4d-44ac-937b-5cfd4db27dc1_RANJI_TROPHY,Mustafizur Rahman,Bowler,DC,0.0,0.0,0.0,0.0,0.0,0.0,0.0,0.0,0.0,0.0,0.0,0.0,0.0,0.0,0.0,0.0,0.0,0.0
87,d8f695eb-5d4d-44ac-937b-5cfd4db27dc1_BBL,Mustafizur Rahman,Bowler,DC,0.0,0.0,0.0,0.0,0.0,0.0,0.0,0.0,0.0,0.0,0.0,0.0,0.0,0.0,0.0,0.0,0.0,0.0
88,d8f695eb-5d4d-44ac-937b-5cfd4db27dc1_CPL,Mustafizur Rahman,Bowler,DC,0.0,0.0,0.0,0.0,0.0,0.0,0.0,0.0,0.0,0.0,0.0,0.0,0.0,0.0,0.0,0.0,0.0,0.0
89,d8f695eb-5d4d-44ac-937b-5cfd4db27dc1_SA20,Mustafizur Rahman,Bowler,DC,0.0,0.0,0.0,0.0,0.0,0.0,0.0,0.0,0.0,0.0,0.0,0.0,0.0,0.0,0.0,0.0,0.0,0.0
90,d8f695eb-5d4d-44ac-937b-5cfd4db27dc1_ILT20,Mustafizur Rahman,Bowler,DC,0.0,0.0,0.0,0.0,0.0,0.0,0.0,0.0,0.0,0.0,0.0,0.0,0.0,0.0,0.0,0.0,0.0,0.0
91,44e9f622-2d6d-41e5-917c-d5a116b6cdec_IPL,Axar Patel,All-Rounder,DC,0.0,0.0,0.0,0.0,0.0,0.0,0.0,0.0,0.0,0.0,0.0,0.0,0.0,0.0,0.0,0.0,0.0,0.0
92,44e9f622-2d6d-41e5-917c-d5a116b6cdec_T20I,Axar Patel,All-Rounder,DC,0.0,0.0,0.0,0.0,0.0,0.0,0.0,0.0,0.0,0.0,0.0,0.0,0.0,0.0,0.0,0.0,0.0,0.0
93,44e9f622-2d6d-41e5-917c-d5a116b6cdec_ODI,Axar Patel,All-Rounder,DC,0.0,0.0,0.0,0.0,0.0,0.0,0.0,0.0,0.0,0.0,0.0,0.0,0.0,0.0,0.0,0.0,0.0,0.0
94,44e9f622-2d6d-41e5-917c-d5a116b6cdec_STATE_T20,Axar Patel,All-Rounder,DC,0.0,0.0,0.0,0.0,0.0,0.0,0.0,0.0,0.0,0.0,0.0,0.0,0.0,0.0,0.0,0.0,0.0,0.0
95,44e9f622-2d6d-41e5-917c-d5a116b6cdec_SMAT_ELITE,Axar Patel,All-Rounder,DC,0.0,0.0,0.0,0.0,0.0,0.0,0.0,0.0,0.0,0.0,0.0,0.0,0.0,0.0,0.0,0.0,0.0,0.0
96,44e9f622-2d6d-41e5-917c-d5a116b6cdec_VIJAY_HAZARE,Axar Patel,All-Rounder,DC,0.0,0.0,0.0,0.0,0.0,0.0,0.0,0.0,0.0,0.0,0.0,0.0,0.0,0.0,0.0,0.0,0.0,0.0
97,44e9f622-2d6d-41e5-917c-d5a116b6cdec_VINOO_MANKAD,Axar Patel,All-Rounder,DC,0.0,0.0,0.0,0.0,0.0,0.0,0.0,0.0,0.0,0.0,0.0,0.0,0.0,0.0,0.0,0.0,0.0,0.0
98,44e9f622-2d6d-41e5-917c-d5a116b6cdec_DULEEP_TROPHY,Axar Patel,All-Rounder,DC,0.0,0.0,0.0,0.0,0.0,0.0,0.0,0.0,0.0,0.0,0.0,0.0,0.0,0.0,0.0,0.0,0.0,0.0
99,44e9f622-2d6d-41e5-917c-d5a116b6cdec_RANJI_TROPHY,Axar Patel,All-Rounder,DC,0.0,0.0,0.0,0.0,0.0,0.0,0.0,0.0,0.0,0.0,0.0,0.0,0.0,0.0,0.0,0.0,0.0,0.0
100,44e9f622-2d6d-41e5-917c-d5a116b6cdec_BBL,Axar Patel,All-Rounder,DC,0.0,0.0,0.0,0.0,0.0,0.0,0.0,0.0,0.0,0.0,0.0,0.0,0.0,0.0,0.0,0.0,0.0,0.0
101,44e9f622-2d6d-41e5-917c-d5a116b6cdec_CPL,Axar Patel,All-Rounder,DC,0.0,0.0,0.0,0.0,0.0,0.0,0.0,0.0,0.0,0.0,0.0,0.0,0.0,0.0,0.0,0.0,0.0,0.0
102,44e9f622-2d6d-41e5-917c-d5a116b6cdec_SA20,Axar Patel,All-Rounder,DC,0.0,0.0,0.0,0.0,0.0,0.0,0.0,0.0,0.0,0.0,0.0,0.0,0.0,0.0,0.0,0.0,0.0,0.0
103,44e9f622-2d6d-41e5-917c-d5a116b6cdec_ILT20,Axar Patel,All-Rounder,DC,0.0,0.0,0.0,0.0,0.0,0.0,0.0,0.0,0.0,0.0,0.0,0.0,0.0,0.0,0.0,0.0,0.0,0.0
104,ac05e212-c820-4ecd-a6e7-adae053c6fb0_IPL,Sameer Rizvi,All-Rounder,DC,0.0,0.0,0.0,0.0,0.0,0.0,0.0,0.0,0.0,0.0,0.0,0.0,0.0,0.0,0.0,0.0,0.0,0.0
105,ac05e212-c820-4ecd-a6e7-adae053c6fb0_T20I,Sameer Rizvi,All-Rounder,DC,0.0,0.0,0.0,0.0,0.0,0.0,0.0,0.0,0.0,0.0,0.0,0.0,0.0,0.0,0.0,0.0,0.0,0.0
106,ac05e212-c820-4ecd-a6e7-adae053c6fb0_ODI,Sameer Rizvi,All-Rounder,DC,0.0,0.0,0.0,0.0,0.0,0.0,0.0,0.0,0.0,0.0,0.0,0.0,0.0,0.0,0.0,0.0,0.0,0.0
107,ac05e212-c820-4ecd-a6e7-adae053c6fb0_STATE_T20,Sameer Rizvi,All-Rounder,DC,0.0,0.0,0.0,0.0,0.0,0.0,0.0,0.0,0.0,0.0,0.0,0.0,0.0,0.0,0.0,0.0,0.0,0.0
108,ac05e212-c820-4ecd-a6e7-adae053c6fb0_SMAT_ELITE,Sameer Rizvi,All-Rounder,DC,0.0,0.0,0.0,0.0,0.0,0.0,0.0,0.0,0.0,0.0,0.0,0.0,0.0,0.0,0.0,0.0,0.0,0.0
109,ac05e212-c820-4ecd-a6e7-adae053c6fb0_VIJAY_HAZARE,Sameer Rizvi,All-Rounder,DC,0.0,0.0,0.0,0.0,0.0,0.0,0.0,0.0,0.0,0.0,0.0,0.0,0.0,0.0,0.0,0.0,0.0,0.0
110,ac05e212-c820-4ecd-a6e7-adae053c6fb0_VINOO_MANKAD,Sameer Rizvi,All-Rounder,DC,0.0,0.0,0.0,0.0,0.0,0.0,0.0,0.0,0.0,0.0,0.0,0.0,0.0,0.0,0.0,0.0,0.0,0.0
111,ac05e212-c820-4ecd-a6e7-adae053c6fb0_DULEEP_TROPHY,Sameer Rizvi,All-Rounder,DC,0.0,0.0,0.0,0.0,0.0,0.0,0.0,0.0,0.0,0.0,0.0,0.0,0.0,0.0,0.0,0.0,0.0,0.0
112,ac05e212-c820-4ecd-a6e7-adae053c6fb0_RANJI_TROPHY,Sameer Rizvi,All-Rounder,DC,0.0,0.0,0.0,0.0,0.0,0.0,0.0,0.0,0.0,0.0,0.0,0.0,0.0,0.0,0.0,0.0,0.0,0.0
113,ac05e212-c820-4ecd-a6e7-adae053c6fb0_BBL,Sameer Rizvi,All-Rounder,DC,0.0,0.0,0.0,0.0,0.0,0.0,0.0,0.0,0.0,0.0,0.0,0.0,0.0,0.0,0.0,0.0,0.0,0.0
114,ac05e212-c820-4ecd-a6e7-adae053c6fb0_CPL,Sameer Rizvi,All-Rounder,DC,0.0,0.0,0.0,0.0,0.0,0.0,0.0,0.0,0.0,0.0,0.0,0.0,0.0,0.0,0.0,0.0,0.0,0.0
115,ac05e212-c820-4ecd-a6e7-adae053c6fb0_SA20,Sameer Rizvi,All-Rounder,DC,0.0,0.0,0.0,0.0,0.0,0.0,0.0,0.0,0.0,0.0,0.0,0.0,0.0,0.0,0.0,0.0,0.0,0.0
116,ac05e212-c820-4ecd-a6e7-adae053c6fb0_ILT20,Sameer Rizvi,All-Rounder,DC,0.0,0.0,0.0,0.0,0.0,0.0,0.0,0.0,0.0,0.0,0.0,0.0,0.0,0.0,0.0,0.0,0.0,0.0
117,9ce4d634-0010-406d-ac30-3ece53e0de32_IPL,Ashutosh Sharma,All-Rounder,DC,0.0,0.0,0.0,0.0,0.0,0.0,0.0,0.0,0.0,0.0,0.0,0.0,0.0,0.0,0.0,0.0,0.0,0.0
118,9ce4d634-0010-406d-ac30-3ece53e0de32_T20I,Ashutosh Sharma,All-Rounder,DC,0.0,0.0,0.0,0.0,0.0,0.0,0.0,0.0,0.0,0.0,0.0,0.0,0.0,0.0,0.0,0.0,0.0,0.0
119,9ce4d634-0010-406d-ac30-3ece53e0de32_ODI,Ashutosh Sharma,All-Rounder,DC,0.0,0.0,0.0,0.0,0.0,0.0,0.0,0.0,0.0,0.0,0.0,0.0,0.0,0.0,0.0,0.0,0.0,0.0
120,9ce4d634-0010-406d-ac30-3ece53e0de32_STATE_T20,Ashutosh Sharma,All-Rounder,DC,0.0,0.0,0.0,0.0,0.0,0.0,0.0,0.0,0.0,0.0,0.0,0.0,0.0,0.0,0.0,0.0,0.0,0.0
121,9ce4d634-0010-406d-ac30-3ece53e0de32_SMAT_ELITE,Ashutosh Sharma,All-Rounder,DC,0.0,0.0,0.0,0.0,0.0,0.0,0.0,0.0,0.0,0.0,0.0,0.0,0.0,0.0,0.0,0.0,0.0,0.0
122,9ce4d634-0010-406d-ac30-3ece53e0de32_VIJAY_HAZARE,Ashutosh Sharma,All-Rounder,DC,0.0,0.0,0.0,0.0,0.0,0.0,0.0,0.0,0.0,0.0,0.0,0.0,0.0,0.0,0.0,0.0,0.0,0.0
123,9ce4d634-0010-406d-ac30-3ece53e0de32_VINOO_MANKAD,Ashutosh Sharma,All-Rounder,DC,0.0,0.0,0.0,0.0,0.0,0.0,0.0,0.0,0.0,0.0,0.0,0.0,0.0,0.0,0.0,0.0,0.0,0.0
124,9ce4d634-0010-406d-ac30-3ece53e0de32_DULEEP_TROPHY,Ashutosh Sharma,All-Rounder,DC,0.0,0.0,0.0,0.0,0.0,0.0,0.0,0.0,0.0,0.0,0.0,0.0,0.0,0.0,0.0,0.0,0.0,0.0
125,9ce4d634-0010-406d-ac30-3ece53e0de32_RANJI_TROPHY,Ashutosh Sharma,All-Rounder,DC,0.0,0.0,0.0,0.0,0.0,0.0,0.0,0.0,0.0,0.0,0.0,0.0,0.0,0.0,0.0,0.0,0.0,0.0
126,9ce4d634-0010-406d-ac30-3ece53e0de32_BBL,Ashutosh Sharma,All-Rounder,DC,0.0,0.0,0.0,0.0,0.0,0.0,0.0,0.0,0.0,0.0,0.0,0.0,0.0,0.0,0.0,0.0,0.0,0.0
127,9ce4d634-0010-406d-ac30-3ece53e0de32_CPL,Ashutosh Sharma,All-Rounder,DC,0.0,0.0,0.0,0.0,0.0,0.0,0.0,0.0,0.0,0.0,0.0,0.0,0.0,0.0,0.0,0.0,0.0,0.0
128,9ce4d634-0010-406d-ac30-3ece53e0de32_SA20,Ashutosh Sharma,All-Rounder,DC,0.0,0.0,0.0,0.0,0.0,0.0,0.0,0.0,0.0,0.0,0.0,0.0,0.0,0.0,0.0,0.0,0.0,0.0
129,9ce4d634-0010-406d-ac30-3ece53e0de32_ILT20,Ashutosh Sharma,All-Rounder,DC,0.0,0.0,0.0,0.0,0.0,0.0,0.0,0.0,0.0,0.0,0.0,0.0,0.0,0.0,0.0,0.0,0.0,0.0
130,be493e65-4126-4c6e-a7d8-de4e31d2d5fe_IPL,Darshan Nalkande,All-Rounder,DC,0.0,0.0,0.0,0.0,0.0,0.0,0.0,0.0,0.0,0.0,0.0,0.0,0.0,0.0,0.0,0.0,0.0,0.0
131,be493e65-4126-4c6e-a7d8-de4e31d2d5fe_T20I,Darshan Nalkande,All-Rounder,DC,0.0,0.0,0.0,0.0,0.0,0.0,0.0,0.0,0.0,0.0,0.0,0.0,0.0,0.0,0.0,0.0,0.0,0.0
132,be493e65-4126-4c6e-a7d8-de4e31d2d5fe_ODI,Darshan Nalkande,All-Rounder,DC,0.0,0.0,0.0,0.0,0.0,0.0,0.0,0.0,0.0,0.0,0.0,0.0,0.0,0.0,0.0,0.0,0.0,0.0
133,be493e65-4126-4c6e-a7d8-de4e31d2d5fe_STATE_T20,Darshan Nalkande,All-Rounder,DC,0.0,0.0,0.0,0.0,0.0,0.0,0.0,0.0,0.0,0.0,0.0,0.0,0.0,0.0,0.0,0.0,0.0,0.0
134,be493e65-4126-4c6e-a7d8-de4e31d2d5fe_SMAT_ELITE,Darshan Nalkande,All-Rounder,DC,0.0,0.0,0.0,0.0,0.0,0.0,0.0,0.0,0.0,0.0,0.0,0.0,0.0,0.0,0.0,0.0,0.0,0.0
135,be493e65-4126-4c6e-a7d8-de4e31d2d5fe_VIJAY_HAZARE,Darshan Nalkande,All-Rounder,DC,0.0,0.0,0.0,0.0,0.0,0.0,0.0,0.0,0.0,0.0,0.0,0.0,0.0,0.0,0.0,0.0,0.0,0.0
136,be493e65-4126-4c6e-a7d8-de4e31d2d5fe_VINOO_MANKAD,Darshan Nalkande,All-Rounder,DC,0.0,0.0,0.0,0.0,0.0,0.0,0.0,0.0,0.0,0.0,0.0,0.0,0.0,0.0,0.0,0.0,0.0,0.0
137,be493e65-4126-4c6e-a7d8-de4e31d2d5fe_DULEEP_TROPHY,Darshan Nalkande,All-Rounder,DC,0.0,0.0,0.0,0.0,0.0,0.0,0.0,0.0,0.0,0.0,0.0,0.0,0.0,0.0,0.0,0.0,0.0,0.0
138,be493e65-4126-4c6e-a7d8-de4e31d2d5fe_RANJI_TROPHY,Darshan Nalkande,All-Rounder,DC,0.0,0.0,0.0,0.0,0.0,0.0,0.0,0.0,0.0,0.0,0.0,0.0,0.0,0.0,0.0,0.0,0.0,0.0
139,be493e65-4126-4c6e-a7d8-de4e31d2d5fe_BBL,Darshan Nalkande,All-Rounder,DC,0.0,0.0,0.0,0.0,0.0,0.0,0.0,0.0,0.0,0.0,0.0,0.0,0.0,0.0,0.0,0.0,0.0,0.0
140,be493e65-4126-4c6e-a7d8-de4e31d2d5fe_CPL,Darshan Nalkande,All-Rounder,DC,0.0,0.0,0.0,0.0,0.0,0.0,0.0,0.0,0.0,0.0,0.0,0.0,0.0,0.0,0.0,0.0,0.0,0.0
141,be493e65-4126-4c6e-a7d8-de4e31d2d5fe_SA20,Darshan Nalkande,All-Rounder,DC,0.0,0.0,0.0,0.0,0.0,0.0,0.0,0.0,0.0,0.0,0.0,0.0,0.0,0.0,0.0,0.0,0.0,0.0
142,be493e65-4126-4c6e-a7d8-de4e31d2d5fe_ILT20,Darshan Nalkande,All-Rounder,DC,0.0,0.0,0.0,0.0,0.0,0.0,0.0,0.0,0.0,0.0,0.0,0.0,0.0,0.0,0.0,0.0,0.0,0.0
143,4ee7312c-0738-4410-aa6d-b689e2b6ad43_IPL,Vipraj Nigam,All-Rounder,DC,0.0,0.0,0.0,0.0,0.0,0.0,0.0,0.0,0.0,0.0,0.0,0.0,0.0,0.0,0.0,0.0,0.0,0.0
144,4ee7312c-0738-4410-aa6d-b689e2b6ad43_T20I,Vipraj Nigam,All-Rounder,DC,0.0,0.0,0.0,0.0,0.0,0.0,0.0,0.0,0.0,0.0,0.0,0.0,0.0,0.0,0.0,0.0,0.0,0.0
145,4ee7312c-0738-4410-aa6d-b689e2b6ad43_ODI,Vipraj Nigam,All-Rounder,DC,0.0,0.0,0.0,0.0,0.0,0.0,0.0,0.0,0.0,0.0,0.0,0.0,0.0,0.0,0.0,0.0,0.0,0.0
146,4ee7312c-0738-4410-aa6d-b689e2b6ad43_STATE_T20,Vipraj Nigam,All-Rounder,DC,0.0,0.0,0.0,0.0,0.0,0.0,0.0,0.0,0.0,0.0,0.0,0.0,0.0,0.0,0.0,0.0,0.0,0.0
147,4ee7312c-0738-4410-aa6d-b689e2b6ad43_SMAT_ELITE,Vipraj Nigam,All-Rounder,DC,0.0,0.0,0.0,0.0,0.0,0.0,0.0,0.0,0.0,0.0,0.0,0.0,0.0,0.0,0.0,0.0,0.0,0.0
148,4ee7312c-0738-4410-aa6d-b689e2b6ad43_VIJAY_HAZARE,Vipraj Nigam,All-Rounder,DC,0.0,0.0,0.0,0.0,0.0,0.0,0.0,0.0,0.0,0.0,0.0,0.0,0.0,0.0,0.0,0.0,0.0,0.0
149,4ee7312c-0738-4410-aa6d-b689e2b6ad43_VINOO_MANKAD,Vipraj Nigam,All-Rounder,DC,0.0,0.0,0.0,0.0,0.0,0.0,0.0,0.0,0.0,0.0,0.0,0.0,0.0,0.0,0.0,0.0,0.0,0.0
150,4ee7312c-0738-4410-aa6d-b689e2b6ad43_DULEEP_TROPHY,Vipraj Nigam,All-Rounder,DC,0.0,0.0,0.0,0.0,0.0,0.0,0.0,0.0,0.0,0.0,0.0,0.0,0.0,0.0,0.0,0.0,0.0,0.0
151,4ee7312c-0738-4410-aa6d-b689e2b6ad43_RANJI_TROPHY,Vipraj Nigam,All-Rounder,DC,0.0,0.0,0.0,0.0,0.0,0.0,0.0,0.0,0.0,0.0,0.0,0.0,0.0,0.0,0.0,0.0,0.0,0.0
152,4ee7312c-0738-4410-aa6d-b689e2b6ad43_BBL,Vipraj Nigam,All-Rounder,DC,0.0,0.0,0.0,0.0,0.0,0.0,0.0,0.0,0.0,0.0,0.0,0.0,0.0,0.0,0.0,0.0,0.0,0.0
153,4ee7312c-0738-4410-aa6d-b689e2b6ad43_CPL,Vipraj Nigam,All-Rounder,DC,0.0,0.0,0.0,0.0,0.0,0.0,0.0,0.0,0.0,0.0,0.0,0.0,0.0,0.0,0.0,0.0,0.0,0.0
154,4ee7312c-0738-4410-aa6d-b689e2b6ad43_SA20,Vipraj Nigam,All-Rounder,DC,0.0,0.0,0.0,0.0,0.0,0.0,0.0,0.0,0.0,0.0,0.0,0.0,0.0,0.0,0.0,0.0,0.0,0.0
155,4ee7312c-0738-4410-aa6d-b689e2b6ad43_ILT20,Vipraj Nigam,All-Rounder,DC,0.0,0.0,0.0,0.0,0.0,0.0,0.0,0.0,0.0,0.0,0.0,0.0,0.0,0.0,0.0,0.0,0.0,0.0
156,f0dfc606-93b3-46b3-b26a-1dd9b5cb58b5_IPL,Ajay Mandal,All-Rounder,DC,0.0,0.0,0.0,0.0,0.0,0.0,0.0,0.0,0.0,0.0,0.0,0.0,0.0,0.0,0.0,0.0,0.0,0.0
157,f0dfc606-93b3-46b3-b26a-1dd9b5cb58b5_T20I,Ajay Mandal,All-Rounder,DC,0.0,0.0,0.0,0.0,0.0,0.0,0.0,0.0,0.0,0.0,0.0,0.0,0.0,0.0,0.0,0.0,0.0,0.0
158,f0dfc606-93b3-46b3-b26a-1dd9b5cb58b5_ODI,Ajay Mandal,All-Rounder,DC,0.0,0.0,0.0,0.0,0.0,0.0,0.0,0.0,0.0,0.0,0.0,0.0,0.0,0.0,0.0,0.0,0.0,0.0
159,f0dfc606-93b3-46b3-b26a-1dd9b5cb58b5_STATE_T20,Ajay Mandal,All-Rounder,DC,0.0,0.0,0.0,0.0,0.0,0.0,0.0,0.0,0.0,0.0,0.0,0.0,0.0,0.0,0.0,0.0,0.0,0.0
160,f0dfc606-93b3-46b3-b26a-1dd9b5cb58b5_SMAT_ELITE,Ajay Mandal,All-Rounder,DC,0.0,0.0,0.0,0.0,0.0,0.0,0.0,0.0,0.0,0.0,0.0,0.0,0.0,0.0,0.0,0.0,0.0,0.0
161,f0dfc606-93b3-46b3-b26a-1dd9b5cb58b5_VIJAY_HAZARE,Ajay Mandal,All-Rounder,DC,0.0,0.0,0.0,0.0,0.0,0.0,0.0,0.0,0.0,0.0,0.0,0.0,0.0,0.0,0.0,0.0,0.0,0.0
162,f0dfc606-93b3-46b3-b26a-1dd9b5cb58b5_VINOO_MANKAD,Ajay Mandal,All-Rounder,DC,0.0,0.0,0.0,0.0,0.0,0.0,0.0,0.0,0.0,0.0,0.0,0.0,0.0,0.0,0.0,0.0,0.0,0.0
163,f0dfc606-93b3-46b3-b26a-1dd9b5cb58b5_DULEEP_TROPHY,Ajay Mandal,All-Rounder,DC,0.0,0.0,0.0,0.0,0.0,0.0,0.0,0.0,0.0,0.0,0.0,0.0,0.0,0.0,0.0,0.0,0.0,0.0
164,f0dfc606-93b3-46b3-b26a-1dd9b5cb58b5_RANJI_TROPHY,Ajay Mandal,All-Rounder,DC,0.0,0.0,0.0,0.0,0.0,0.0,0.0,0.0,0.0,0.0,0.0,0.0,0.0,0.0,0.0,0.0,0.0,0.0
165,f0dfc606-93b3-46b3-b26a-1dd9b5cb58b5_BBL,Ajay Mandal,All-Rounder,DC,0.0,0.0,0.0,0.0,0.0,0.0,0.0,0.0,0.0,0.0,0.0,0.0,0.0,0.0,0.0,0.0,0.0,0.0
166,f0dfc606-93b3-46b3-b26a-1dd9b5cb58b5_CPL,Ajay Mandal,All-Rounder,DC,0.0,0.0,0.0,0.0,0.0,0.0,0.0,0.0,0.0,0.0,0.0,0.0,0.0,0.0,0.0,0.0,0.0,0.0
167,f0dfc606-93b3-46b3-b26a-1dd9b5cb58b5_SA20,Ajay Mandal,All-Rounder,DC,0.0,0.0,0.0,0.0,0.0,0.0,0.0,0.0,0.0,0.0,0.0,0.0,0.0,0.0,0.0,0.0,0.0,0.0
168,f0dfc606-93b3-46b3-b26a-1dd9b5cb58b5_ILT20,Ajay Mandal,All-Rounder,DC,0.0,0.0,0.0,0.0,0.0,0.0,0.0,0.0,0.0,0.0,0.0,0.0,0.0,0.0,0.0,0.0,0.0,0.0
169,eacde0db-010b-4825-9cda-12ce1ead6f9b_IPL,Manvanth Kumar,All-Rounder,DC,0.0,0.0,0.0,0.0,0.0,0.0,0.0,0.0,0.0,0.0,0.0,0.0,0.0,0.0,0.0,0.0,0.0,0.0
170,eacde0db-010b-4825-9cda-12ce1ead6f9b_T20I,Manvanth Kumar,All-Rounder,DC,0.0,0.0,0.0,0.0,0.0,0.0,0.0,0.0,0.0,0.0,0.0,0.0,0.0,0.0,0.0,0.0,0.0,0.0
171,eacde0db-010b-4825-9cda-12ce1ead6f9b_ODI,Manvanth Kumar,All-Rounder,DC,0.0,0.0,0.0,0.0,0.0,0.0,0.0,0.0,0.0,0.0,0.0,0.0,0.0,0.0,0.0,0.0,0.0,0.0
172,eacde0db-010b-4825-9cda-12ce1ead6f9b_STATE_T20,Manvanth Kumar,All-Rounder,DC,0.0,0.0,0.0,0.0,0.0,0.0,0.0,0.0,0.0,0.0,0.0,0.0,0.0,0.0,0.0,0.0,0.0,0.0
173,eacde0db-010b-4825-9cda-12ce1ead6f9b_SMAT_ELITE,Manvanth Kumar,All-Rounder,DC,0.0,0.0,0.0,0.0,0.0,0.0,0.0,0.0,0.0,0.0,0.0,0.0,0.0,0.0,0.0,0.0,0.0,0.0
174,eacde0db-010b-4825-9cda-12ce1ead6f9b_VIJAY_HAZARE,Manvanth Kumar,All-Rounder,DC,0.0,0.0,0.0,0.0,0.0,0.0,0.0,0.0,0.0,0.0,0.0,0.0,0.0,0.0,0.0,0.0,0.0,0.0
175,eacde0db-010b-4825-9cda-12ce1ead6f9b_VINOO_MANKAD,Manvanth Kumar,All-Rounder,DC,0.0,0.0,0.0,0.0,0.0,0.0,0.0,0.0,0.0,0.0,0.0,0.0,0.0,0.0,0.0,0.0,0.0,0.0
176,eacde0db-010b-4825-9cda-12ce1ead6f9b_DULEEP_TROPHY,Manvanth Kumar,All-Rounder,DC,0.0,0.0,0.0,0.0,0.0,0.0,0.0,0.0,0.0,0.0,0.0,0.0,0.0,0.0,0.0,0.0,0.0,0.0
177,eacde0db-010b-4825-9cda-12ce1ead6f9b_RANJI_TROPHY,Manvanth Kumar,All-Rounder,DC,0.0,0.0,0.0,0.0,0.0,0.0,0.0,0.0,0.0,0.0,0.0,0.0,0.0,0.0,0.0,0.0,0.0,0.0
178,eacde0db-010b-4825-9cda-12ce1ead6f9b_BBL,Manvanth Kumar,All-Rounder,DC,0.0,0.0,0.0,0.0,0.0,0.0,0.0,0.0,0.0,0.0,0.0,0.0,0.0,0.0,0.0,0.0,0.0,0.0
179,eacde0db-010b-4825-9cda-12ce1ead6f9b_CPL,Manvanth Kumar,All-Rounder,DC,0.0,0.0,0.0,0.0,0.0,0.0,0.0,0.0,0.0,0.0,0.0,0.0,0.0,0.0,0.0,0.0,0.0,0.0
180,eacde0db-010b-4825-9cda-12ce1ead6f9b_SA20,Manvanth Kumar,All-Rounder,DC,0.0,0.0,0.0,0.0,0.0,0.0,0.0,0.0,0.0,0.0,0.0,0.0,0.0,0.0,0.0,0.0,0.0,0.0
181,eacde0db-010b-4825-9cda-12ce1ead6f9b_ILT20,Manvanth Kumar,All-Rounder,DC,0.0,0.0,0.0,0.0,0.0,0.0,0.0,0.0,0.0,0.0,0.0,0.0,0.0,0.0,0.0,0.0,0.0,0.0
182,2446a068-873f-4606-9b89-e72922cdb91e_IPL,Tripurana Vijay,All-Rounder,DC,0.0,0.0,0.0,0.0,0.0,0.0,0.0,0.0,0.0,0.0,0.0,0.0,0.0,0.0,0.0,0.0,0.0,0.0
183,2446a068-873f-4606-9b89-e72922cdb91e_T20I,Tripurana Vijay,All-Rounder,DC,0.0,0.0,0.0,0.0,0.0,0.0,0.0,0.0,0.0,0.0,0.0,0.0,0.0,0.0,0.0,0.0,0.0,0.0
184,2446a068-873f-4606-9b89-e72922cdb91e_ODI,Tripurana Vijay,All-Rounder,DC,0.0,0.0,0.0,0.0,0.0,0.0,0.0,0.0,0.0,0.0,0.0,0.0,0.0,0.0,0.0,0.0,0.0,0.0
185,2446a068-873f-4606-9b89-e72922cdb91e_STATE_T20,Tripurana Vijay,All-Rounder,DC,0.0,0.0,0.0,0.0,0.0,0.0,0.0,0.0,0.0,0.0,0.0,0.0,0.0,0.0,0.0,0.0,0.0,0.0
186,2446a068-873f-4606-9b89-e72922cdb91e_SMAT_ELITE,Tripurana Vijay,All-Rounder,DC,0.0,0.0,0.0,0.0,0.0,0.0,0.0,0.0,0.0,0.0,0.0,0.0,0.0,0.0,0.0,0.0,0.0,0.0
187,2446a068-873f-4606-9b89-e72922cdb91e_VIJAY_HAZARE,Tripurana Vijay,All-Rounder,DC,0.0,0.0,0.0,0.0,0.0,0.0,0.0,0.0,0.0,0.0,0.0,0.0,0.0,0.0,0.0,0.0,0.0,0.0
188,2446a068-873f-4606-9b89-e72922cdb91e_VINOO_MANKAD,Tripurana Vijay,All-Rounder,DC,0.0,0.0,0.0,0.0,0.0,0.0,0.0,0.0,0.0,0.0,0.0,0.0,0.0,0.0,0.0,0.0,0.0,0.0
189,2446a068-873f-4606-9b89-e72922cdb91e_DULEEP_TROPHY,Tripurana Vijay,All-Rounder,DC,0.0,0.0,0.0,0.0,0.0,0.0,0.0,0.0,0.0,0.0,0.0,0.0,0.0,0.0,0.0,0.0,0.0,0.0
190,2446a068-873f-4606-9b89-e72922cdb91e_RANJI_TROPHY,Tripurana Vijay,All-Rounder,DC,0.0,0.0,0.0,0.0,0.0,0.0,0.0,0.0,0.0,0.0,0.0,0.0,0.0,0.0,0.0,0.0,0.0,0.0
191,2446a068-873f-4606-9b89-e72922cdb91e_BBL,Tripurana Vijay,All-Rounder,DC,0.0,0.0,0.0,0.0,0.0,0.0,0.0,0.0,0.0,0.0,0.0,0.0,0.0,0.0,0.0,0.0,0.0,0.0
192,2446a068-873f-4606-9b89-e72922cdb91e_CPL,Tripurana Vijay,All-Rounder,DC,0.0,0.0,0.0,0.0,0.0,0.0,0.0,0.0,0.0,0.0,0.0,0.0,0.0,0.0,0.0,0.0,0.0,0.0
193,2446a068-873f-4606-9b89-e72922cdb91e_SA20,Tripurana Vijay,All-Rounder,DC,0.0,0.0,0.0,0.0,0.0,0.0,0.0,0.0,0.0,0.0,0.0,0.0,0.0,0.0,0.0,0.0,0.0,0.0
194,2446a068-873f-4606-9b89-e72922cdb91e_ILT20,Tripurana Vijay,All-Rounder,DC,0.0,0.0,0.0,0.0,0.0,0.0,0.0,0.0,0.0,0.0,0.0,0.0,0.0,0.0,0.0,0.0,0.0,0.0
195,343410aa-0996-400e-b7d1-db95d7f32f95_IPL,Madhav Tiwari,All-Rounder,DC,0.0,0.0,0.0,0.0,0.0,0.0,0.0,0.0,0.0,0.0,0.0,0.0,0.0,0.0,0.0,0.0,0.0,0.0
196,343410aa-0996-400e-b7d1-db95d7f32f95_T20I,Madhav Tiwari,All-Rounder,DC,0.0,0.0,0.0,0.0,0.0,0.0,0.0,0.0,0.0,0.0,0.0,0.0,0.0,0.0,0.0,0.0,0.0,0.0
197,343410aa-0996-400e-b7d1-db95d7f32f95_ODI,Madhav Tiwari,All-Rounder,DC,0.0,0.0,0.0,0.0,0.0,0.0,0.0,0.0,0.0,0.0,0.0,0.0,0.0,0.0,0.0,0.0,0.0,0.0
198,343410aa-0996-400e-b7d1-db95d7f32f95_STATE_T20,Madhav Tiwari,All-Rounder,DC,0.0,0.0,0.0,0.0,0.0,0.0,0.0,0.0,0.0,0.0,0.0,0.0,0.0,0.0,0.0,0.0,0.0,0.0
199,343410aa-0996-400e-b7d1-db95d7f32f95_SMAT_ELITE,Madhav Tiwari,All-Rounder,DC,0.0,0.0,0.0,0.0,0.0,0.0,0.0,0.0,0.0,0.0,0.0,0.0,0.0,0.0,0.0,0.0,0.0,0.0
200,343410aa-0996-400e-b7d1-db95d7f32f95_VIJAY_HAZARE,Madhav Tiwari,All-Rounder,DC,0.0,0.0,0.0,0.0,0.0,0.0,0.0,0.0,0.0,0.0,0.0,0.0,0.0,0.0,0.0,0.0,0.0,0.0
201,343410aa-0996-400e-b7d1-db95d7f32f95_VINOO_MANKAD,Madhav Tiwari,All-Rounder,DC,0.0,0.0,0.0,0.0,0.0,0.0,0.0,0.0,0.0,0.0,0.0,0.0,0.0,0.0,0.0,0.0,0.0,0.0
202,343410aa-0996-400e-b7d1-db95d7f32f95_DULEEP_TROPHY,Madhav Tiwari,All-Rounder,DC,0.0,0.0,0.0,0.0,0.0,0.0,0.0,0.0,0.0,0.0,0.0,0.0,0.0,0.0,0.0,0.0,0.0,0.0
203,343410aa-0996-400e-b7d1-db95d7f32f95_RANJI_TROPHY,Madhav Tiwari,All-Rounder,DC,0.0,0.0,0.0,0.0,0.0,0.0,0.0,0.0,0.0,0.0,0.0,0.0,0.0,0.0,0.0,0.0,0.0,0.0
204,343410aa-0996-400e-b7d1-db95d7f32f95_BBL,Madhav Tiwari,All-Rounder,DC,0.0,0.0,0.0,0.0,0.0,0.0,0.0,0.0,0.0,0.0,0.0,0.0,0.0,0.0,0.0,0.0,0.0,0.0
205,343410aa-0996-400e-b7d1-db95d7f32f95_CPL,Madhav Tiwari,All-Rounder,DC,0.0,0.0,0.0,0.0,0.0,0.0,0.0,0.0,0.0,0.0,0.0,0.0,0.0,0.0,0.0,0.0,0.0,0.0
206,343410aa-0996-400e-b7d1-db95d7f32f95_SA20,Madhav Tiwari,All-Rounder,DC,0.0,0.0,0.0,0.0,0.0,0.0,0.0,0.0,0.0,0.0,0.0,0.0,0.0,0.0,0.0,0.0,0.0,0.0
207,343410aa-0996-400e-b7d1-db95d7f32f95_ILT20,Madhav Tiwari,All-Rounder,DC,0.0,0.0,0.0,0.0,0.0,0.0,0.0,0.0,0.0,0.0,0.0,0.0,0.0,0.0,0.0,0.0,0.0,0.0
208,c4df5be2-bfc6-4469-8623-770cd1bfc2f5_IPL,Harshal Patel,All-Rounder,SRH,0.0,0.0,0.0,0.0,0.0,0.0,0.0,0.0,0.0,0.0,0.0,0.0,0.0,0.0,0.0,0.0,0.0,0.0
209,c4df5be2-bfc6-4469-8623-770cd1bfc2f5_T20I,Harshal Patel,All-Rounder,SRH,0.0,0.0,0.0,0.0,0.0,0.0,0.0,0.0,0.0,0.0,0.0,0.0,0.0,0.0,0.0,0.0,0.0,0.0
210,c4df5be2-bfc6-4469-8623-770cd1bfc2f5_ODI,Harshal Patel,All-Rounder,SRH,0.0,0.0,0.0,0.0,0.0,0.0,0.0,0.0,0.0,0.0,0.0,0.0,0.0,0.0,0.0,0.0,0.0,0.0
211,c4df5be2-bfc6-4469-8623-770cd1bfc2f5_STATE_T20,Harshal Patel,All-Rounder,SRH,0.0,0.0,0.0,0.0,0.0,0.0,0.0,0.0,0.0,0.0,0.0,0.0,0.0,0.0,0.0,0.0,0.0,0.0
212,c4df5be2-bfc6-4469-8623-770cd1bfc2f5_SMAT_ELITE,Harshal Patel,All-Rounder,SRH,0.0,0.0,0.0,0.0,0.0,0.0,0.0,0.0,0.0,0.0,0.0,0.0,0.0,0.0,0.0,0.0,0.0,0.0
213,c4df5be2-bfc6-4469-8623-770cd1bfc2f5_VIJAY_HAZARE,Harshal Patel,All-Rounder,SRH,0.0,0.0,0.0,0.0,0.0,0.0,0.0,0.0,0.0,0.0,0.0,0.0,0.0,0.0,0.0,0.0,0.0,0.0
214,c4df5be2-bfc6-4469-8623-770cd1bfc2f5_VINOO_MANKAD,Harshal Patel,All-Rounder,SRH,0.0,0.0,0.0,0.0,0.0,0.0,0.0,0.0,0.0,0.0,0.0,0.0,0.0,0.0,0.0,0.0,0.0,0.0
215,c4df5be2-bfc6-4469-8623-770cd1bfc2f5_DULEEP_TROPHY,Harshal Patel,All-Rounder,SRH,0.0,0.0,0.0,0.0,0.0,0.0,0.0,0.0,0.0,0.0,0.0,0.0,0.0,0.0,0.0,0.0,0.0,0.0
216,c4df5be2-bfc6-4469-8623-770cd1bfc2f5_RANJI_TROPHY,Harshal Patel,All-Rounder,SRH,0.0,0.0,0.0,0.0,0.0,0.0,0.0,0.0,0.0,0.0,0.0,0.0,0.0,0.0,0.0,0.0,0.0,0.0
217,c4df5be2-bfc6-4469-8623-770cd1bfc2f5_BBL,Harshal Patel,All-Rounder,SRH,0.0,0.0,0.0,0.0,0.0,0.0,0.0,0.0,0.0,0.0,0.0,0.0,0.0,0.0,0.0,0.0,0.0,0.0
218,c4df5be2-bfc6-4469-8623-770cd1bfc2f5_CPL,Harshal Patel,All-Rounder,SRH,0.0,0.0,0.0,0.0,0.0,0.0,0.0,0.0,0.0,0.0,0.0,0.0,0.0,0.0,0.0,0.0,0.0,0.0
219,c4df5be2-bfc6-4469-8623-770cd1bfc2f5_SA20,Harshal Patel,All-Rounder,SRH,0.0,0.0,0.0,0.0,0.0,0.0,0.0,0.0,0.0,0.0,0.0,0.0,0.0,0.0,0.0,0.0,0.0,0.0
220,c4df5be2-bfc6-4469-8623-770cd1bfc2f5_ILT20,Harshal Patel,All-Rounder,SRH,0.0,0.0,0.0,0.0,0.0,0.0,0.0,0.0,0.0,0.0,0.0,0.0,0.0,0.0,0.0,0.0,0.0,0.0
221,3b37b457-666a-4433-a77b-b16fab7a1aeb_IPL,Kamindu Mendis,All-Rounder,SRH,0.0,0.0,0.0,0.0,0.0,0.0,0.0,0.0,0.0,0.0,0.0,0.0,0.0,0.0,0.0,0.0,0.0,0.0
222,3b37b457-666a-4433-a77b-b16fab7a1aeb_T20I,Kamindu Mendis,All-Rounder,SRH,0.0,0.0,0.0,0.0,0.0,0.0,0.0,0.0,0.0,0.0,0.0,0.0,0.0,0.0,0.0,0.0,0.0,0.0
223,3b37b457-666a-4433-a77b-b16fab7a1aeb_ODI,Kamindu Mendis,All-Rounder,SRH,0.0,0.0,0.0,0.0,0.0,0.0,0.0,0.0,0.0,0.0,0.0,0.0,0.0,0.0,0.0,0.0,0.0,0.0
224,3b37b457-666a-4433-a77b-b16fab7a1aeb_STATE_T20,Kamindu Mendis,All-Rounder,SRH,0.0,0.0,0.0,0.0,0.0,0.0,0.0,0.0,0.0,0.0,0.0,0.0,0.0,0.0,0.0,0.0,0.0,0.0
225,3b37b457-666a-4433-a77b-b16fab7a1aeb_SMAT_ELITE,Kamindu Mendis,All-Rounder,SRH,0.0,0.0,0.0,0.0,0.0,0.0,0.0,0.0,0.0,0.0,0.0,0.0,0.0,0.0,0.0,0.0,0.0,0.0
226,3b37b457-666a-4433-a77b-b16fab7a1aeb_VIJAY_HAZARE,Kamindu Mendis,All-Rounder,SRH,0.0,0.0,0.0,0.0,0.0,0.0,0.0,0.0,0.0,0.0,0.0,0.0,0.0,0.0,0.0,0.0,0.0,0.0
227,3b37b457-666a-4433-a77b-b16fab7a1aeb_VINOO_MANKAD,Kamindu Mendis,All-Rounder,SRH,0.0,0.0,0.0,0.0,0.0,0.0,0.0,0.0,0.0,0.0,0.0,0.0,0.0,0.0,0.0,0.0,0.0,0.0
228,3b37b457-666a-4433-a77b-b16fab7a1aeb_DULEEP_TROPHY,Kamindu Mendis,All-Rounder,SRH,0.0,0.0,0.0,0.0,0.0,0.0,0.0,0.0,0.0,0.0,0.0,0.0,0.0,0.0,0.0,0.0,0.0,0.0
229,3b37b457-666a-4433-a77b-b16fab7a1aeb_RANJI_TROPHY,Kamindu Mendis,All-Rounder,SRH,0.0,0.0,0.0,0.0,0.0,0.0,0.0,0.0,0.0,0.0,0.0,0.0,0.0,0.0,0.0,0.0,0.0,0.0
230,3b37b457-666a-4433-a77b-b16fab7a1aeb_BBL,Kamindu Mendis,All-Rounder,SRH,0.0,0.0,0.0,0.0,0.0,0.0,0.0,0.0,0.0,0.0,0.0,0.0,0.0,0.0,0.0,0.0,0.0,0.0
231,3b37b457-666a-4433-a77b-b16fab7a1aeb_CPL,Kamindu Mendis,All-Rounder,SRH,0.0,0.0,0.0,0.0,0.0,0.0,0.0,0.0,0.0,0.0,0.0,0.0,0.0,0.0,0.0,0.0,0.0,0.0
232,3b37b457-666a-4433-a77b-b16fab7a1aeb_SA20,Kamindu Mendis,All-Rounder,SRH,0.0,0.0,0.0,0.0,0.0,0.0,0.0,0.0,0.0,0.0,0.0,0.0,0.0,0.0,0.0,0.0,0.0,0.0
233,3b37b457-666a-4433-a77b-b16fab7a1aeb_ILT20,Kamindu Mendis,All-Rounder,SRH,0.0,0.0,0.0,0.0,0.0,0.0,0.0,0.0,0.0,0.0,0.0,0.0,0.0,0.0,0.0,0.0,0.0,0.0
234,9ed9013b-7edb-4e72-8e78-9188ab979b49_IPL,Wiaan Mulder,All-Rounder,SRH,0.0,0.0,0.0,0.0,0.0,0.0,0.0,0.0,0.0,0.0,0.0,0.0,0.0,0.0,0.0,0.0,0.0,0.0
235,9ed9013b-7edb-4e72-8e78-9188ab979b49_T20I,Wiaan Mulder,All-Rounder,SRH,0.0,0.0,0.0,0.0,0.0,0.0,0.0,0.0,0.0,0.0,0.0,0.0,0.0,0.0,0.0,0.0,0.0,0.0
236,9ed9013b-7edb-4e72-8e78-9188ab979b49_ODI,Wiaan Mulder,All-Rounder,SRH,0.0,0.0,0.0,0.0,0.0,0.0,0.0,0.0,0.0,0.0,0.0,0.0,0.0,0.0,0.0,0.0,0.0,0.0
237,9ed9013b-7edb-4e72-8e78-9188ab979b49_STATE_T20,Wiaan Mulder,All-Rounder,SRH,0.0,0.0,0.0,0.0,0.0,0.0,0.0,0.0,0.0,0.0,0.0,0.0,0.0,0.0,0.0,0.0,0.0,0.0
238,9ed9013b-7edb-4e72-8e78-9188ab979b49_SMAT_ELITE,Wiaan Mulder,All-Rounder,SRH,0.0,0.0,0.0,0.0,0.0,0.0,0.0,0.0,0.0,0.0,0.0,0.0,0.0,0.0,0.0,0.0,0.0,0.0
239,9ed9013b-7edb-4e72-8e78-9188ab979b49_VIJAY_HAZARE,Wiaan Mulder,All-Rounder,SRH,0.0,0.0,0.0,0.0,0.0,0.0,0.0,0.0,0.0,0.0,0.0,0.0,0.0,0.0,0.0,0.0,0.0,0.0
240,9ed9013b-7edb-4e72-8e78-9188ab979b49_VINOO_MANKAD,Wiaan Mulder,All-Rounder,SRH,0.0,0.0,0.0,0.0,0.0,0.0,0.0,0.0,0.0,0.0,0.0,0.0,0.0,0.0,0.0,0.0,0.0,0.0
241,9ed9013b-7edb-4e72-8e78-9188ab979b49_DULEEP_TROPHY,Wiaan Mulder,All-Rounder,SRH,0.0,0.0,0.0,0.0,0.0,0.0,0.0,0.0,0.0,0.0,0.0,0.0,0.0,0.0,0.0,0.0,0.0,0.0
242,9ed9013b-7edb-4e72-8e78-9188ab979b49_RANJI_TROPHY,Wiaan Mulder,All-Rounder,SRH,0.0,0.0,0.0,0.0,0.0,0.0,0.0,0.0,0.0,0.0,0.0,0.0,0.0,0.0,0.0,0.0,0.0,0.0
243,9ed9013b-7edb-4e72-8e78-9188ab979b49_BBL,Wiaan Mulder,All-Rounder,SRH,0.0,0.0,0.0,0.0,0.0,0.0,0.0,0.0,0.0,0.0,0.0,0.0,0.0,0.0,0.0,0.0,0.0,0.0
244,9ed9013b-7edb-4e72-8e78-9188ab979b49_CPL,Wiaan Mulder,All-Rounder,SRH,0.0,0.0,0.0,0.0,0.0,0.0,0.0,0.0,0.0,0.0,0.0,0.0,0.0,0.0,0.0,0.0,0.0,0.0
245,9ed9013b-7edb-4e72-8e78-9188ab979b49_SA20,Wiaan Mulder,All-Rounder,SRH,0.0,0.0,0.0,0.0,0.0,0.0,0.0,0.0,0.0,0.0,0.0,0.0,0.0,0.0,0.0,0.0,0.0,0.0
246,9ed9013b-7edb-4e72-8e78-9188ab979b49_ILT20,Wiaan Mulder,All-Rounder,SRH,0.0,0.0,0.0,0.0,0.0,0.0,0.0,0.0,0.0,0.0,0.0,0.0,0.0,0.0,0.0,0.0,0.0,0.0
247,d1b1fe1f-a48a-4a26-99cb-dd6567c15fad_IPL,Harsh Dubey,All-Rounder,SRH,0.0,0.0,0.0,0.0,0.0,0.0,0.0,0.0,0.0,0.0,0.0,0.0,0.0,0.0,0.0,0.0,0.0,0.0
248,d1b1fe1f-a48a-4a26-99cb-dd6567c15fad_T20I,Harsh Dubey,All-Rounder,SRH,0.0,0.0,0.0,0.0,0.0,0.0,0.0,0.0,0.0,0.0,0.0,0.0,0.0,0.0,0.0,0.0,0.0,0.0
249,d1b1fe1f-a48a-4a26-99cb-dd6567c15fad_ODI,Harsh Dubey,All-Rounder,SRH,0.0,0.0,0.0,0.0,0.0,0.0,0.0,0.0,0.0,0.0,0.0,0.0,0.0,0.0,0.0,0.0,0.0,0.0
250,d1b1fe1f-a48a-4a26-99cb-dd6567c15fad_STATE_T20,Harsh Dubey,All-Rounder,SRH,0.0,0.0,0.0,0.0,0.0,0.0,0.0,0.0,0.0,0.0,0.0,0.0,0.0,0.0,0.0,0.0,0.0,0.0
251,d1b1fe1f-a48a-4a26-99cb-dd6567c15fad_SMAT_ELITE,Harsh Dubey,All-Rounder,SRH,0.0,0.0,0.0,0.0,0.0,0.0,0.0,0.0,0.0,0.0,0.0,0.0,0.0,0.0,0.0,0.0,0.0,0.0
252,d1b1fe1f-a48a-4a26-99cb-dd6567c15fad_VIJAY_HAZARE,Harsh Dubey,All-Rounder,SRH,0.0,0.0,0.0,0.0,0.0,0.0,0.0,0.0,0.0,0.0,0.0,0.0,0.0,0.0,0.0,0.0,0.0,0.0
253,d1b1fe1f-a48a-4a26-99cb-dd6567c15fad_VINOO_MANKAD,Harsh Dubey,All-Rounder,SRH,0.0,0.0,0.0,0.0,0.0,0.0,0.0,0.0,0.0,0.0,0.0,0.0,0.0,0.0,0.0,0.0,0.0,0.0
254,d1b1fe1f-a48a-4a26-99cb-dd6567c15fad_DULEEP_TROPHY,Harsh Dubey,All-Rounder,SRH,0.0,0.0,0.0,0.0,0.0,0.0,0.0,0.0,0.0,0.0,0.0,0.0,0.0,0.0,0.0,0.0,0.0,0.0
255,d1b1fe1f-a48a-4a26-99cb-dd6567c15fad_RANJI_TROPHY,Harsh Dubey,All-Rounder,SRH,0.0,0.0,0.0,0.0,0.0,0.0,0.0,0.0,0.0,0.0,0.0,0.0,0.0,0.0,0.0,0.0,0.0,0.0
256,d1b1fe1f-a48a-4a26-99cb-dd6567c15fad_BBL,Harsh Dubey,All-Rounder,SRH,0.0,0.0,0.0,0.0,0.0,0.0,0.0,0.0,0.0,0.0,0.0,0.0,0.0,0.0,0.0,0.0,0.0,0.0
257,d1b1fe1f-a48a-4a26-99cb-dd6567c15fad_CPL,Harsh Dubey,All-Rounder,SRH,0.0,0.0,0.0,0.0,0.0,0.0,0.0,0.0,0.0,0.0,0.0,0.0,0.0,0.0,0.0,0.0,0.0,0.0
258,d1b1fe1f-a48a-4a26-99cb-dd6567c15fad_SA20,Harsh Dubey,All-Rounder,SRH,0.0,0.0,0.0,0.0,0.0,0.0,0.0,0.0,0.0,0.0,0.0,0.0,0.0,0.0,0.0,0.0,0.0,0.0
259,d1b1fe1f-a48a-4a26-99cb-dd6567c15fad_ILT20,Harsh Dubey,All-Rounder,SRH,0.0,0.0,0.0,0.0,0.0,0.0,0.0,0.0,0.0,0.0,0.0,0.0,0.0,0.0,0.0,0.0,0.0,0.0
260,db3111f2-e1fb-48b7-ad44-358a5563c810_IPL,Abhishek Sharma,All-Rounder,SRH,0.0,0.0,0.0,0.0,0.0,0.0,0.0,0.0,0.0,0.0,0.0,0.0,0.0,0.0,0.0,0.0,0.0,0.0
261,db3111f2-e1fb-48b7-ad44-358a5563c810_T20I,Abhishek Sharma,All-Rounder,SRH,0.0,0.0,0.0,0.0,0.0,0.0,0.0,0.0,0.0,0.0,0.0,0.0,0.0,0.0,0.0,0.0,0.0,0.0
262,db3111f2-e1fb-48b7-ad44-358a5563c810_ODI,Abhishek Sharma,All-Rounder,SRH,0.0,0.0,0.0,0.0,0.0,0.0,0.0,0.0,0.0,0.0,0.0,0.0,0.0,0.0,0.0,0.0,0.0,0.0
263,db3111f2-e1fb-48b7-ad44-358a5563c810_STATE_T20,Abhishek Sharma,All-Rounder,SRH,0.0,0.0,0.0,0.0,0.0,0.0,0.0,0.0,0.0,0.0,0.0,0.0,0.0,0.0,0.0,0.0,0.0,0.0
264,db3111f2-e1fb-48b7-ad44-358a5563c810_SMAT_ELITE,Abhishek Sharma,All-Rounder,SRH,0.0,0.0,0.0,0.0,0.0,0.0,0.0,0.0,0.0,0.0,0.0,0.0,0.0,0.0,0.0,0.0,0.0,0.0
265,db3111f2-e1fb-48b7-ad44-358a5563c810_VIJAY_HAZARE,Abhishek Sharma,All-Rounder,SRH,0.0,0.0,0.0,0.0,0.0,0.0,0.0,0.0,0.0,0.0,0.0,0.0,0.0,0.0,0.0,0.0,0.0,0.0
266,db3111f2-e1fb-48b7-ad44-358a5563c810_VINOO_MANKAD,Abhishek Sharma,All-Rounder,SRH,0.0,0.0,0.0,0.0,0.0,0.0,0.0,0.0,0.0,0.0,0.0,0.0,0.0,0.0,0.0,0.0,0.0,0.0
267,db3111f2-e1fb-48b7-ad44-358a5563c810_DULEEP_TROPHY,Abhishek Sharma,All-Rounder,SRH,0.0,0.0,0.0,0.0,0.0,0.0,0.0,0.0,0.0,0.0,0.0,0.0,0.0,0.0,0.0,0.0,0.0,0.0
268,db3111f2-e1fb-48b7-ad44-358a5563c810_RANJI_TROPHY,Abhishek Sharma,All-Rounder,SRH,0.0,0.0,0.0,0.0,0.0,0.0,0.0,0.0,0.0,0.0,0.0,0.0,0.0,0.0,0.0,0.0,0.0,0.0
269,db3111f2-e1fb-48b7-ad44-358a5563c810_BBL,Abhishek Sharma,All-Rounder,SRH,0.0,0.0,0.0,0.0,0.0,0.0,0.0,0.0,0.0,0.0,0.0,0.0,0.0,0.0,0.0,0.0,0.0,0.0
270,db3111f2-e1fb-48b7-ad44-358a5563c810_CPL,Abhishek Sharma,All-Rounder,SRH,0.0,0.0,0.0,0.0,0.0,0.0,0.0,0.0,0.0,0.0,0.0,0.0,0.0,0.0,0.0,0.0,0.0,0.0
271,db3111f2-e1fb-48b7-ad44-358a5563c810_SA20,Abhishek Sharma,All-Rounder,SRH,0.0,0.0,0.0,0.0,0.0,0.0,0.0,0.0,0.0,0.0,0.0,0.0,0.0,0.0,0.0,0.0,0.0,0.0
272,db3111f2-e1fb-48b7-ad44-358a5563c810_ILT20,Abhishek Sharma,All-Rounder,SRH,0.0,0.0,0.0,0.0,0.0,0.0,0.0,0.0,0.0,0.0,0.0,0.0,0.0,0.0,0.0,0.0,0.0,0.0
273,f169d6b7-50e0-48ae-84ad-11065794ebc3_IPL,Nitish Kumar Reddy,All-Rounder,SRH,0.0,0.0,0.0,0.0,0.0,0.0,0.0,0.0,0.0,0.0,0.0,0.0,0.0,0.0,0.0,0.0,0.0,0.0
274,f169d6b7-50e0-48ae-84ad-11065794ebc3_T20I,Nitish Kumar Reddy,All-Rounder,SRH,0.0,0.0,0.0,0.0,0.0,0.0,0.0,0.0,0.0,0.0,0.0,0.0,0.0,0.0,0.0,0.0,0.0,0.0
275,f169d6b7-50e0-48ae-84ad-11065794ebc3_ODI,Nitish Kumar Reddy,All-Rounder,SRH,0.0,0.0,0.0,0.0,0.0,0.0,0.0,0.0,0.0,0.0,0.0,0.0,0.0,0.0,0.0,0.0,0.0,0.0
276,f169d6b7-50e0-48ae-84ad-11065794ebc3_STATE_T20,Nitish Kumar Reddy,All-Rounder,SRH,0.0,0.0,0.0,0.0,0.0,0.0,0.0,0.0,0.0,0.0,0.0,0.0,0.0,0.0,0.0,0.0,0.0,0.0
277,f169d6b7-50e0-48ae-84ad-11065794ebc3_SMAT_ELITE,Nitish Kumar Reddy,All-Rounder,SRH,0.0,0.0,0.0,0.0,0.0,0.0,0.0,0.0,0.0,0.0,0.0,0.0,0.0,0.0,0.0,0.0,0.0,0.0
278,f169d6b7-50e0-48ae-84ad-11065794ebc3_VIJAY_HAZARE,Nitish Kumar Reddy,All-Rounder,SRH,0.0,0.0,0.0,0.0,0.0,0.0,0.0,0.0,0.0,0.0,0.0,0.0,0.0,0.0,0.0,0.0,0.0,0.0
279,f169d6b7-50e0-48ae-84ad-11065794ebc3_VINOO_MANKAD,Nitish Kumar Reddy,All-Rounder,SRH,0.0,0.0,0.0,0.0,0.0,0.0,0.0,0.0,0.0,0.0,0.0,0.0,0.0,0.0,0.0,0.0,0.0,0.0
280,f169d6b7-50e0-48ae-84ad-11065794ebc3_DULEEP_TROPHY,Nitish Kumar Reddy,All-Rounder,SRH,0.0,0.0,0.0,0.0,0.0,0.0,0.0,0.0,0.0,0.0,0.0,0.0,0.0,0.0,0.0,0.0,0.0,0.0
281,f169d6b7-50e0-48ae-84ad-11065794ebc3_RANJI_TROPHY,Nitish Kumar Reddy,All-Rounder,SRH,0.0,0.0,0.0,0.0,0.0,0.0,0.0,0.0,0.0,0.0,0.0,0.0,0.0,0.0,0.0,0.0,0.0,0.0
282,f169d6b7-50e0-48ae-84ad-11065794ebc3_BBL,Nitish Kumar Reddy,All-Rounder,SRH,0.0,0.0,0.0,0.0,0.0,0.0,0.0,0.0,0.0,0.0,0.0,0.0,0.0,0.0,0.0,0.0,0.0,0.0
283,f169d6b7-50e0-48ae-84ad-11065794ebc3_CPL,Nitish Kumar Reddy,All-Rounder,SRH,0.0,0.0,0.0,0.0,0.0,0.0,0.0,0.0,0.0,0.0,0.0,0.0,0.0,0.0,0.0,0.0,0.0,0.0
284,f169d6b7-50e0-48ae-84ad-11065794ebc3_SA20,Nitish Kumar Reddy,All-Rounder,SRH,0.0,0.0,0.0,0.0,0.0,0.0,0.0,0.0,0.0,0.0,0.0,0.0,0.0,0.0,0.0,0.0,0.0,0.0
285,f169d6b7-50e0-48ae-84ad-11065794ebc3_ILT20,Nitish Kumar Reddy,All-Rounder,SRH,0.0,0.0,0.0,0.0,0.0,0.0,0.0,0.0,0.0,0.0,0.0,0.0,0.0,0.0,0.0,0.0,0.0,0.0
286,83263e2a-8fc7-4dfe-b360-7fd1baf0c09a_IPL,Pat Cummins,Bowler,SRH,0.0,0.0,0.0,0.0,0.0,0.0,0.0,0.0,0.0,0.0,0.0,0.0,0.0,0.0,0.0,0.0,0.0,0.0
287,83263e2a-8fc7-4dfe-b360-7fd1baf0c09a_T20I,Pat Cummins,Bowler,SRH,0.0,0.0,0.0,0.0,0.0,0.0,0.0,0.0,0.0,0.0,0.0,0.0,0.0,0.0,0.0,0.0,0.0,0.0
288,83263e2a-8fc7-4dfe-b360-7fd1baf0c09a_ODI,Pat Cummins,Bowler,SRH,0.0,0.0,0.0,0.0,0.0,0.0,0.0,0.0,0.0,0.0,0.0,0.0,0.0,0.0,0.0,0.0,0.0,0.0
289,83263e2a-8fc7-4dfe-b360-7fd1baf0c09a_STATE_T20,Pat Cummins,Bowler,SRH,0.0,0.0,0.0,0.0,0.0,0.0,0.0,0.0,0.0,0.0,0.0,0.0,0.0,0.0,0.0,0.0,0.0,0.0
290,83263e2a-8fc7-4dfe-b360-7fd1baf0c09a_SMAT_ELITE,Pat Cummins,Bowler,SRH,0.0,0.0,0.0,0.0,0.0,0.0,0.0,0.0,0.0,0.0,0.0,0.0,0.0,0.0,0.0,0.0,0.0,0.0
291,83263e2a-8fc7-4dfe-b360-7fd1baf0c09a_VIJAY_HAZARE,Pat Cummins,Bowler,SRH,0.0,0.0,0.0,0.0,0.0,0.0,0.0,0.0,0.0,0.0,0.0,0.0,0.0,0.0,0.0,0.0,0.0,0.0
292,83263e2a-8fc7-4dfe-b360-7fd1baf0c09a_VINOO_MANKAD,Pat Cummins,Bowler,SRH,0.0,0.0,0.0,0.0,0.0,0.0,0.0,0.0,0.0,0.0,0.0,0.0,0.0,0.0,0.0,0.0,0.0,0.0
293,83263e2a-8fc7-4dfe-b360-7fd1baf0c09a_DULEEP_TROPHY,Pat Cummins,Bowler,SRH,0.0,0.0,0.0,0.0,0.0,0.0,0.0,0.0,0.0,0.0,0.0,0.0,0.0,0.0,0.0,0.0,0.0,0.0
294,83263e2a-8fc7-4dfe-b360-7fd1baf0c09a_RANJI_TROPHY,Pat Cummins,Bowler,SRH,0.0,0.0,0.0,0.0,0.0,0.0,0.0,0.0,0.0,0.0,0.0,0.0,0.0,0.0,0.0,0.0,0.0,0.0
295,83263e2a-8fc7-4dfe-b360-7fd1baf0c09a_BBL,Pat Cummins,Bowler,SRH,0.0,0.0,0.0,0.0,0.0,0.0,0.0,0.0,0.0,0.0,0.0,0.0,0.0,0.0,0.0,0.0,0.0,0.0
296,83263e2a-8fc7-4dfe-b360-7fd1baf0c09a_CPL,Pat Cummins,Bowler,SRH,0.0,0.0,0.0,0.0,0.0,0.0,0.0,0.0,0.0,0.0,0.0,0.0,0.0,0.0,0.0,0.0,0.0,0.0
297,83263e2a-8fc7-4dfe-b360-7fd1baf0c09a_SA20,Pat Cummins,Bowler,SRH,0.0,0.0,0.0,0.0,0.0,0.0,0.0,0.0,0.0,0.0,0.0,0.0,0.0,0.0,0.0,0.0,0.0,0.0
298,83263e2a-8fc7-4dfe-b360-7fd1baf0c09a_ILT20,Pat Cummins,Bowler,SRH,0.0,0.0,0.0,0.0,0.0,0.0,0.0,0.0,0.0,0.0,0.0,0.0,0.0,0.0,0.0,0.0,0.0,0.0
299,ecf50fa2-0a16-41cd-8532-7aafab97b2f9_IPL,Mohammad Shami,Bowler,SRH,0.0,0.0,0.0,0.0,0.0,0.0,0.0,0.0,0.0,0.0,0.0,0.0,0.0,0.0,0.0,0.0,0.0,0.0
300,ecf50fa2-0a16-41cd-8532-7aafab97b2f9_T20I,Mohammad Shami,Bowler,SRH,0.0,0.0,0.0,0.0,0.0,0.0,0.0,0.0,0.0,0.0,0.0,0.0,0.0,0.0,0.0,0.0,0.0,0.0
301,ecf50fa2-0a16-41cd-8532-7aafab97b2f9_ODI,Mohammad Shami,Bowler,SRH,0.0,0.0,0.0,0.0,0.0,0.0,0.0,0.0,0.0,0.0,0.0,0.0,0.0,0.0,0.0,0.0,0.0,0.0
302,ecf50fa2-0a16-41cd-8532-7aafab97b2f9_STATE_T20,Mohammad Shami,Bowler,SRH,0.0,0.0,0.0,0.0,0.0,0.0,0.0,0.0,0.0,0.0,0.0,0.0,0.0,0.0,0.0,0.0,0.0,0.0
303,ecf50fa2-0a16-41cd-8532-7aafab97b2f9_SMAT_ELITE,Mohammad Shami,Bowler,SRH,0.0,0.0,0.0,0.0,0.0,0.0,0.0,0.0,0.0,0.0,0.0,0.0,0.0,0.0,0.0,0.0,0.0,0.0
304,ecf50fa2-0a16-41cd-8532-7aafab97b2f9_VIJAY_HAZARE,Mohammad Shami,Bowler,SRH,0.0,0.0,0.0,0.0,0.0,0.0,0.0,0.0,0.0,0.0,0.0,0.0,0.0,0.0,0.0,0.0,0.0,0.0
305,ecf50fa2-0a16-41cd-8532-7aafab97b2f9_VINOO_MANKAD,Mohammad Shami,Bowler,SRH,0.0,0.0,0.0,0.0,0.0,0.0,0.0,0.0,0.0,0.0,0.0,0.0,0.0,0.0,0.0,0.0,0.0,0.0
306,ecf50fa2-0a16-41cd-8532-7aafab97b2f9_DULEEP_TROPHY,Mohammad Shami,Bowler,SRH,0.0,0.0,0.0,0.0,0.0,0.0,0.0,0.0,0.0,0.0,0.0,0.0,0.0,0.0,0.0,0.0,0.0,0.0
307,ecf50fa2-0a16-41cd-8532-7aafab97b2f9_RANJI_TROPHY,Mohammad Shami,Bowler,SRH,0.0,0.0,0.0,0.0,0.0,0.0,0.0,0.0,0.0,0.0,0.0,0.0,0.0,0.0,0.0,0.0,0.0,0.0
308,ecf50fa2-0a16-41cd-8532-7aafab97b2f9_BBL,Mohammad Shami,Bowler,SRH,0.0,0.0,0.0,0.0,0.0,0.0,0.0,0.0,0.0,0.0,0.0,0.0,0.0,0.0,0.0,0.0,0.0,0.0
309,ecf50fa2-0a16-41cd-8532-7aafab97b2f9_CPL,Mohammad Shami,Bowler,SRH,0.0,0.0,0.0,0.0,0.0,0.0,0.0,0.0,0.0,0.0,0.0,0.0,0.0,0.0,0.0,0.0,0.0,0.0
310,ecf50fa2-0a16-41cd-8532-7aafab97b2f9_SA20,Mohammad Shami,Bowler,SRH,0.0,0.0,0.0,0.0,0.0,0.0,0.0,0.0,0.0,0.0,0.0,0.0,0.0,0.0,0.0,0.0,0.0,0.0
311,ecf50fa2-0a16-41cd-8532-7aafab97b2f9_ILT20,Mohammad Shami,Bowler,SRH,0.0,0.0,0.0,0.0,0.0,0.0,0.0,0.0,0.0,0.0,0.0,0.0,0.0,0.0,0.0,0.0,0.0,0.0
312,482e866c-fc20-49b8-8c9e-30bc5a4de9a6_IPL,Rahul Chahar,Bowler,SRH,0.0,0.0,0.0,0.0,0.0,0.0,0.0,0.0,0.0,0.0,0.0,0.0,0.0,0.0,0.0,0.0,0.0,0.0
313,482e866c-fc20-49b8-8c9e-30bc5a4de9a6_T20I,Rahul Chahar,Bowler,SRH,0.0,0.0,0.0,0.0,0.0,0.0,0.0,0.0,0.0,0.0,0.0,0.0,0.0,0.0,0.0,0.0,0.0,0.0
314,482e866c-fc20-49b8-8c9e-30bc5a4de9a6_ODI,Rahul Chahar,Bowler,SRH,0.0,0.0,0.0,0.0,0.0,0.0,0.0,0.0,0.0,0.0,0.0,0.0,0.0,0.0,0.0,0.0,0.0,0.0
315,482e866c-fc20-49b8-8c9e-30bc5a4de9a6_STATE_T20,Rahul Chahar,Bowler,SRH,0.0,0.0,0.0,0.0,0.0,0.0,0.0,0.0,0.0,0.0,0.0,0.0,0.0,0.0,0.0,0.0,0.0,0.0
316,482e866c-fc20-49b8-8c9e-30bc5a4de9a6_SMAT_ELITE,Rahul Chahar,Bowler,SRH,0.0,0.0,0.0,0.0,0.0,0.0,0.0,0.0,0.0,0.0,0.0,0.0,0.0,0.0,0.0,0.0,0.0,0.0
317,482e866c-fc20-49b8-8c9e-30bc5a4de9a6_VIJAY_HAZARE,Rahul Chahar,Bowler,SRH,0.0,0.0,0.0,0.0,0.0,0.0,0.0,0.0,0.0,0.0,0.0,0.0,0.0,0.0,0.0,0.0,0.0,0.0
318,482e866c-fc20-49b8-8c9e-30bc5a4de9a6_VINOO_MANKAD,Rahul Chahar,Bowler,SRH,0.0,0.0,0.0,0.0,0.0,0.0,0.0,0.0,0.0,0.0,0.0,0.0,0.0,0.0,0.0,0.0,0.0,0.0
319,482e866c-fc20-49b8-8c9e-30bc5a4de9a6_DULEEP_TROPHY,Rahul Chahar,Bowler,SRH,0.0,0.0,0.0,0.0,0.0,0.0,0.0,0.0,0.0,0.0,0.0,0.0,0.0,0.0,0.0,0.0,0.0,0.0
320,482e866c-fc20-49b8-8c9e-30bc5a4de9a6_RANJI_TROPHY,Rahul Chahar,Bowler,SRH,0.0,0.0,0.0,0.0,0.0,0.0,0.0,0.0,0.0,0.0,0.0,0.0,0.0,0.0,0.0,0.0,0.0,0.0
321,482e866c-fc20-49b8-8c9e-30bc5a4de9a6_BBL,Rahul Chahar,Bowler,SRH,0.0,0.0,0.0,0.0,0.0,0.0,0.0,0.0,0.0,0.0,0.0,0.0,0.0,0.0,0.0,0.0,0.0,0.0
322,482e866c-fc20-49b8-8c9e-30bc5a4de9a6_CPL,Rahul Chahar,Bowler,SRH,0.0,0.0,0.0,0.0,0.0,0.0,0.0,0.0,0.0,0.0,0.0,0.0,0.0,0.0,0.0,0.0,0.0,0.0
323,482e866c-fc20-49b8-8c9e-30bc5a4de9a6_SA20,Rahul Chahar,Bowler,SRH,0.0,0.0,0.0,0.0,0.0,0.0,0.0,0.0,0.0,0.0,0.0,0.0,0.0,0.0,0.0,0.0,0.0,0.0
324,482e866c-fc20-49b8-8c9e-30bc5a4de9a6_ILT20,Rahul Chahar,Bowler,SRH,0.0,0.0,0.0,0.0,0.0,0.0,0.0,0.0,0.0,0.0,0.0,0.0,0.0,0.0,0.0,0.0,0.0,0.0
325,9cc221f2-33a1-4a94-9675-7fce4f30c68f_IPL,Simarjeet Singh,Bowler,SRH,0.0,0.0,0.0,0.0,0.0,0.0,0.0,0.0,0.0,0.0,0.0,0.0,0.0,0.0,0.0,0.0,0.0,0.0
326,9cc221f2-33a1-4a94-9675-7fce4f30c68f_T20I,Simarjeet Singh,Bowler,SRH,0.0,0.0,0.0,0.0,0.0,0.0,0.0,0.0,0.0,0.0,0.0,0.0,0.0,0.0,0.0,0.0,0.0,0.0
327,9cc221f2-33a1-4a94-9675-7fce4f30c68f_ODI,Simarjeet Singh,Bowler,SRH,0.0,0.0,0.0,0.0,0.0,0.0,0.0,0.0,0.0,0.0,0.0,0.0,0.0,0.0,0.0,0.0,0.0,0.0
328,9cc221f2-33a1-4a94-9675-7fce4f30c68f_STATE_T20,Simarjeet Singh,Bowler,SRH,0.0,0.0,0.0,0.0,0.0,0.0,0.0,0.0,0.0,0.0,0.0,0.0,0.0,0.0,0.0,0.0,0.0,0.0
329,9cc221f2-33a1-4a94-9675-7fce4f30c68f_SMAT_ELITE,Simarjeet Singh,Bowler,SRH,0.0,0.0,0.0,0.0,0.0,0.0,0.0,0.0,0.0,0.0,0.0,0.0,0.0,0.0,0.0,0.0,0.0,0.0
330,9cc221f2-33a1-4a94-9675-7fce4f30c68f_VIJAY_HAZARE,Simarjeet Singh,Bowler,SRH,0.0,0.0,0.0,0.0,0.0,0.0,0.0,0.0,0.0,0.0,0.0,0.0,0.0,0.0,0.0,0.0,0.0,0.0
331,9cc221f2-33a1-4a94-9675-7fce4f30c68f_VINOO_MANKAD,Simarjeet Singh,Bowler,SRH,0.0,0.0,0.0,0.0,0.0,0.0,0.0,0.0,0.0,0.0,0.0,0.0,0.0,0.0,0.0,0.0,0.0,0.0
332,9cc221f2-33a1-4a94-9675-7fce4f30c68f_DULEEP_TROPHY,Simarjeet Singh,Bowler,SRH,0.0,0.0,0.0,0.0,0.0,0.0,0.0,0.0,0.0,0.0,0.0,0.0,0.0,0.0,0.0,0.0,0.0,0.0
333,9cc221f2-33a1-4a94-9675-7fce4f30c68f_RANJI_TROPHY,Simarjeet Singh,Bowler,SRH,0.0,0.0,0.0,0.0,0.0,0.0,0.0,0.0,0.0,0.0,0.0,0.0,0.0,0.0,0.0,0.0,0.0,0.0
334,9cc221f2-33a1-4a94-9675-7fce4f30c68f_BBL,Simarjeet Singh,Bowler,SRH,0.0,0.0,0.0,0.0,0.0,0.0,0.0,0.0,0.0,0.0,0.0,0.0,0.0,0.0,0.0,0.0,0.0,0.0
335,9cc221f2-33a1-4a94-9675-7fce4f30c68f_CPL,Simarjeet Singh,Bowler,SRH,0.0,0.0,0.0,0.0,0.0,0.0,0.0,0.0,0.0,0.0,0.0,0.0,0.0,0.0,0.0,0.0,0.0,0.0
336,9cc221f2-33a1-4a94-9675-7fce4f30c68f_SA20,Simarjeet Singh,Bowler,SRH,0.0,0.0,0.0,0.0,0.0,0.0,0.0,0.0,0.0,0.0,0.0,0.0,0.0,0.0,0.0,0.0,0.0,0.0
337,9cc221f2-33a1-4a94-9675-7fce4f30c68f_ILT20,Simarjeet Singh,Bowler,SRH,0.0,0.0,0.0,0.0,0.0,0.0,0.0,0.0,0.0,0.0,0.0,0.0,0.0,0.0,0.0,0.0,0.0,0.0
338,e149f345-726d-4a5d-90f7-00d8b54284df_IPL,Zeeshan Ansari,Bowler,SRH,0.0,0.0,0.0,0.0,0.0,0.0,0.0,0.0,0.0,0.0,0.0,0.0,0.0,0.0,0.0,0.0,0.0,0.0
339,e149f345-726d-4a5d-90f7-00d8b54284df_T20I,Zeeshan Ansari,Bowler,SRH,0.0,0.0,0.0,0.0,0.0,0.0,0.0,0.0,0.0,0.0,0.0,0.0,0.0,0.0,0.0,0.0,0.0,0.0
340,e149f345-726d-4a5d-90f7-00d8b54284df_ODI,Zeeshan Ansari,Bowler,SRH,0.0,0.0,0.0,0.0,0.0,0.0,0.0,0.0,0.0,0.0,0.0,0.0,0.0,0.0,0.0,0.0,0.0,0.0
341,e149f345-726d-4a5d-90f7-00d8b54284df_STATE_T20,Zeeshan Ansari,Bowler,SRH,0.0,0.0,0.0,0.0,0.0,0.0,0.0,0.0,0.0,0.0,0.0,0.0,0.0,0.0,0.0,0.0,0.0,0.0
342,e149f345-726d-4a5d-90f7-00d8b54284df_SMAT_ELITE,Zeeshan Ansari,Bowler,SRH,0.0,0.0,0.0,0.0,0.0,0.0,0.0,0.0,0.0,0.0,0.0,0.0,0.0,0.0,0.0,0.0,0.0,0.0
343,e149f345-726d-4a5d-90f7-00d8b54284df_VIJAY_HAZARE,Zeeshan Ansari,Bowler,SRH,0.0,0.0,0.0,0.0,0.0,0.0,0.0,0.0,0.0,0.0,0.0,0.0,0.0,0.0,0.0,0.0,0.0,0.0
344,e149f345-726d-4a5d-90f7-00d8b54284df_VINOO_MANKAD,Zeeshan Ansari,Bowler,SRH,0.0,0.0,0.0,0.0,0.0,0.0,0.0,0.0,0.0,0.0,0.0,0.0,0.0,0.0,0.0,0.0,0.0,0.0
345,e149f345-726d-4a5d-90f7-00d8b54284df_DULEEP_TROPHY,Zeeshan Ansari,Bowler,SRH,0.0,0.0,0.0,0.0,0.0,0.0,0.0,0.0,0.0,0.0,0.0,0.0,0.0,0.0,0.0,0.0,0.0,0.0
346,e149f345-726d-4a5d-90f7-00d8b54284df_RANJI_TROPHY,Zeeshan Ansari,Bowler,SRH,0.0,0.0,0.0,0.0,0.0,0.0,0.0,0.0,0.0,0.0,0.0,0.0,0.0,0.0,0.0,0.0,0.0,0.0
347,e149f345-726d-4a5d-90f7-00d8b54284df_BBL,Zeeshan Ansari,Bowler,SRH,0.0,0.0,0.0,0.0,0.0,0.0,0.0,0.0,0.0,0.0,0.0,0.0,0.0,0.0,0.0,0.0,0.0,0.0
348,e149f345-726d-4a5d-90f7-00d8b54284df_CPL,Zeeshan Ansari,Bowler,SRH,0.0,0.0,0.0,0.0,0.0,0.0,0.0,0.0,0.0,0.0,0.0,0.0,0.0,0.0,0.0,0.0,0.0,0.0
349,e149f345-726d-4a5d-90f7-00d8b54284df_SA20,Zeeshan Ansari,Bowler,SRH,0.0,0.0,0.0,0.0,0.0,0.0,0.0,0.0,0.0,0.0,0.0,0.0,0.0,0.0,0.0,0.0,0.0,0.0
350,e149f345-726d-4a5d-90f7-00d8b54284df_ILT20,Zeeshan Ansari,Bowler,SRH,0.0,0.0,0.0,0.0,0.0,0.0,0.0,0.0,0.0,0.0,0.0,0.0,0.0,0.0,0.0,0.0,0.0,0.0
351,dd744128-c449-4a57-97b9-b92a2a5d2b12_IPL,Jaydev Unadkat,Bowler,SRH,0.0,0.0,0.0,0.0,0.0,0.0,0.0,0.0,0.0,0.0,0.0,0.0,0.0,0.0,0.0,0.0,0.0,0.0
352,dd744128-c449-4a57-97b9-b92a2a5d2b12_T20I,Jaydev Unadkat,Bowler,SRH,0.0,0.0,0.0,0.0,0.0,0.0,0.0,0.0,0.0,0.0,0.0,0.0,0.0,0.0,0.0,0.0,0.0,0.0
353,dd744128-c449-4a57-97b9-b92a2a5d2b12_ODI,Jaydev Unadkat,Bowler,SRH,0.0,0.0,0.0,0.0,0.0,0.0,0.0,0.0,0.0,0.0,0.0,0.0,0.0,0.0,0.0,0.0,0.0,0.0
354,dd744128-c449-4a57-97b9-b92a2a5d2b12_STATE_T20,Jaydev Unadkat,Bowler,SRH,0.0,0.0,0.0,0.0,0.0,0.0,0.0,0.0,0.0,0.0,0.0,0.0,0.0,0.0,0.0,0.0,0.0,0.0
355,dd744128-c449-4a57-97b9-b92a2a5d2b12_SMAT_ELITE,Jaydev Unadkat,Bowler,SRH,0.0,0.0,0.0,0.0,0.0,0.0,0.0,0.0,0.0,0.0,0.0,0.0,0.0,0.0,0.0,0.0,0.0,0.0
356,dd744128-c449-4a57-97b9-b92a2a5d2b12_VIJAY_HAZARE,Jaydev Unadkat,Bowler,SRH,0.0,0.0,0.0,0.0,0.0,0.0,0.0,0.0,0.0,0.0,0.0,0.0,0.0,0.0,0.0,0.0,0.0,0.0
357,dd744128-c449-4a57-97b9-b92a2a5d2b12_VINOO_MANKAD,Jaydev Unadkat,Bowler,SRH,0.0,0.0,0.0,0.0,0.0,0.0,0.0,0.0,0.0,0.0,0.0,0.0,0.0,0.0,0.0,0.0,0.0,0.0
358,dd744128-c449-4a57-97b9-b92a2a5d2b12_DULEEP_TROPHY,Jaydev Unadkat,Bowler,SRH,0.0,0.0,0.0,0.0,0.0,0.0,0.0,0.0,0.0,0.0,0.0,0.0,0.0,0.0,0.0,0.0,0.0,0.0
359,dd744128-c449-4a57-97b9-b92a2a5d2b12_RANJI_TROPHY,Jaydev Unadkat,Bowler,SRH,0.0,0.0,0.0,0.0,0.0,0.0,0.0,0.0,0.0,0.0,0.0,0.0,0.0,0.0,0.0,0.0,0.0,0.0
360,dd744128-c449-4a57-97b9-b92a2a5d2b12_BBL,Jaydev Unadkat,Bowler,SRH,0.0,0.0,0.0,0.0,0.0,0.0,0.0,0.0,0.0,0.0,0.0,0.0,0.0,0.0,0.0,0.0,0.0,0.0
361,dd744128-c449-4a57-97b9-b92a2a5d2b12_CPL,Jaydev Unadkat,Bowler,SRH,0.0,0.0,0.0,0.0,0.0,0.0,0.0,0.0,0.0,0.0,0.0,0.0,0.0,0.0,0.0,0.0,0.0,0.0
362,dd744128-c449-4a57-97b9-b92a2a5d2b12_SA20,Jaydev Unadkat,Bowler,SRH,0.0,0.0,0.0,0.0,0.0,0.0,0.0,0.0,0.0,0.0,0.0,0.0,0.0,0.0,0.0,0.0,0.0,0.0
363,dd744128-c449-4a57-97b9-b92a2a5d2b12_ILT20,Jaydev Unadkat,Bowler,SRH,0.0,0.0,0.0,0.0,0.0,0.0,0.0,0.0,0.0,0.0,0.0,0.0,0.0,0.0,0.0,0.0,0.0,0.0
364,0257dd23-79eb-4021-b07d-f5d3a1482682_IPL,Eshan Malinga,Bowler,SRH,0.0,0.0,0.0,0.0,0.0,0.0,0.0,0.0,0.0,0.0,0.0,0.0,0.0,0.0,0.0,0.0,0.0,0.0
365,0257dd23-79eb-4021-b07d-f5d3a1482682_T20I,Eshan Malinga,Bowler,SRH,0.0,0.0,0.0,0.0,0.0,0.0,0.0,0.0,0.0,0.0,0.0,0.0,0.0,0.0,0.0,0.0,0.0,0.0
366,0257dd23-79eb-4021-b07d-f5d3a1482682_ODI,Eshan Malinga,Bowler,SRH,0.0,0.0,0.0,0.0,0.0,0.0,0.0,0.0,0.0,0.0,0.0,0.0,0.0,0.0,0.0,0.0,0.0,0.0
367,0257dd23-79eb-4021-b07d-f5d3a1482682_STATE_T20,Eshan Malinga,Bowler,SRH,0.0,0.0,0.0,0.0,0.0,0.0,0.0,0.0,0.0,0.0,0.0,0.0,0.0,0.0,0.0,0.0,0.0,0.0
368,0257dd23-79eb-4021-b07d-f5d3a1482682_SMAT_ELITE,Eshan Malinga,Bowler,SRH,0.0,0.0,0.0,0.0,0.0,0.0,0.0,0.0,0.0,0.0,0.0,0.0,0.0,0.0,0.0,0.0,0.0,0.0
369,0257dd23-79eb-4021-b07d-f5d3a1482682_VIJAY_HAZARE,Eshan Malinga,Bowler,SRH,0.0,0.0,0.0,0.0,0.0,0.0,0.0,0.0,0.0,0.0,0.0,0.0,0.0,0.0,0.0,0.0,0.0,0.0
370,0257dd23-79eb-4021-b07d-f5d3a1482682_VINOO_MANKAD,Eshan Malinga,Bowler,SRH,0.0,0.0,0.0,0.0,0.0,0.0,0.0,0.0,0.0,0.0,0.0,0.0,0.0,0.0,0.0,0.0,0.0,0.0
371,0257dd23-79eb-4021-b07d-f5d3a1482682_DULEEP_TROPHY,Eshan Malinga,Bowler,SRH,0.0,0.0,0.0,0.0,0.0,0.0,0.0,0.0,0.0,0.0,0.0,0.0,0.0,0.0,0.0,0.0,0.0,0.0
372,0257dd23-79eb-4021-b07d-f5d3a1482682_RANJI_TROPHY,Eshan Malinga,Bowler,SRH,0.0,0.0,0.0,0.0,0.0,0.0,0.0,0.0,0.0,0.0,0.0,0.0,0.0,0.0,0.0,0.0,0.0,0.0
373,0257dd23-79eb-4021-b07d-f5d3a1482682_BBL,Eshan Malinga,Bowler,SRH,0.0,0.0,0.0,0.0,0.0,0.0,0.0,0.0,0.0,0.0,0.0,0.0,0.0,0.0,0.0,0.0,0.0,0.0
374,0257dd23-79eb-4021-b07d-f5d3a1482682_CPL,Eshan Malinga,Bowler,SRH,0.0,0.0,0.0,0.0,0.0,0.0,0.0,0.0,0.0,0.0,0.0,0.0,0.0,0.0,0.0,0.0,0.0,0.0
375,0257dd23-79eb-4021-b07d-f5d3a1482682_SA20,Eshan Malinga,Bowler,SRH,0.0,0.0,0.0,0.0,0.0,0.0,0.0,0.0,0.0,0.0,0.0,0.0,0.0,0.0,0.0,0.0,0.0,0.0
376,0257dd23-79eb-4021-b07d-f5d3a1482682_ILT20,Eshan Malinga,Bowler,SRH,0.0,0.0,0.0,0.0,0.0,0.0,0.0,0.0,0.0,0.0,0.0,0.0,0.0,0.0,0.0,0.0,0.0,0.0
377,bfc9ca38-e522-4bfa-8063-cdd4915f0288_IPL,Avesh Khan,Bowler,LSG,0.0,0.0,0.0,0.0,0.0,0.0,0.0,0.0,0.0,0.0,0.0,0.0,0.0,0.0,0.0,0.0,0.0,0.0
378,bfc9ca38-e522-4bfa-8063-cdd4915f0288_T20I,Avesh Khan,Bowler,LSG,0.0,0.0,0.0,0.0,0.0,0.0,0.0,0.0,0.0,0.0,0.0,0.0,0.0,0.0,0.0,0.0,0.0,0.0
379,bfc9ca38-e522-4bfa-8063-cdd4915f0288_ODI,Avesh Khan,Bowler,LSG,0.0,0.0,0.0,0.0,0.0,0.0,0.0,0.0,0.0,0.0,0.0,0.0,0.0,0.0,0.0,0.0,0.0,0.0
380,bfc9ca38-e522-4bfa-8063-cdd4915f0288_STATE_T20,Avesh Khan,Bowler,LSG,0.0,0.0,0.0,0.0,0.0,0.0,0.0,0.0,0.0,0.0,0.0,0.0,0.0,0.0,0.0,0.0,0.0,0.0
381,bfc9ca38-e522-4bfa-8063-cdd4915f0288_SMAT_ELITE,Avesh Khan,Bowler,LSG,0.0,0.0,0.0,0.0,0.0,0.0,0.0,0.0,0.0,0.0,0.0,0.0,0.0,0.0,0.0,0.0,0.0,0.0
382,bfc9ca38-e522-4bfa-8063-cdd4915f0288_VIJAY_HAZARE,Avesh Khan,Bowler,LSG,0.0,0.0,0.0,0.0,0.0,0.0,0.0,0.0,0.0,0.0,0.0,0.0,0.0,0.0,0.0,0.0,0.0,0.0
383,bfc9ca38-e522-4bfa-8063-cdd4915f0288_VINOO_MANKAD,Avesh Khan,Bowler,LSG,0.0,0.0,0.0,0.0,0.0,0.0,0.0,0.0,0.0,0.0,0.0,0.0,0.0,0.0,0.0,0.0,0.0,0.0
384,bfc9ca38-e522-4bfa-8063-cdd4915f0288_DULEEP_TROPHY,Avesh Khan,Bowler,LSG,0.0,0.0,0.0,0.0,0.0,0.0,0.0,0.0,0.0,0.0,0.0,0.0,0.0,0.0,0.0,0.0,0.0,0.0
385,bfc9ca38-e522-4bfa-8063-cdd4915f0288_RANJI_TROPHY,Avesh Khan,Bowler,LSG,0.0,0.0,0.0,0.0,0.0,0.0,0.0,0.0,0.0,0.0,0.0,0.0,0.0,0.0,0.0,0.0,0.0,0.0
386,bfc9ca38-e522-4bfa-8063-cdd4915f0288_BBL,Avesh Khan,Bowler,LSG,0.0,0.0,0.0,0.0,0.0,0.0,0.0,0.0,0.0,0.0,0.0,0.0,0.0,0.0,0.0,0.0,0.0,0.0
387,bfc9ca38-e522-4bfa-8063-cdd4915f0288_CPL,Avesh Khan,Bowler,LSG,0.0,0.0,0.0,0.0,0.0,0.0,0.0,0.0,0.0,0.0,0.0,0.0,0.0,0.0,0.0,0.0,0.0,0.0
388,bfc9ca38-e522-4bfa-8063-cdd4915f0288_SA20,Avesh Khan,Bowler,LSG,0.0,0.0,0.0,0.0,0.0,0.0,0.0,0.0,0.0,0.0,0.0,0.0,0.0,0.0,0.0,0.0,0.0,0.0
389,bfc9ca38-e522-4bfa-8063-cdd4915f0288_ILT20,Avesh Khan,Bowler,LSG,0.0,0.0,0.0,0.0,0.0,0.0,0.0,0.0,0.0,0.0,0.0,0.0,0.0,0.0,0.0,0.0,0.0,0.0
390,28da7b38-c946-4a4b-a3d0-0fde995e97c6_IPL,Akash Deep,Bowler,LSG,0.0,0.0,0.0,0.0,0.0,0.0,0.0,0.0,0.0,0.0,0.0,0.0,0.0,0.0,0.0,0.0,0.0,0.0
391,28da7b38-c946-4a4b-a3d0-0fde995e97c6_T20I,Akash Deep,Bowler,LSG,0.0,0.0,0.0,0.0,0.0,0.0,0.0,0.0,0.0,0.0,0.0,0.0,0.0,0.0,0.0,0.0,0.0,0.0
392,28da7b38-c946-4a4b-a3d0-0fde995e97c6_ODI,Akash Deep,Bowler,LSG,0.0,0.0,0.0,0.0,0.0,0.0,0.0,0.0,0.0,0.0,0.0,0.0,0.0,0.0,0.0,0.0,0.0,0.0
393,28da7b38-c946-4a4b-a3d0-0fde995e97c6_STATE_T20,Akash Deep,Bowler,LSG,0.0,0.0,0.0,0.0,0.0,0.0,0.0,0.0,0.0,0.0,0.0,0.0,0.0,0.0,0.0,0.0,0.0,0.0
394,28da7b38-c946-4a4b-a3d0-0fde995e97c6_SMAT_ELITE,Akash Deep,Bowler,LSG,0.0,0.0,0.0,0.0,0.0,0.0,0.0,0.0,0.0,0.0,0.0,0.0,0.0,0.0,0.0,0.0,0.0,0.0
395,28da7b38-c946-4a4b-a3d0-0fde995e97c6_VIJAY_HAZARE,Akash Deep,Bowler,LSG,0.0,0.0,0.0,0.0,0.0,0.0,0.0,0.0,0.0,0.0,0.0,0.0,0.0,0.0,0.0,0.0,0.0,0.0
396,28da7b38-c946-4a4b-a3d0-0fde995e97c6_VINOO_MANKAD,Akash Deep,Bowler,LSG,0.0,0.0,0.0,0.0,0.0,0.0,0.0,0.0,0.0,0.0,0.0,0.0,0.0,0.0,0.0,0.0,0.0,0.0
397,28da7b38-c946-4a4b-a3d0-0fde995e97c6_DULEEP_TROPHY,Akash Deep,Bowler,LSG,0.0,0.0,0.0,0.0,0.0,0.0,0.0,0.0,0.0,0.0,0.0,0.0,0.0,0.0,0.0,0.0,0.0,0.0
398,28da7b38-c946-4a4b-a3d0-0fde995e97c6_RANJI_TROPHY,Akash Deep,Bowler,LSG,0.0,0.0,0.0,0.0,0.0,0.0,0.0,0.0,0.0,0.0,0.0,0.0,0.0,0.0,0.0,0.0,0.0,0.0
399,28da7b38-c946-4a4b-a3d0-0fde995e97c6_BBL,Akash Deep,Bowler,LSG,0.0,0.0,0.0,0.0,0.0,0.0,0.0,0.0,0.0,0.0,0.0,0.0,0.0,0.0,0.0,0.0,0.0,0.0
400,28da7b38-c946-4a4b-a3d0-0fde995e97c6_CPL,Akash Deep,Bowler,LSG,0.0,0.0,0.0,0.0,0.0,0.0,0.0,0.0,0.0,0.0,0.0,0.0,0.0,0.0,0.0,0.0,0.0,0.0
401,28da7b38-c946-4a4b-a3d0-0fde995e97c6_SA20,Akash Deep,Bowler,LSG,0.0,0.0,0.0,0.0,0.0,0.0,0.0,0.0,0.0,0.0,0.0,0.0,0.0,0.0,0.0,0.0,0.0,0.0
402,28da7b38-c946-4a4b-a3d0-0fde995e97c6_ILT20,Akash Deep,Bowler,LSG,0.0,0.0,0.0,0.0,0.0,0.0,0.0,0.0,0.0,0.0,0.0,0.0,0.0,0.0,0.0,0.0,0.0,0.0
403,76d0f450-25ae-4a93-bd1d-e89f453cf439_IPL,M. Siddharth,Bowler,LSG,0.0,0.0,0.0,0.0,0.0,0.0,0.0,0.0,0.0,0.0,0.0,0.0,0.0,0.0,0.0,0.0,0.0,0.0
404,76d0f450-25ae-4a93-bd1d-e89f453cf439_T20I,M. Siddharth,Bowler,LSG,0.0,0.0,0.0,0.0,0.0,0.0,0.0,0.0,0.0,0.0,0.0,0.0,0.0,0.0,0.0,0.0,0.0,0.0
405,76d0f450-25ae-4a93-bd1d-e89f453cf439_ODI,M. Siddharth,Bowler,LSG,0.0,0.0,0.0,0.0,0.0,0.0,0.0,0.0,0.0,0.0,0.0,0.0,0.0,0.0,0.0,0.0,0.0,0.0
406,76d0f450-25ae-4a93-bd1d-e89f453cf439_STATE_T20,M. Siddharth,Bowler,LSG,0.0,0.0,0.0,0.0,0.0,0.0,0.0,0.0,0.0,0.0,0.0,0.0,0.0,0.0,0.0,0.0,0.0,0.0
407,76d0f450-25ae-4a93-bd1d-e89f453cf439_SMAT_ELITE,M. Siddharth,Bowler,LSG,0.0,0.0,0.0,0.0,0.0,0.0,0.0,0.0,0.0,0.0,0.0,0.0,0.0,0.0,0.0,0.0,0.0,0.0
408,76d0f450-25ae-4a93-bd1d-e89f453cf439_VIJAY_HAZARE,M. Siddharth,Bowler,LSG,0.0,0.0,0.0,0.0,0.0,0.0,0.0,0.0,0.0,0.0,0.0,0.0,0.0,0.0,0.0,0.0,0.0,0.0
409,76d0f450-25ae-4a93-bd1d-e89f453cf439_VINOO_MANKAD,M. Siddharth,Bowler,LSG,0.0,0.0,0.0,0.0,0.0,0.0,0.0,0.0,0.0,0.0,0.0,0.0,0.0,0.0,0.0,0.0,0.0,0.0
410,76d0f450-25ae-4a93-bd1d-e89f453cf439_DULEEP_TROPHY,M. Siddharth,Bowler,LSG,0.0,0.0,0.0,0.0,0.0,0.0,0.0,0.0,0.0,0.0,0.0,0.0,0.0,0.0,0.0,0.0,0.0,0.0
411,76d0f450-25ae-4a93-bd1d-e89f453cf439_RANJI_TROPHY,M. Siddharth,Bowler,LSG,0.0,0.0,0.0,0.0,0.0,0.0,0.0,0.0,0.0,0.0,0.0,0.0,0.0,0.0,0.0,0.0,0.0,0.0
412,76d0f450-25ae-4a93-bd1d-e89f453cf439_BBL,M. Siddharth,Bowler,LSG,0.0,0.0,0.0,0.0,0.0,0.0,0.0,0.0,0.0,0.0,0.0,0.0,0.0,0.0,0.0,0.0,0.0,0.0
413,76d0f450-25ae-4a93-bd1d-e89f453cf439_CPL,M. Siddharth,Bowler,LSG,0.0,0.0,0.0,0.0,0.0,0.0,0.0,0.0,0.0,0.0,0.0,0.0,0.0,0.0,0.0,0.0,0.0,0.0
414,76d0f450-25ae-4a93-bd1d-e89f453cf439_SA20,M. Siddharth,Bowler,LSG,0.0,0.0,0.0,0.0,0.0,0.0,0.0,0.0,0.0,0.0,0.0,0.0,0.0,0.0,0.0,0.0,0.0,0.0
415,76d0f450-25ae-4a93-bd1d-e89f453cf439_ILT20,M. Siddharth,Bowler,LSG,0.0,0.0,0.0,0.0,0.0,0.0,0.0,0.0,0.0,0.0,0.0,0.0,0.0,0.0,0.0,0.0,0.0,0.0
416,08930b11-5b63-4979-bc4b-228d883ff002_IPL,Digvesh Singh,Bowler,LSG,0.0,0.0,0.0,0.0,0.0,0.0,0.0,0.0,0.0,0.0,0.0,0.0,0.0,0.0,0.0,0.0,0.0,0.0
417,08930b11-5b63-4979-bc4b-228d883ff002_T20I,Digvesh Singh,Bowler,LSG,0.0,0.0,0.0,0.0,0.0,0.0,0.0,0.0,0.0,0.0,0.0,0.0,0.0,0.0,0.0,0.0,0.0,0.0
418,08930b11-5b63-4979-bc4b-228d883ff002_ODI,Digvesh Singh,Bowler,LSG,0.0,0.0,0.0,0.0,0.0,0.0,0.0,0.0,0.0,0.0,0.0,0.0,0.0,0.0,0.0,0.0,0.0,0.0
419,08930b11-5b63-4979-bc4b-228d883ff002_STATE_T20,Digvesh Singh,Bowler,LSG,0.0,0.0,0.0,0.0,0.0,0.0,0.0,0.0,0.0,0.0,0.0,0.0,0.0,0.0,0.0,0.0,0.0,0.0
420,08930b11-5b63-4979-bc4b-228d883ff002_SMAT_ELITE,Digvesh Singh,Bowler,LSG,0.0,0.0,0.0,0.0,0.0,0.0,0.0,0.0,0.0,0.0,0.0,0.0,0.0,0.0,0.0,0.0,0.0,0.0
421,08930b11-5b63-4979-bc4b-228d883ff002_VIJAY_HAZARE,Digvesh Singh,Bowler,LSG,0.0,0.0,0.0,0.0,0.0,0.0,0.0,0.0,0.0,0.0,0.0,0.0,0.0,0.0,0.0,0.0,0.0,0.0
422,08930b11-5b63-4979-bc4b-228d883ff002_VINOO_MANKAD,Digvesh Singh,Bowler,LSG,0.0,0.0,0.0,0.0,0.0,0.0,0.0,0.0,0.0,0.0,0.0,0.0,0.0,0.0,0.0,0.0,0.0,0.0
423,08930b11-5b63-4979-bc4b-228d883ff002_DULEEP_TROPHY,Digvesh Singh,Bowler,LSG,0.0,0.0,0.0,0.0,0.0,0.0,0.0,0.0,0.0,0.0,0.0,0.0,0.0,0.0,0.0,0.0,0.0,0.0
424,08930b11-5b63-4979-bc4b-228d883ff002_RANJI_TROPHY,Digvesh Singh,Bowler,LSG,0.0,0.0,0.0,0.0,0.0,0.0,0.0,0.0,0.0,0.0,0.0,0.0,0.0,0.0,0.0,0.0,0.0,0.0
425,08930b11-5b63-4979-bc4b-228d883ff002_BBL,Digvesh Singh,Bowler,LSG,0.0,0.0,0.0,0.0,0.0,0.0,0.0,0.0,0.0,0.0,0.0,0.0,0.0,0.0,0.0,0.0,0.0,0.0
426,08930b11-5b63-4979-bc4b-228d883ff002_CPL,Digvesh Singh,Bowler,LSG,0.0,0.0,0.0,0.0,0.0,0.0,0.0,0.0,0.0,0.0,0.0,0.0,0.0,0.0,0.0,0.0,0.0,0.0
427,08930b11-5b63-4979-bc4b-228d883ff002_SA20,Digvesh Singh,Bowler,LSG,0.0,0.0,0.0,0.0,0.0,0.0,0.0,0.0,0.0,0.0,0.0,0.0,0.0,0.0,0.0,0.0,0.0,0.0
428,08930b11-5b63-4979-bc4b-228d883ff002_ILT20,Digvesh Singh,Bowler,LSG,0.0,0.0,0.0,0.0,0.0,0.0,0.0,0.0,0.0,0.0,0.0,0.0,0.0,0.0,0.0,0.0,0.0,0.0
429,eedf21c4-b4c1-4889-8d55-4eb0528b2184_IPL,Akash Singh,Bowler,LSG,0.0,0.0,0.0,0.0,0.0,0.0,0.0,0.0,0.0,0.0,0.0,0.0,0.0,0.0,0.0,0.0,0.0,0.0
430,eedf21c4-b4c1-4889-8d55-4eb0528b2184_T20I,Akash Singh,Bowler,LSG,0.0,0.0,0.0,0.0,0.0,0.0,0.0,0.0,0.0,0.0,0.0,0.0,0.0,0.0,0.0,0.0,0.0,0.0
431,eedf21c4-b4c1-4889-8d55-4eb0528b2184_ODI,Akash Singh,Bowler,LSG,0.0,0.0,0.0,0.0,0.0,0.0,0.0,0.0,0.0,0.0,0.0,0.0,0.0,0.0,0.0,0.0,0.0,0.0
432,eedf21c4-b4c1-4889-8d55-4eb0528b2184_STATE_T20,Akash Singh,Bowler,LSG,0.0,0.0,0.0,0.0,0.0,0.0,0.0,0.0,0.0,0.0,0.0,0.0,0.0,0.0,0.0,0.0,0.0,0.0
433,eedf21c4-b4c1-4889-8d55-4eb0528b2184_SMAT_ELITE,Akash Singh,Bowler,LSG,0.0,0.0,0.0,0.0,0.0,0.0,0.0,0.0,0.0,0.0,0.0,0.0,0.0,0.0,0.0,0.0,0.0,0.0
434,eedf21c4-b4c1-4889-8d55-4eb0528b2184_VIJAY_HAZARE,Akash Singh,Bowler,LSG,0.0,0.0,0.0,0.0,0.0,0.0,0.0,0.0,0.0,0.0,0.0,0.0,0.0,0.0,0.0,0.0,0.0,0.0
435,eedf21c4-b4c1-4889-8d55-4eb0528b2184_VINOO_MANKAD,Akash Singh,Bowler,LSG,0.0,0.0,0.0,0.0,0.0,0.0,0.0,0.0,0.0,0.0,0.0,0.0,0.0,0.0,0.0,0.0,0.0,0.0
436,eedf21c4-b4c1-4889-8d55-4eb0528b2184_DULEEP_TROPHY,Akash Singh,Bowler,LSG,0.0,0.0,0.0,0.0,0.0,0.0,0.0,0.0,0.0,0.0,0.0,0.0,0.0,0.0,0.0,0.0,0.0,0.0
437,eedf21c4-b4c1-4889-8d55-4eb0528b2184_RANJI_TROPHY,Akash Singh,Bowler,LSG,0.0,0.0,0.0,0.0,0.0,0.0,0.0,0.0,0.0,0.0,0.0,0.0,0.0,0.0,0.0,0.0,0.0,0.0
438,eedf21c4-b4c1-4889-8d55-4eb0528b2184_BBL,Akash Singh,Bowler,LSG,0.0,0.0,0.0,0.0,0.0,0.0,0.0,0.0,0.0,0.0,0.0,0.0,0.0,0.0,0.0,0.0,0.0,0.0
439,eedf21c4-b4c1-4889-8d55-4eb0528b2184_CPL,Akash Singh,Bowler,LSG,0.0,0.0,0.0,0.0,0.0,0.0,0.0,0.0,0.0,0.0,0.0,0.0,0.0,0.0,0.0,0.0,0.0,0.0
440,eedf21c4-b4c1-4889-8d55-4eb0528b2184_SA20,Akash Singh,Bowler,LSG,0.0,0.0,0.0,0.0,0.0,0.0,0.0,0.0,0.0,0.0,0.0,0.0,0.0,0.0,0.0,0.0,0.0,0.0
441,eedf21c4-b4c1-4889-8d55-4eb0528b2184_ILT20,Akash Singh,Bowler,LSG,0.0,0.0,0.0,0.0,0.0,0.0,0.0,0.0,0.0,0.0,0.0,0.0,0.0,0.0,0.0,0.0,0.0,0.0
442,114ef1d6-216f-406a-adc9-a148a42c3bd5_IPL,Shamar Joseph,Bowler,LSG,0.0,0.0,0.0,0.0,0.0,0.0,0.0,0.0,0.0,0.0,0.0,0.0,0.0,0.0,0.0,0.0,0.0,0.0
443,114ef1d6-216f-406a-adc9-a148a42c3bd5_T20I,Shamar Joseph,Bowler,LSG,0.0,0.0,0.0,0.0,0.0,0.0,0.0,0.0,0.0,0.0,0.0,0.0,0.0,0.0,0.0,0.0,0.0,0.0
444,114ef1d6-216f-406a-adc9-a148a42c3bd5_ODI,Shamar Joseph,Bowler,LSG,0.0,0.0,0.0,0.0,0.0,0.0,0.0,0.0,0.0,0.0,0.0,0.0,0.0,0.0,0.0,0.0,0.0,0.0
445,114ef1d6-216f-406a-adc9-a148a42c3bd5_STATE_T20,Shamar Joseph,Bowler,LSG,0.0,0.0,0.0,0.0,0.0,0.0,0.0,0.0,0.0,0.0,0.0,0.0,0.0,0.0,0.0,0.0,0.0,0.0
446,114ef1d6-216f-406a-adc9-a148a42c3bd5_SMAT_ELITE,Shamar Joseph,Bowler,LSG,0.0,0.0,0.0,0.0,0.0,0.0,0.0,0.0,0.0,0.0,0.0,0.0,0.0,0.0,0.0,0.0,0.0,0.0
447,114ef1d6-216f-406a-adc9-a148a42c3bd5_VIJAY_HAZARE,Shamar Joseph,Bowler,LSG,0.0,0.0,0.0,0.0,0.0,0.0,0.0,0.0,0.0,0.0,0.0,0.0,0.0,0.0,0.0,0.0,0.0,0.0
448,114ef1d6-216f-406a-adc9-a148a42c3bd5_VINOO_MANKAD,Shamar Joseph,Bowler,LSG,0.0,0.0,0.0,0.0,0.0,0.0,0.0,0.0,0.0,0.0,0.0,0.0,0.0,0.0,0.0,0.0,0.0,0.0
449,114ef1d6-216f-406a-adc9-a148a42c3bd5_DULEEP_TROPHY,Shamar Joseph,Bowler,LSG,0.0,0.0,0.0,0.0,0.0,0.0,0.0,0.0,0.0,0.0,0.0,0.0,0.0,0.0,0.0,0.0,0.0,0.0
450,114ef1d6-216f-406a-adc9-a148a42c3bd5_RANJI_TROPHY,Shamar Joseph,Bowler,LSG,0.0,0.0,0.0,0.0,0.0,0.0,0.0,0.0,0.0,0.0,0.0,0.0,0.0,0.0,0.0,0.0,0.0,0.0
451,114ef1d6-216f-406a-adc9-a148a42c3bd5_BBL,Shamar Joseph,Bowler,LSG,0.0,0.0,0.0,0.0,0.0,0.0,0.0,0.0,0.0,0.0,0.0,0.0,0.0,0.0,0.0,0.0,0.0,0.0
452,114ef1d6-216f-406a-adc9-a148a42c3bd5_CPL,Shamar Joseph,Bowler,LSG,0.0,0.0,0.0,0.0,0.0,0.0,0.0,0.0,0.0,0.0,0.0,0.0,0.0,0.0,0.0,0.0,0.0,0.0
453,114ef1d6-216f-406a-adc9-a148a42c3bd5_SA20,Shamar Joseph,Bowler,LSG,0.0,0.0,0.0,0.0,0.0,0.0,0.0,0.0,0.0,0.0,0.0,0.0,0.0,0.0,0.0,0.0,0.0,0.0
454,114ef1d6-216f-406a-adc9-a148a42c3bd5_ILT20,Shamar Joseph,Bowler,LSG,0.0,0.0,0.0,0.0,0.0,0.0,0.0,0.0,0.0,0.0,0.0,0.0,0.0,0.0,0.0,0.0,0.0,0.0
455,9a9c3c6e-1bc7-4407-a9c1-57bc4633494d_IPL,Prince Yadav,Bowler,LSG,0.0,0.0,0.0,0.0,0.0,0.0,0.0,0.0,0.0,0.0,0.0,0.0,0.0,0.0,0.0,0.0,0.0,0.0
456,9a9c3c6e-1bc7-4407-a9c1-57bc4633494d_T20I,Prince Yadav,Bowler,LSG,0.0,0.0,0.0,0.0,0.0,0.0,0.0,0.0,0.0,0.0,0.0,0.0,0.0,0.0,0.0,0.0,0.0,0.0
457,9a9c3c6e-1bc7-4407-a9c1-57bc4633494d_ODI,Prince Yadav,Bowler,LSG,0.0,0.0,0.0,0.0,0.0,0.0,0.0,0.0,0.0,0.0,0.0,0.0,0.0,0.0,0.0,0.0,0.0,0.0
458,9a9c3c6e-1bc7-4407-a9c1-57bc4633494d_STATE_T20,Prince Yadav,Bowler,LSG,0.0,0.0,0.0,0.0,0.0,0.0,0.0,0.0,0.0,0.0,0.0,0.0,0.0,0.0,0.0,0.0,0.0,0.0
459,9a9c3c6e-1bc7-4407-a9c1-57bc4633494d_SMAT_ELITE,Prince Yadav,Bowler,LSG,0.0,0.0,0.0,0.0,0.0,0.0,0.0,0.0,0.0,0.0,0.0,0.0,0.0,0.0,0.0,0.0,0.0,0.0
460,9a9c3c6e-1bc7-4407-a9c1-57bc4633494d_VIJAY_HAZARE,Prince Yadav,Bowler,LSG,0.0,0.0,0.0,0.0,0.0,0.0,0.0,0.0,0.0,0.0,0.0,0.0,0.0,0.0,0.0,0.0,0.0,0.0
461,9a9c3c6e-1bc7-4407-a9c1-57bc4633494d_VINOO_MANKAD,Prince Yadav,Bowler,LSG,0.0,0.0,0.0,0.0,0.0,0.0,0.0,0.0,0.0,0.0,0.0,0.0,0.0,0.0,0.0,0.0,0.0,0.0
462,9a9c3c6e-1bc7-4407-a9c1-57bc4633494d_DULEEP_TROPHY,Prince Yadav,Bowler,LSG,0.0,0.0,0.0,0.0,0.0,0.0,0.0,0.0,0.0,0.0,0.0,0.0,0.0,0.0,0.0,0.0,0.0,0.0
463,9a9c3c6e-1bc7-4407-a9c1-57bc4633494d_RANJI_TROPHY,Prince Yadav,Bowler,LSG,0.0,0.0,0.0,0.0,0.0,0.0,0.0,0.0,0.0,0.0,0.0,0.0,0.0,0.0,0.0,0.0,0.0,0.0
464,9a9c3c6e-1bc7-4407-a9c1-57bc4633494d_BBL,Prince Yadav,Bowler,LSG,0.0,0.0,0.0,0.0,0.0,0.0,0.0,0.0,0.0,0.0,0.0,0.0,0.0,0.0,0.0,0.0,0.0,0.0
465,9a9c3c6e-1bc7-4407-a9c1-57bc4633494d_CPL,Prince Yadav,Bowler,LSG,0.0,0.0,0.0,0.0,0.0,0.0,0.0,0.0,0.0,0.0,0.0,0.0,0.0,0.0,0.0,0.0,0.0,0.0
466,9a9c3c6e-1bc7-4407-a9c1-57bc4633494d_SA20,Prince Yadav,Bowler,LSG,0.0,0.0,0.0,0.0,0.0,0.0,0.0,0.0,0.0,0.0,0.0,0.0,0.0,0.0,0.0,0.0,0.0,0.0
467,9a9c3c6e-1bc7-4407-a9c1-57bc4633494d_ILT20,Prince Yadav,Bowler,LSG,0.0,0.0,0.0,0.0,0.0,0.0,0.0,0.0,0.0,0.0,0.0,0.0,0.0,0.0,0.0,0.0,0.0,0.0
468,d4512786-67a4-44ba-931d-fe733ec0e5ff_IPL,William O’Rourke,Bowler,LSG,0.0,0.0,0.0,0.0,0.0,0.0,0.0,0.0,0.0,0.0,0.0,0.0,0.0,0.0,0.0,0.0,0.0,0.0
469,d4512786-67a4-44ba-931d-fe733ec0e5ff_T20I,William O’Rourke,Bowler,LSG,0.0,0.0,0.0,0.0,0.0,0.0,0.0,0.0,0.0,0.0,0.0,0.0,0.0,0.0,0.0,0.0,0.0,0.0
470,d4512786-67a4-44ba-931d-fe733ec0e5ff_ODI,William O’Rourke,Bowler,LSG,0.0,0.0,0.0,0.0,0.0,0.0,0.0,0.0,0.0,0.0,0.0,0.0,0.0,0.0,0.0,0.0,0.0,0.0
471,d4512786-67a4-44ba-931d-fe733ec0e5ff_STATE_T20,William O’Rourke,Bowler,LSG,0.0,0.0,0.0,0.0,0.0,0.0,0.0,0.0,0.0,0.0,0.0,0.0,0.0,0.0,0.0,0.0,0.0,0.0
472,d4512786-67a4-44ba-931d-fe733ec0e5ff_SMAT_ELITE,William O’Rourke,Bowler,LSG,0.0,0.0,0.0,0.0,0.0,0.0,0.0,0.0,0.0,0.0,0.0,0.0,0.0,0.0,0.0,0.0,0.0,0.0
473,d4512786-67a4-44ba-931d-fe733ec0e5ff_VIJAY_HAZARE,William O’Rourke,Bowler,LSG,0.0,0.0,0.0,0.0,0.0,0.0,0.0,0.0,0.0,0.0,0.0,0.0,0.0,0.0,0.0,0.0,0.0,0.0
474,d4512786-67a4-44ba-931d-fe733ec0e5ff_VINOO_MANKAD,William O’Rourke,Bowler,LSG,0.0,0.0,0.0,0.0,0.0,0.0,0.0,0.0,0.0,0.0,0.0,0.0,0.0,0.0,0.0,0.0,0.0,0.0
475,d4512786-67a4-44ba-931d-fe733ec0e5ff_DULEEP_TROPHY,William O’Rourke,Bowler,LSG,0.0,0.0,0.0,0.0,0.0,0.0,0.0,0.0,0.0,0.0,0.0,0.0,0.0,0.0,0.0,0.0,0.0,0.0
476,d4512786-67a4-44ba-931d-fe733ec0e5ff_RANJI_TROPHY,William O’Rourke,Bowler,LSG,0.0,0.0,0.0,0.0,0.0,0.0,0.0,0.0,0.0,0.0,0.0,0.0,0.0,0.0,0.0,0.0,0.0,0.0
477,d4512786-67a4-44ba-931d-fe733ec0e5ff_BBL,William O’Rourke,Bowler,LSG,0.0,0.0,0.0,0.0,0.0,0.0,0.0,0.0,0.0,0.0,0.0,0.0,0.0,0.0,0.0,0.0,0.0,0.0
478,d4512786-67a4-44ba-931d-fe733ec0e5ff_CPL,William O’Rourke,Bowler,LSG,0.0,0.0,0.0,0.0,0.0,0.0,0.0,0.0,0.0,0.0,0.0,0.0,0.0,0.0,0.0,0.0,0.0,0.0
479,d4512786-67a4-44ba-931d-fe733ec0e5ff_SA20,William O’Rourke,Bowler,LSG,0.0,0.0,0.0,0.0,0.0,0.0,0.0,0.0,0.0,0.0,0.0,0.0,0.0,0.0,0.0,0.0,0.0,0.0
480,d4512786-67a4-44ba-931d-fe733ec0e5ff_ILT20,William O’Rourke,Bowler,LSG,0.0,0.0,0.0,0.0,0.0,0.0,0.0,0.0,0.0,0.0,0.0,0.0,0.0,0.0,0.0,0.0,0.0,0.0
481,3d80ab64-ba44-41db-aac2-2a7ea80ae260_IPL,Ravi Bishnoi,Bowler,LSG,0.0,0.0,0.0,0.0,0.0,0.0,0.0,0.0,0.0,0.0,0.0,0.0,0.0,0.0,0.0,0.0,0.0,0.0
482,3d80ab64-ba44-41db-aac2-2a7ea80ae260_T20I,Ravi Bishnoi,Bowler,LSG,0.0,0.0,0.0,0.0,0.0,0.0,0.0,0.0,0.0,0.0,0.0,0.0,0.0,0.0,0.0,0.0,0.0,0.0
483,3d80ab64-ba44-41db-aac2-2a7ea80ae260_ODI,Ravi Bishnoi,Bowler,LSG,0.0,0.0,0.0,0.0,0.0,0.0,0.0,0.0,0.0,0.0,0.0,0.0,0.0,0.0,0.0,0.0,0.0,0.0
484,3d80ab64-ba44-41db-aac2-2a7ea80ae260_STATE_T20,Ravi Bishnoi,Bowler,LSG,0.0,0.0,0.0,0.0,0.0,0.0,0.0,0.0,0.0,0.0,0.0,0.0,0.0,0.0,0.0,0.0,0.0,0.0
485,3d80ab64-ba44-41db-aac2-2a7ea80ae260_SMAT_ELITE,Ravi Bishnoi,Bowler,LSG,0.0,0.0,0.0,0.0,0.0,0.0,0.0,0.0,0.0,0.0,0.0,0.0,0.0,0.0,0.0,0.0,0.0,0.0
486,3d80ab64-ba44-41db-aac2-2a7ea80ae260_VIJAY_HAZARE,Ravi Bishnoi,Bowler,LSG,0.0,0.0,0.0,0.0,0.0,0.0,0.0,0.0,0.0,0.0,0.0,0.0,0.0,0.0,0.0,0.0,0.0,0.0
487,3d80ab64-ba44-41db-aac2-2a7ea80ae260_VINOO_MANKAD,Ravi Bishnoi,Bowler,LSG,0.0,0.0,0.0,0.0,0.0,0.0,0.0,0.0,0.0,0.0,0.0,0.0,0.0,0.0,0.0,0.0,0.0,0.0
488,3d80ab64-ba44-41db-aac2-2a7ea80ae260_DULEEP_TROPHY,Ravi Bishnoi,Bowler,LSG,0.0,0.0,0.0,0.0,0.0,0.0,0.0,0.0,0.0,0.0,0.0,0.0,0.0,0.0,0.0,0.0,0.0,0.0
489,3d80ab64-ba44-41db-aac2-2a7ea80ae260_RANJI_TROPHY,Ravi Bishnoi,Bowler,LSG,0.0,0.0,0.0,0.0,0.0,0.0,0.0,0.0,0.0,0.0,0.0,0.0,0.0,0.0,0.0,0.0,0.0,0.0
490,3d80ab64-ba44-41db-aac2-2a7ea80ae260_BBL,Ravi Bishnoi,Bowler,LSG,0.0,0.0,0.0,0.0,0.0,0.0,0.0,0.0,0.0,0.0,0.0,0.0,0.0,0.0,0.0,0.0,0.0,0.0
491,3d80ab64-ba44-41db-aac2-2a7ea80ae260_CPL,Ravi Bishnoi,Bowler,LSG,0.0,0.0,0.0,0.0,0.0,0.0,0.0,0.0,0.0,0.0,0.0,0.0,0.0,0.0,0.0,0.0,0.0,0.0
492,3d80ab64-ba44-41db-aac2-2a7ea80ae260_SA20,Ravi Bishnoi,Bowler,LSG,0.0,0.0,0.0,0.0,0.0,0.0,0.0,0.0,0.0,0.0,0.0,0.0,0.0,0.0,0.0,0.0,0.0,0.0
493,3d80ab64-ba44-41db-aac2-2a7ea80ae260_ILT20,Ravi Bishnoi,Bowler,LSG,0.0,0.0,0.0,0.0,0.0,0.0,0.0,0.0,0.0,0.0,0.0,0.0,0.0,0.0,0.0,0.0,0.0,0.0
494,1bd46243-0206-4dd3-93e3-7e0eb8eb13c1_IPL,Mitchell Marsh,All-Rounder,LSG,0.0,0.0,0.0,0.0,0.0,0.0,0.0,0.0,0.0,0.0,0.0,0.0,0.0,0.0,0.0,0.0,0.0,0.0
495,1bd46243-0206-4dd3-93e3-7e0eb8eb13c1_T20I,Mitchell Marsh,All-Rounder,LSG,0.0,0.0,0.0,0.0,0.0,0.0,0.0,0.0,0.0,0.0,0.0,0.0,0.0,0.0,0.0,0.0,0.0,0.0
496,1bd46243-0206-4dd3-93e3-7e0eb8eb13c1_ODI,Mitchell Marsh,All-Rounder,LSG,0.0,0.0,0.0,0.0,0.0,0.0,0.0,0.0,0.0,0.0,0.0,0.0,0.0,0.0,0.0,0.0,0.0,0.0
497,1bd46243-0206-4dd3-93e3-7e0eb8eb13c1_STATE_T20,Mitchell Marsh,All-Rounder,LSG,0.0,0.0,0.0,0.0,0.0,0.0,0.0,0.0,0.0,0.0,0.0,0.0,0.0,0.0,0.0,0.0,0.0,0.0
498,1bd46243-0206-4dd3-93e3-7e0eb8eb13c1_SMAT_ELITE,Mitchell Marsh,All-Rounder,LSG,0.0,0.0,0.0,0.0,0.0,0.0,0.0,0.0,0.0,0.0,0.0,0.0,0.0,0.0,0.0,0.0,0.0,0.0
499,1bd46243-0206-4dd3-93e3-7e0eb8eb13c1_VIJAY_HAZARE,Mitchell Marsh,All-Rounder,LSG,0.0,0.0,0.0,0.0,0.0,0.0,0.0,0.0,0.0,0.0,0.0,0.0,0.0,0.0,0.0,0.0,0.0,0.0
500,1bd46243-0206-4dd3-93e3-7e0eb8eb13c1_VINOO_MANKAD,Mitchell Marsh,All-Rounder,LSG,0.0,0.0,0.0,0.0,0.0,0.0,0.0,0.0,0.0,0.0,0.0,0.0,0.0,0.0,0.0,0.0,0.0,0.0
501,1bd46243-0206-4dd3-93e3-7e0eb8eb13c1_DULEEP_TROPHY,Mitchell Marsh,All-Rounder,LSG,0.0,0.0,0.0,0.0,0.0,0.0,0.0,0.0,0.0,0.0,0.0,0.0,0.0,0.0,0.0,0.0,0.0,0.0
502,1bd46243-0206-4dd3-93e3-7e0eb8eb13c1_RANJI_TROPHY,Mitchell Marsh,All-Rounder,LSG,0.0,0.0,0.0,0.0,0.0,0.0,0.0,0.0,0.0,0.0,0.0,0.0,0.0,0.0,0.0,0.0,0.0,0.0
503,1bd46243-0206-4dd3-93e3-7e0eb8eb13c1_BBL,Mitchell Marsh,All-Rounder,LSG,0.0,0.0,0.0,0.0,0.0,0.0,0.0,0.0,0.0,0.0,0.0,0.0,0.0,0.0,0.0,0.0,0.0,0.0
504,1bd46243-0206-4dd3-93e3-7e0eb8eb13c1_CPL,Mitchell Marsh,All-Rounder,LSG,0.0,0.0,0.0,0.0,0.0,0.0,0.0,0.0,0.0,0.0,0.0,0.0,0.0,0.0,0.0,0.0,0.0,0.0
505,1bd46243-0206-4dd3-93e3-7e0eb8eb13c1_SA20,Mitchell Marsh,All-Rounder,LSG,0.0,0.0,0.0,0.0,0.0,0.0,0.0,0.0,0.0,0.0,0.0,0.0,0.0,0.0,0.0,0.0,0.0,0.0
506,1bd46243-0206-4dd3-93e3-7e0eb8eb13c1_ILT20,Mitchell Marsh,All-Rounder,LSG,0.0,0.0,0.0,0.0,0.0,0.0,0.0,0.0,0.0,0.0,0.0,0.0,0.0,0.0,0.0,0.0,0.0,0.0
507,2c697411-3269-41cd-929d-1ec0419c21c5_IPL,Abdul Samad,All-Rounder,LSG,0.0,0.0,0.0,0.0,0.0,0.0,0.0,0.0,0.0,0.0,0.0,0.0,0.0,0.0,0.0,0.0,0.0,0.0
508,2c697411-3269-41cd-929d-1ec0419c21c5_T20I,Abdul Samad,All-Rounder,LSG,0.0,0.0,0.0,0.0,0.0,0.0,0.0,0.0,0.0,0.0,0.0,0.0,0.0,0.0,0.0,0.0,0.0,0.0
509,2c697411-3269-41cd-929d-1ec0419c21c5_ODI,Abdul Samad,All-Rounder,LSG,0.0,0.0,0.0,0.0,0.0,0.0,0.0,0.0,0.0,0.0,0.0,0.0,0.0,0.0,0.0,0.0,0.0,0.0
510,2c697411-3269-41cd-929d-1ec0419c21c5_STATE_T20,Abdul Samad,All-Rounder,LSG,0.0,0.0,0.0,0.0,0.0,0.0,0.0,0.0,0.0,0.0,0.0,0.0,0.0,0.0,0.0,0.0,0.0,0.0
511,2c697411-3269-41cd-929d-1ec0419c21c5_SMAT_ELITE,Abdul Samad,All-Rounder,LSG,0.0,0.0,0.0,0.0,0.0,0.0,0.0,0.0,0.0,0.0,0.0,0.0,0.0,0.0,0.0,0.0,0.0,0.0
512,2c697411-3269-41cd-929d-1ec0419c21c5_VIJAY_HAZARE,Abdul Samad,All-Rounder,LSG,0.0,0.0,0.0,0.0,0.0,0.0,0.0,0.0,0.0,0.0,0.0,0.0,0.0,0.0,0.0,0.0,0.0,0.0
513,2c697411-3269-41cd-929d-1ec0419c21c5_VINOO_MANKAD,Abdul Samad,All-Rounder,LSG,0.0,0.0,0.0,0.0,0.0,0.0,0.0,0.0,0.0,0.0,0.0,0.0,0.0,0.0,0.0,0.0,0.0,0.0
514,2c697411-3269-41cd-929d-1ec0419c21c5_DULEEP_TROPHY,Abdul Samad,All-Rounder,LSG,0.0,0.0,0.0,0.0,0.0,0.0,0.0,0.0,0.0,0.0,0.0,0.0,0.0,0.0,0.0,0.0,0.0,0.0
515,2c697411-3269-41cd-929d-1ec0419c21c5_RANJI_TROPHY,Abdul Samad,All-Rounder,LSG,0.0,0.0,0.0,0.0,0.0,0.0,0.0,0.0,0.0,0.0,0.0,0.0,0.0,0.0,0.0,0.0,0.0,0.0
516,2c697411-3269-41cd-929d-1ec0419c21c5_BBL,Abdul Samad,All-Rounder,LSG,0.0,0.0,0.0,0.0,0.0,0.0,0.0,0.0,0.0,0.0,0.0,0.0,0.0,0.0,0.0,0.0,0.0,0.0
517,2c697411-3269-41cd-929d-1ec0419c21c5_CPL,Abdul Samad,All-Rounder,LSG,0.0,0.0,0.0,0.0,0.0,0.0,0.0,0.0,0.0,0.0,0.0,0.0,0.0,0.0,0.0,0.0,0.0,0.0
518,2c697411-3269-41cd-929d-1ec0419c21c5_SA20,Abdul Samad,All-Rounder,LSG,0.0,0.0,0.0,0.0,0.0,0.0,0.0,0.0,0.0,0.0,0.0,0.0,0.0,0.0,0.0,0.0,0.0,0.0
519,2c697411-3269-41cd-929d-1ec0419c21c5_ILT20,Abdul Samad,All-Rounder,LSG,0.0,0.0,0.0,0.0,0.0,0.0,0.0,0.0,0.0,0.0,0.0,0.0,0.0,0.0,0.0,0.0,0.0,0.0
520,6d31ee45-5994-4458-8681-c2d71dc7b19b_IPL,Shahbaz Ahamad,All-Rounder,LSG,0.0,0.0,0.0,0.0,0.0,0.0,0.0,0.0,0.0,0.0,0.0,0.0,0.0,0.0,0.0,0.0,0.0,0.0
521,6d31ee45-5994-4458-8681-c2d71dc7b19b_T20I,Shahbaz Ahamad,All-Rounder,LSG,0.0,0.0,0.0,0.0,0.0,0.0,0.0,0.0,0.0,0.0,0.0,0.0,0.0,0.0,0.0,0.0,0.0,0.0
522,6d31ee45-5994-4458-8681-c2d71dc7b19b_ODI,Shahbaz Ahamad,All-Rounder,LSG,0.0,0.0,0.0,0.0,0.0,0.0,0.0,0.0,0.0,0.0,0.0,0.0,0.0,0.0,0.0,0.0,0.0,0.0
523,6d31ee45-5994-4458-8681-c2d71dc7b19b_STATE_T20,Shahbaz Ahamad,All-Rounder,LSG,0.0,0.0,0.0,0.0,0.0,0.0,0.0,0.0,0.0,0.0,0.0,0.0,0.0,0.0,0.0,0.0,0.0,0.0
524,6d31ee45-5994-4458-8681-c2d71dc7b19b_SMAT_ELITE,Shahbaz Ahamad,All-Rounder,LSG,0.0,0.0,0.0,0.0,0.0,0.0,0.0,0.0,0.0,0.0,0.0,0.0,0.0,0.0,0.0,0.0,0.0,0.0
525,6d31ee45-5994-4458-8681-c2d71dc7b19b_VIJAY_HAZARE,Shahbaz Ahamad,All-Rounder,LSG,0.0,0.0,0.0,0.0,0.0,0.0,0.0,0.0,0.0,0.0,0.0,0.0,0.0,0.0,0.0,0.0,0.0,0.0
526,6d31ee45-5994-4458-8681-c2d71dc7b19b_VINOO_MANKAD,Shahbaz Ahamad,All-Rounder,LSG,0.0,0.0,0.0,0.0,0.0,0.0,0.0,0.0,0.0,0.0,0.0,0.0,0.0,0.0,0.0,0.0,0.0,0.0
527,6d31ee45-5994-4458-8681-c2d71dc7b19b_DULEEP_TROPHY,Shahbaz Ahamad,All-Rounder,LSG,0.0,0.0,0.0,0.0,0.0,0.0,0.0,0.0,0.0,0.0,0.0,0.0,0.0,0.0,0.0,0.0,0.0,0.0
528,6d31ee45-5994-4458-8681-c2d71dc7b19b_RANJI_TROPHY,Shahbaz Ahamad,All-Rounder,LSG,0.0,0.0,0.0,0.0,0.0,0.0,0.0,0.0,0.0,0.0,0.0,0.0,0.0,0.0,0.0,0.0,0.0,0.0
529,6d31ee45-5994-4458-8681-c2d71dc7b19b_BBL,Shahbaz Ahamad,All-Rounder,LSG,0.0,0.0,0.0,0.0,0.0,0.0,0.0,0.0,0.0,0.0,0.0,0.0,0.0,0.0,0.0,0.0,0.0,0.0
530,6d31ee45-5994-4458-8681-c2d71dc7b19b_CPL,Shahbaz Ahamad,All-Rounder,LSG,0.0,0.0,0.0,0.0,0.0,0.0,0.0,0.0,0.0,0.0,0.0,0.0,0.0,0.0,0.0,0.0,0.0,0.0
531,6d31ee45-5994-4458-8681-c2d71dc7b19b_SA20,Shahbaz Ahamad,All-Rounder,LSG,0.0,0.0,0.0,0.0,0.0,0.0,0.0,0.0,0.0,0.0,0.0,0.0,0.0,0.0,0.0,0.0,0.0,0.0
532,6d31ee45-5994-4458-8681-c2d71dc7b19b_ILT20,Shahbaz Ahamad,All-Rounder,LSG,0.0,0.0,0.0,0.0,0.0,0.0,0.0,0.0,0.0,0.0,0.0,0.0,0.0,0.0,0.0,0.0,0.0,0.0
533,3c36d4a0-ed05-4742-bae7-cc886f4a47cd_IPL,Yuvraj Chaudhary,All-Rounder,LSG,0.0,0.0,0.0,0.0,0.0,0.0,0.0,0.0,0.0,0.0,0.0,0.0,0.0,0.0,0.0,0.0,0.0,0.0
534,3c36d4a0-ed05-4742-bae7-cc886f4a47cd_T20I,Yuvraj Chaudhary,All-Rounder,LSG,0.0,0.0,0.0,0.0,0.0,0.0,0.0,0.0,0.0,0.0,0.0,0.0,0.0,0.0,0.0,0.0,0.0,0.0
535,3c36d4a0-ed05-4742-bae7-cc886f4a47cd_ODI,Yuvraj Chaudhary,All-Rounder,LSG,0.0,0.0,0.0,0.0,0.0,0.0,0.0,0.0,0.0,0.0,0.0,0.0,0.0,0.0,0.0,0.0,0.0,0.0
536,3c36d4a0-ed05-4742-bae7-cc886f4a47cd_STATE_T20,Yuvraj Chaudhary,All-Rounder,LSG,0.0,0.0,0.0,0.0,0.0,0.0,0.0,0.0,0.0,0.0,0.0,0.0,0.0,0.0,0.0,0.0,0.0,0.0
537,3c36d4a0-ed05-4742-bae7-cc886f4a47cd_SMAT_ELITE,Yuvraj Chaudhary,All-Rounder,LSG,0.0,0.0,0.0,0.0,0.0,0.0,0.0,0.0,0.0,0.0,0.0,0.0,0.0,0.0,0.0,0.0,0.0,0.0
538,3c36d4a0-ed05-4742-bae7-cc886f4a47cd_VIJAY_HAZARE,Yuvraj Chaudhary,All-Rounder,LSG,0.0,0.0,0.0,0.0,0.0,0.0,0.0,0.0,0.0,0.0,0.0,0.0,0.0,0.0,0.0,0.0,0.0,0.0
539,3c36d4a0-ed05-4742-bae7-cc886f4a47cd_VINOO_MANKAD,Yuvraj Chaudhary,All-Rounder,LSG,0.0,0.0,0.0,0.0,0.0,0.0,0.0,0.0,0.0,0.0,0.0,0.0,0.0,0.0,0.0,0.0,0.0,0.0
540,3c36d4a0-ed05-4742-bae7-cc886f4a47cd_DULEEP_TROPHY,Yuvraj Chaudhary,All-Rounder,LSG,0.0,0.0,0.0,0.0,0.0,0.0,0.0,0.0,0.0,0.0,0.0,0.0,0.0,0.0,0.0,0.0,0.0,0.0
541,3c36d4a0-ed05-4742-bae7-cc886f4a47cd_RANJI_TROPHY,Yuvraj Chaudhary,All-Rounder,LSG,0.0,0.0,0.0,0.0,0.0,0.0,0.0,0.0,0.0,0.0,0.0,0.0,0.0,0.0,0.0,0.0,0.0,0.0
542,3c36d4a0-ed05-4742-bae7-cc886f4a47cd_BBL,Yuvraj Chaudhary,All-Rounder,LSG,0.0,0.0,0.0,0.0,0.0,0.0,0.0,0.0,0.0,0.0,0.0,0.0,0.0,0.0,0.0,0.0,0.0,0.0
543,3c36d4a0-ed05-4742-bae7-cc886f4a47cd_CPL,Yuvraj Chaudhary,All-Rounder,LSG,0.0,0.0,0.0,0.0,0.0,0.0,0.0,0.0,0.0,0.0,0.0,0.0,0.0,0.0,0.0,0.0,0.0,0.0
544,3c36d4a0-ed05-4742-bae7-cc886f4a47cd_SA20,Yuvraj Chaudhary,All-Rounder,LSG,0.0,0.0,0.0,0.0,0.0,0.0,0.0,0.0,0.0,0.0,0.0,0.0,0.0,0.0,0.0,0.0,0.0,0.0
545,3c36d4a0-ed05-4742-bae7-cc886f4a47cd_ILT20,Yuvraj Chaudhary,All-Rounder,LSG,0.0,0.0,0.0,0.0,0.0,0.0,0.0,0.0,0.0,0.0,0.0,0.0,0.0,0.0,0.0,0.0,0.0,0.0
546,5508e930-867a-4086-a8cc-6cfe2a6a930f_IPL,Rajvardhan Hangargekar,All-Rounder,LSG,0.0,0.0,0.0,0.0,0.0,0.0,0.0,0.0,0.0,0.0,0.0,0.0,0.0,0.0,0.0,0.0,0.0,0.0
547,5508e930-867a-4086-a8cc-6cfe2a6a930f_T20I,Rajvardhan Hangargekar,All-Rounder,LSG,0.0,0.0,0.0,0.0,0.0,0.0,0.0,0.0,0.0,0.0,0.0,0.0,0.0,0.0,0.0,0.0,0.0,0.0
548,5508e930-867a-4086-a8cc-6cfe2a6a930f_ODI,Rajvardhan Hangargekar,All-Rounder,LSG,0.0,0.0,0.0,0.0,0.0,0.0,0.0,0.0,0.0,0.0,0.0,0.0,0.0,0.0,0.0,0.0,0.0,0.0
549,5508e930-867a-4086-a8cc-6cfe2a6a930f_STATE_T20,Rajvardhan Hangargekar,All-Rounder,LSG,0.0,0.0,0.0,0.0,0.0,0.0,0.0,0.0,0.0,0.0,0.0,0.0,0.0,0.0,0.0,0.0,0.0,0.0
550,5508e930-867a-4086-a8cc-6cfe2a6a930f_SMAT_ELITE,Rajvardhan Hangargekar,All-Rounder,LSG,0.0,0.0,0.0,0.0,0.0,0.0,0.0,0.0,0.0,0.0,0.0,0.0,0.0,0.0,0.0,0.0,0.0,0.0
551,5508e930-867a-4086-a8cc-6cfe2a6a930f_VIJAY_HAZARE,Rajvardhan Hangargekar,All-Rounder,LSG,0.0,0.0,0.0,0.0,0.0,0.0,0.0,0.0,0.0,0.0,0.0,0.0,0.0,0.0,0.0,0.0,0.0,0.0
552,5508e930-867a-4086-a8cc-6cfe2a6a930f_VINOO_MANKAD,Rajvardhan Hangargekar,All-Rounder,LSG,0.0,0.0,0.0,0.0,0.0,0.0,0.0,0.0,0.0,0.0,0.0,0.0,0.0,0.0,0.0,0.0,0.0,0.0
553,5508e930-867a-4086-a8cc-6cfe2a6a930f_DULEEP_TROPHY,Rajvardhan Hangargekar,All-Rounder,LSG,0.0,0.0,0.0,0.0,0.0,0.0,0.0,0.0,0.0,0.0,0.0,0.0,0.0,0.0,0.0,0.0,0.0,0.0
554,5508e930-867a-4086-a8cc-6cfe2a6a930f_RANJI_TROPHY,Rajvardhan Hangargekar,All-Rounder,LSG,0.0,0.0,0.0,0.0,0.0,0.0,0.0,0.0,0.0,0.0,0.0,0.0,0.0,0.0,0.0,0.0,0.0,0.0
555,5508e930-867a-4086-a8cc-6cfe2a6a930f_BBL,Rajvardhan Hangargekar,All-Rounder,LSG,0.0,0.0,0.0,0.0,0.0,0.0,0.0,0.0,0.0,0.0,0.0,0.0,0.0,0.0,0.0,0.0,0.0,0.0
556,5508e930-867a-4086-a8cc-6cfe2a6a930f_CPL,Rajvardhan Hangargekar,All-Rounder,LSG,0.0,0.0,0.0,0.0,0.0,0.0,0.0,0.0,0.0,0.0,0.0,0.0,0.0,0.0,0.0,0.0,0.0,0.0
557,5508e930-867a-4086-a8cc-6cfe2a6a930f_SA20,Rajvardhan Hangargekar,All-Rounder,LSG,0.0,0.0,0.0,0.0,0.0,0.0,0.0,0.0,0.0,0.0,0.0,0.0,0.0,0.0,0.0,0.0,0.0,0.0
558,5508e930-867a-4086-a8cc-6cfe2a6a930f_ILT20,Rajvardhan Hangargekar,All-Rounder,LSG,0.0,0.0,0.0,0.0,0.0,0.0,0.0,0.0,0.0,0.0,0.0,0.0,0.0,0.0,0.0,0.0,0.0,0.0
559,3ca61b8a-afab-40cd-91cc-71f530857b9a_IPL,Arshin Kulkarni,All-Rounder,LSG,0.0,0.0,0.0,0.0,0.0,0.0,0.0,0.0,0.0,0.0,0.0,0.0,0.0,0.0,0.0,0.0,0.0,0.0
560,3ca61b8a-afab-40cd-91cc-71f530857b9a_T20I,Arshin Kulkarni,All-Rounder,LSG,0.0,0.0,0.0,0.0,0.0,0.0,0.0,0.0,0.0,0.0,0.0,0.0,0.0,0.0,0.0,0.0,0.0,0.0
561,3ca61b8a-afab-40cd-91cc-71f530857b9a_ODI,Arshin Kulkarni,All-Rounder,LSG,0.0,0.0,0.0,0.0,0.0,0.0,0.0,0.0,0.0,0.0,0.0,0.0,0.0,0.0,0.0,0.0,0.0,0.0
562,3ca61b8a-afab-40cd-91cc-71f530857b9a_STATE_T20,Arshin Kulkarni,All-Rounder,LSG,0.0,0.0,0.0,0.0,0.0,0.0,0.0,0.0,0.0,0.0,0.0,0.0,0.0,0.0,0.0,0.0,0.0,0.0
563,3ca61b8a-afab-40cd-91cc-71f530857b9a_SMAT_ELITE,Arshin Kulkarni,All-Rounder,LSG,0.0,0.0,0.0,0.0,0.0,0.0,0.0,0.0,0.0,0.0,0.0,0.0,0.0,0.0,0.0,0.0,0.0,0.0
564,3ca61b8a-afab-40cd-91cc-71f530857b9a_VIJAY_HAZARE,Arshin Kulkarni,All-Rounder,LSG,0.0,0.0,0.0,0.0,0.0,0.0,0.0,0.0,0.0,0.0,0.0,0.0,0.0,0.0,0.0,0.0,0.0,0.0
565,3ca61b8a-afab-40cd-91cc-71f530857b9a_VINOO_MANKAD,Arshin Kulkarni,All-Rounder,LSG,0.0,0.0,0.0,0.0,0.0,0.0,0.0,0.0,0.0,0.0,0.0,0.0,0.0,0.0,0.0,0.0,0.0,0.0
566,3ca61b8a-afab-40cd-91cc-71f530857b9a_DULEEP_TROPHY,Arshin Kulkarni,All-Rounder,LSG,0.0,0.0,0.0,0.0,0.0,0.0,0.0,0.0,0.0,0.0,0.0,0.0,0.0,0.0,0.0,0.0,0.0,0.0
567,3ca61b8a-afab-40cd-91cc-71f530857b9a_RANJI_TROPHY,Arshin Kulkarni,All-Rounder,LSG,0.0,0.0,0.0,0.0,0.0,0.0,0.0,0.0,0.0,0.0,0.0,0.0,0.0,0.0,0.0,0.0,0.0,0.0
568,3ca61b8a-afab-40cd-91cc-71f530857b9a_BBL,Arshin Kulkarni,All-Rounder,LSG,0.0,0.0,0.0,0.0,0.0,0.0,0.0,0.0,0.0,0.0,0.0,0.0,0.0,0.0,0.0,0.0,0.0,0.0
569,3ca61b8a-afab-40cd-91cc-71f530857b9a_CPL,Arshin Kulkarni,All-Rounder,LSG,0.0,0.0,0.0,0.0,0.0,0.0,0.0,0.0,0.0,0.0,0.0,0.0,0.0,0.0,0.0,0.0,0.0,0.0
570,3ca61b8a-afab-40cd-91cc-71f530857b9a_SA20,Arshin Kulkarni,All-Rounder,LSG,0.0,0.0,0.0,0.0,0.0,0.0,0.0,0.0,0.0,0.0,0.0,0.0,0.0,0.0,0.0,0.0,0.0,0.0
571,3ca61b8a-afab-40cd-91cc-71f530857b9a_ILT20,Arshin Kulkarni,All-Rounder,LSG,0.0,0.0,0.0,0.0,0.0,0.0,0.0,0.0,0.0,0.0,0.0,0.0,0.0,0.0,0.0,0.0,0.0,0.0
572,e9cf1225-2aef-45e3-a7fd-8fffa8fdd546_IPL,Ayush Badoni,All-Rounder,LSG,0.0,0.0,0.0,0.0,0.0,0.0,0.0,0.0,0.0,0.0,0.0,0.0,0.0,0.0,0.0,0.0,0.0,0.0
573,e9cf1225-2aef-45e3-a7fd-8fffa8fdd546_T20I,Ayush Badoni,All-Rounder,LSG,0.0,0.0,0.0,0.0,0.0,0.0,0.0,0.0,0.0,0.0,0.0,0.0,0.0,0.0,0.0,0.0,0.0,0.0
574,e9cf1225-2aef-45e3-a7fd-8fffa8fdd546_ODI,Ayush Badoni,All-Rounder,LSG,0.0,0.0,0.0,0.0,0.0,0.0,0.0,0.0,0.0,0.0,0.0,0.0,0.0,0.0,0.0,0.0,0.0,0.0
575,e9cf1225-2aef-45e3-a7fd-8fffa8fdd546_STATE_T20,Ayush Badoni,All-Rounder,LSG,0.0,0.0,0.0,0.0,0.0,0.0,0.0,0.0,0.0,0.0,0.0,0.0,0.0,0.0,0.0,0.0,0.0,0.0
576,e9cf1225-2aef-45e3-a7fd-8fffa8fdd546_SMAT_ELITE,Ayush Badoni,All-Rounder,LSG,0.0,0.0,0.0,0.0,0.0,0.0,0.0,0.0,0.0,0.0,0.0,0.0,0.0,0.0,0.0,0.0,0.0,0.0
577,e9cf1225-2aef-45e3-a7fd-8fffa8fdd546_VIJAY_HAZARE,Ayush Badoni,All-Rounder,LSG,0.0,0.0,0.0,0.0,0.0,0.0,0.0,0.0,0.0,0.0,0.0,0.0,0.0,0.0,0.0,0.0,0.0,0.0
578,e9cf1225-2aef-45e3-a7fd-8fffa8fdd546_VINOO_MANKAD,Ayush Badoni,All-Rounder,LSG,0.0,0.0,0.0,0.0,0.0,0.0,0.0,0.0,0.0,0.0,0.0,0.0,0.0,0.0,0.0,0.0,0.0,0.0
579,e9cf1225-2aef-45e3-a7fd-8fffa8fdd546_DULEEP_TROPHY,Ayush Badoni,All-Rounder,LSG,0.0,0.0,0.0,0.0,0.0,0.0,0.0,0.0,0.0,0.0,0.0,0.0,0.0,0.0,0.0,0.0,0.0,0.0
580,e9cf1225-2aef-45e3-a7fd-8fffa8fdd546_RANJI_TROPHY,Ayush Badoni,All-Rounder,LSG,0.0,0.0,0.0,0.0,0.0,0.0,0.0,0.0,0.0,0.0,0.0,0.0,0.0,0.0,0.0,0.0,0.0,0.0
581,e9cf1225-2aef-45e3-a7fd-8fffa8fdd546_BBL,Ayush Badoni,All-Rounder,LSG,0.0,0.0,0.0,0.0,0.0,0.0,0.0,0.0,0.0,0.0,0.0,0.0,0.0,0.0,0.0,0.0,0.0,0.0
582,e9cf1225-2aef-45e3-a7fd-8fffa8fdd546_CPL,Ayush Badoni,All-Rounder,LSG,0.0,0.0,0.0,0.0,0.0,0.0,0.0,0.0,0.0,0.0,0.0,0.0,0.0,0.0,0.0,0.0,0.0,0.0
583,e9cf1225-2aef-45e3-a7fd-8fffa8fdd546_SA20,Ayush Badoni,All-Rounder,LSG,0.0,0.0,0.0,0.0,0.0,0.0,0.0,0.0,0.0,0.0,0.0,0.0,0.0,0.0,0.0,0.0,0.0,0.0
584,e9cf1225-2aef-45e3-a7fd-8fffa8fdd546_ILT20,Ayush Badoni,All-Rounder,LSG,0.0,0.0,0.0,0.0,0.0,0.0,0.0,0.0,0.0,0.0,0.0,0.0,0.0,0.0,0.0,0.0,0.0,0.0
585,e1b04678-5438-407e-865c-c8a9c5a1bc4e_IPL,Shardul Thakur,All-Rounder,LSG,0.0,0.0,0.0,0.0,0.0,0.0,0.0,0.0,0.0,0.0,0.0,0.0,0.0,0.0,0.0,0.0,0.0,0.0
586,e1b04678-5438-407e-865c-c8a9c5a1bc4e_T20I,Shardul Thakur,All-Rounder,LSG,0.0,0.0,0.0,0.0,0.0,0.0,0.0,0.0,0.0,0.0,0.0,0.0,0.0,0.0,0.0,0.0,0.0,0.0
587,e1b04678-5438-407e-865c-c8a9c5a1bc4e_ODI,Shardul Thakur,All-Rounder,LSG,0.0,0.0,0.0,0.0,0.0,0.0,0.0,0.0,0.0,0.0,0.0,0.0,0.0,0.0,0.0,0.0,0.0,0.0
588,e1b04678-5438-407e-865c-c8a9c5a1bc4e_STATE_T20,Shardul Thakur,All-Rounder,LSG,0.0,0.0,0.0,0.0,0.0,0.0,0.0,0.0,0.0,0.0,0.0,0.0,0.0,0.0,0.0,0.0,0.0,0.0
589,e1b04678-5438-407e-865c-c8a9c5a1bc4e_SMAT_ELITE,Shardul Thakur,All-Rounder,LSG,0.0,0.0,0.0,0.0,0.0,0.0,0.0,0.0,0.0,0.0,0.0,0.0,0.0,0.0,0.0,0.0,0.0,0.0
590,e1b04678-5438-407e-865c-c8a9c5a1bc4e_VIJAY_HAZARE,Shardul Thakur,All-Rounder,LSG,0.0,0.0,0.0,0.0,0.0,0.0,0.0,0.0,0.0,0.0,0.0,0.0,0.0,0.0,0.0,0.0,0.0,0.0
591,e1b04678-5438-407e-865c-c8a9c5a1bc4e_VINOO_MANKAD,Shardul Thakur,All-Rounder,LSG,0.0,0.0,0.0,0.0,0.0,0.0,0.0,0.0,0.0,0.0,0.0,0.0,0.0,0.0,0.0,0.0,0.0,0.0
592,e1b04678-5438-407e-865c-c8a9c5a1bc4e_DULEEP_TROPHY,Shardul Thakur,All-Rounder,LSG,0.0,0.0,0.0,0.0,0.0,0.0,0.0,0.0,0.0,0.0,0.0,0.0,0.0,0.0,0.0,0.0,0.0,0.0
593,e1b04678-5438-407e-865c-c8a9c5a1bc4e_RANJI_TROPHY,Shardul Thakur,All-Rounder,LSG,0.0,0.0,0.0,0.0,0.0,0.0,0.0,0.0,0.0,0.0,0.0,0.0,0.0,0.0,0.0,0.0,0.0,0.0
594,e1b04678-5438-407e-865c-c8a9c5a1bc4e_BBL,Shardul Thakur,All-Rounder,LSG,0.0,0.0,0.0,0.0,0.0,0.0,0.0,0.0,0.0,0.0,0.0,0.0,0.0,0.0,0.0,0.0,0.0,0.0
595,e1b04678-5438-407e-865c-c8a9c5a1bc4e_CPL,Shardul Thakur,All-Rounder,LSG,0.0,0.0,0.0,0.0,0.0,0.0,0.0,0.0,0.0,0.0,0.0,0.0,0.0,0.0,0.0,0.0,0.0,0.0
596,e1b04678-5438-407e-865c-c8a9c5a1bc4e_SA20,Shardul Thakur,All-Rounder,LSG,0.0,0.0,0.0,0.0,0.0,0.0,0.0,0.0,0.0,0.0,0.0,0.0,0.0,0.0,0.0,0.0,0.0,0.0
597,e1b04678-5438-407e-865c-c8a9c5a1bc4e_ILT20,Shardul Thakur,All-Rounder,LSG,0.0,0.0,0.0,0.0,0.0,0.0,0.0,0.0,0.0,0.0,0.0,0.0,0.0,0.0,0.0,0.0,0.0,0.0
