match_id,year,team_a,team_b,team_a_xi,team_b_xi,venue,winner,toss_winner,bat_first
1304047,2022,CSK,KKR,Robin Uthappa|Dwayne Bravo|Tushar Deshpande|Ambati Rayudu|Mitchell Santner|Ruturaj Gaikwad|Shivam Dube|MS Dhoni|Adam Milne|Devon Conway|Ravindra Jadeja,Sunil Narine|Ajinkya Rahane|Sam Billings|Varun Chakravarthy|Nitish Rana|Andre Russell|Umesh Yadav|Shivam Mavi|Venkatesh Iyer|Sheldon Jackson|Shreyas Iyer,"Wankhede Stadium, Mumbai",KKR,KKR,CSK
1304048,2022,DC,MI,Rovman Powell|Mandeep Singh|Prithvi Shaw|Kuldeep Yadav|Rishabh Pant|Shardul Thakur|Axar Patel|Khaleel Ahmed|Kamlesh Nagarkoti|Lalit Yadav|Tim Seifert,Tim David|Rohit Sharma|Anmolpreet Singh|Ishan Kishan|Murugan Ashwin|Tymal Mills|Basil Thampi|Daniel Sams|Kieron Pollard|Jasprit Bumrah|Tilak Varma,"Brabourne Stadium, Mumbai",DC,DC,MI
1304049,2022,PBKS,RCB,Rahul Chahar|Sandeep Sharma|M Shahrukh Khan|Odean Smith|Raj Bawa|Liam Livingstone|Shikhar Dhawan|Arshdeep Singh|Harpreet Brar|Mayank Agarwal|Bhanuka Rajapaksa,Wanindu Hasaranga de Silva|Mohammed Siraj|Shahbaz Ahmed|Faf du Plessis|Dinesh Karthik|Akash Deep|Virat Kohli|David Willey|Anuj Rawat|Harshal Patel,"Dr DY Patil Sports Academy, Navi Mumbai",PBKS,KXIP,PBKS
1304050,2022,GT,LSG,Vijay Shankar|Varun Aaron|Mohammed Shami|Lockie Ferguson|Rahul Tewatia|Rashid Khan|Abhinav Manohar|Hardik Pandya|Shubman Gill|David Miller|Matthew Wade,Manish Pandey|Avesh Khan|KL Rahul|Krunal Pandya|Mohsin Khan|Dushmantha Chameera|Quinton de Kock|Ravi Bishnoi|Evin Lewis|Ayush Badoni|Deepak Hooda,"Wankhede Stadium, Mumbai",GT,GT,LSG
1304051,2022,SRH,RR,Romario Shepherd|Washington Sundar|Aiden Markram|Nicholas Pooran|Bhuvneshwar Kumar|Abdul Samad|Abhishek Sharma|Umran Malik|Rahul Tripathi|T Natarajan|Kane Williamson,Ravichandran Ashwin|Shimron Hetmyer|Sanju Samson|Jos Buttler|Devdutt Padikkal|Nathan Coulter-Nile|Trent Boult|Riyan Parag|Prasidh Krishna|Yuzvendra Chahal|Yashasvi Jaiswal,"Maharashtra Cricket Association Stadium, Pune",RR,SRH,RR
1304052,2022,RCB,KKR,Wanindu Hasaranga de Silva|Mohammed Siraj|Shahbaz Ahmed|Faf du Plessis|Dinesh Karthik|Sherfane Rutherford|Akash Deep|Virat Kohli|David Willey|Anuj Rawat|Harshal Patel,Sunil Narine|Tim Southee|Ajinkya Rahane|Sam Billings|Varun Chakravarthy|Nitish Rana|Andre Russell|Umesh Yadav|Venkatesh Iyer|Sheldon Jackson|Shreyas Iyer,"Dr DY Patil Sports Academy, Navi Mumbai",RCB,RCB,KKR
1304053,2022,LSG,CSK,Manish Pandey|Avesh Khan|Andrew Tye|KL Rahul|Krunal Pandya|Dushmantha Chameera|Quinton de Kock|Ravi Bishnoi|Evin Lewis|Ayush Badoni|Deepak Hooda,Robin Uthappa|Dwayne Bravo|Tushar Deshpande|Ambati Rayudu|Dwaine Pretorius|Ruturaj Gaikwad|Shivam Dube|MS Dhoni|Ravindra Jadeja|Mukesh Choudhary|Moeen Ali,"Brabourne Stadium, Mumbai",LSG,LSG,CSK
1304054,2022,KKR,PBKS,Sunil Narine|Tim Southee|Ajinkya Rahane|Sam Billings|Nitish Rana|Andre Russell|Umesh Yadav|Shivam Mavi|Venkatesh Iyer|Varun Chakravarthy|Shreyas Iyer,Rahul Chahar|Kagiso Rabada|M Shahrukh Khan|Odean Smith|Raj Bawa|Liam Livingstone|Shikhar Dhawan|Arshdeep Singh|Harpreet Brar|Mayank Agarwal|Bhanuka Rajapaksa,"Wankhede Stadium, Mumbai",KKR,KKR,PBKS
1304055,2022,MI,RR,Tim David|Rohit Sharma|Anmolpreet Singh|Ishan Kishan|Murugan Ashwin|Tymal Mills|Basil Thampi|Daniel Sams|Kieron Pollard|Jasprit Bumrah|Tilak Varma,Ravichandran Ashwin|Shimron Hetmyer|Navdeep Saini|Sanju Samson|Jos Buttler|Devdutt Padikkal|Trent Boult|Riyan Parag|Prasidh Krishna|Yuzvendra Chahal|Yashasvi Jaiswal,"Dr DY Patil Sports Academy, Navi Mumbai",RR,MI,RR
1304056,2022,GT,DC,Vijay Shankar|Varun Aaron|Mohammed Shami|Lockie Ferguson|Rahul Tewatia|Rashid Khan|Abhinav Manohar|Hardik Pandya|Shubman Gill|David Miller|Matthew Wade,Rovman Powell|Mandeep Singh|Prithvi Shaw|Kuldeep Yadav|Rishabh Pant|Axar Patel|Shardul Thakur|Khaleel Ahmed|Mustafizur Rahman|Lalit Yadav|Tim Seifert,"Maharashtra Cricket Association Stadium, Pune",GT,DC,GT
1304057,2022,CSK,PBKS,Robin Uthappa|Dwayne Bravo|Ambati Rayudu|Dwaine Pretorius|Ruturaj Gaikwad|Chris Jordan|Shivam Dube|MS Dhoni|Ravindra Jadeja|Mukesh Choudhary|Moeen Ali,Kagiso Rabada|Rahul Chahar|M Shahrukh Khan|Odean Smith|Jitesh Sharma|Vaibhav Arora|Liam Livingstone|Shikhar Dhawan|Arshdeep Singh|Mayank Agarwal|Bhanuka Rajapaksa,"Brabourne Stadium, Mumbai",PBKS,CSK,PBKS
1304058,2022,SRH,LSG,Romario Shepherd|Washington Sundar|Aiden Markram|Nicholas Pooran|Bhuvneshwar Kumar|Abdul Samad|Abhishek Sharma|Umran Malik|Rahul Tripathi|T Natarajan|Kane Williamson,Manish Pandey|Avesh Khan|Andrew Tye|KL Rahul|Jason Holder|Krunal Pandya|Quinton de Kock|Ravi Bishnoi|Evin Lewis|Ayush Badoni|Deepak Hooda,"Dr DY Patil Sports Academy, Navi Mumbai",LSG,SRH,LSG
1304059,2022,RR,RCB,Ravichandran Ashwin|Shimron Hetmyer|Navdeep Saini|Sanju Samson|Jos Buttler|Devdutt Padikkal|Trent Boult|Prasidh Krishna|Yuzvendra Chahal|Yashasvi Jaiswal,Wanindu Hasaranga de Silva|Mohammed Siraj|Shahbaz Ahmed|Faf du Plessis|Dinesh Karthik|Sherfane Rutherford|Akash Deep|Virat Kohli|David Willey|Anuj Rawat|Harshal Patel,"Wankhede Stadium, Mumbai",RCB,RCB,RR
1304060,2022,KKR,MI,Sunil Narine|Ajinkya Rahane|Sam Billings|Nitish Rana|Andre Russell|Rasikh Salam|Umesh Yadav|Venkatesh Iyer|Varun Chakravarthy|Pat Cummins|Shreyas Iyer,Rohit Sharma|Suryakumar Yadav|Ishan Kishan|Murugan Ashwin|Tymal Mills|Dewald Brevis|Basil Thampi|Daniel Sams|Kieron Pollard|Jasprit Bumrah|Tilak Varma,"Maharashtra Cricket Association Stadium, Pune",KKR,KKR,MI
1304061,2022,LSG,DC,Avesh Khan|Andrew Tye|KL Rahul|Jason Holder|Krunal Pandya|Quinton de Kock|Krishnappa Gowtham|Ravi Bishnoi|Evin Lewis|Ayush Badoni|Deepak Hooda,Rovman Powell|Prithvi Shaw|Anrich Nortje|Kuldeep Yadav|Rishabh Pant|Sarfaraz Khan|Shardul Thakur|Axar Patel|David Warner|Mustafizur Rahman|Lalit Yadav,"Dr DY Patil Sports Academy, Navi Mumbai",LSG,LSG,DC
1304062,2022,PBKS,GT,Kagiso Rabada|Rahul Chahar|M Shahrukh Khan|Odean Smith|Jonny Bairstow|Jitesh Sharma|Vaibhav Arora|Liam Livingstone|Shikhar Dhawan|Arshdeep Singh|Mayank Agarwal,Matthew Wade|Darshan Nalkande|Lockie Ferguson|Rahul Tewatia|Rashid Khan|Mohammed Shami|Hardik Pandya|Shubman Gill|David Miller|Sai Sudharsan,"Brabourne Stadium, Mumbai",GT,GT,PBKS
1304063,2022,CSK,SRH,Robin Uthappa|Dwayne Bravo|Ambati Rayudu|Ruturaj Gaikwad|Chris Jordan|Shivam Dube|MS Dhoni|Ravindra Jadeja|Maheesh Theekshana|Mukesh Choudhary|Moeen Ali,Marco Jansen|Bhuvneshwar Kumar|Washington Sundar|Aiden Markram|Nicholas Pooran|Abhishek Sharma|Umran Malik|Rahul Tripathi|T Natarajan|Kane Williamson,"Dr DY Patil Sports Academy, Navi Mumbai",SRH,SRH,CSK
1304064,2022,RCB,MI,Wanindu Hasaranga de Silva|Mohammed Siraj|Glenn Maxwell|Shahbaz Ahmed|Faf du Plessis|Dinesh Karthik|Akash Deep|Virat Kohli|David Willey|Anuj Rawat|Harshal Patel,Ramandeep Singh|Rohit Sharma|Suryakumar Yadav|Jaydev Unadkat|Ishan Kishan|Murugan Ashwin|Dewald Brevis|Basil Thampi|Kieron Pollard|Jasprit Bumrah|Tilak Varma,"Maharashtra Cricket Association Stadium, Pune",RCB,RCB,MI
1304065,2022,KKR,DC,Sunil Narine|Ajinkya Rahane|Sam Billings|Nitish Rana|Andre Russell|Rasikh Salam|Umesh Yadav|Venkatesh Iyer|Varun Chakravarthy|Pat Cummins|Shreyas Iyer,Rovman Powell|Prithvi Shaw|Kuldeep Yadav|Rishabh Pant|Axar Patel|Shardul Thakur|Khaleel Ahmed|David Warner|Mustafizur Rahman|Lalit Yadav,"Brabourne Stadium, Mumbai",DC,KKR,DC
1304066,2022,RR,LSG,Ravichandran Ashwin|Shimron Hetmyer|Kuldeep Sen|Sanju Samson|Jos Buttler|Devdutt Padikkal|Rassie van der Dussen|Trent Boult|Riyan Parag|Prasidh Krishna|Yuzvendra Chahal,Marcus Stoinis|Avesh Khan|KL Rahul|Jason Holder|Krunal Pandya|Dushmantha Chameera|Quinton de Kock|Krishnappa Gowtham|Ravi Bishnoi|Ayush Badoni|Deepak Hooda,"Wankhede Stadium, Mumbai",RR,LSG,RR
1304067,2022,SRH,GT,Marco Jansen|Bhuvneshwar Kumar|Washington Sundar|Aiden Markram|Nicholas Pooran|Abhishek Sharma|Umran Malik|Rahul Tripathi|T Natarajan|Kane Williamson,Matthew Wade|Mohammed Shami|Darshan Nalkande|Lockie Ferguson|Rahul Tewatia|Rashid Khan|Abhinav Manohar|Hardik Pandya|Shubman Gill|David Miller|Sai Sudharsan,"Dr DY Patil Sports Academy, Navi Mumbai",SRH,SRH,GT
1304068,2022,CSK,RCB,Robin Uthappa|Dwayne Bravo|Ruturaj Gaikwad|Chris Jordan|Shivam Dube|MS Dhoni|Ravindra Jadeja|Maheesh Theekshana|Mukesh Choudhary|Moeen Ali,Wanindu Hasaranga de Silva|Mohammed Siraj|Glenn Maxwell|Josh Hazlewood|Suyash Prabhudessai|Shahbaz Ahmed|Faf du Plessis|Dinesh Karthik|Akash Deep|Virat Kohli|Anuj Rawat,"Dr DY Patil Sports Academy, Navi Mumbai",CSK,RCB,CSK
1304069,2022,MI,PBKS,Jaydev Unadkat|Rohit Sharma|Suryakumar Yadav|Ishan Kishan|Murugan Ashwin|Tymal Mills|Dewald Brevis|Basil Thampi|Kieron Pollard|Jasprit Bumrah|Tilak Varma,Kagiso Rabada|Rahul Chahar|M Shahrukh Khan|Odean Smith|Jonny Bairstow|Jitesh Sharma|Vaibhav Arora|Liam Livingstone|Shikhar Dhawan|Arshdeep Singh|Mayank Agarwal,"Maharashtra Cricket Association Stadium, Pune",PBKS,MI,PBKS
1304070,2022,RR,GT,Ravichandran Ashwin|Shimron Hetmyer|Kuldeep Sen|Sanju Samson|Jos Buttler|Devdutt Padikkal|Rassie van der Dussen|James Neesham|Riyan Parag|Prasidh Krishna|Yuzvendra Chahal,Vijay Shankar|Mohammed Shami|Yash Dayal|Lockie Ferguson|Rahul Tewatia|Rashid Khan|Abhinav Manohar|Hardik Pandya|Shubman Gill|David Miller|Matthew Wade,"Dr DY Patil Sports Academy, Navi Mumbai",GT,RR,GT
1304071,2022,SRH,KKR,Marco Jansen|Bhuvneshwar Kumar|Aiden Markram|Nicholas Pooran|Jagadeesha Suchith|Abhishek Sharma|Umran Malik|Rahul Tripathi|Shashank Singh|T Natarajan|Kane Williamson,Sunil Narine|Aman Hakim Khan|Aaron Finch|Varun Chakravarthy|Nitish Rana|Andre Russell|Umesh Yadav|Venkatesh Iyer|Sheldon Jackson|Pat Cummins|Shreyas Iyer,"Brabourne Stadium, Mumbai",SRH,SRH,KKR
1304072,2022,MI,LSG,Jaydev Unadkat|Rohit Sharma|Suryakumar Yadav|Fabian Allen|Ishan Kishan|Murugan Ashwin|Tymal Mills|Dewald Brevis|Kieron Pollard|Jasprit Bumrah|Tilak Varma,Marcus Stoinis|Manish Pandey|Avesh Khan|KL Rahul|Jason Holder|Krunal Pandya|Dushmantha Chameera|Quinton de Kock|Ravi Bishnoi|Deepak Hooda,"Brabourne Stadium, Mumbai",LSG,MI,LSG
1304073,2022,DC,RCB,Mitchell Marsh|Rovman Powell|Prithvi Shaw|Kuldeep Yadav|Rishabh Pant|Shardul Thakur|Axar Patel|Khaleel Ahmed|David Warner|Mustafizur Rahman|Lalit Yadav,Wanindu Hasaranga de Silva|Mohammed Siraj|Glenn Maxwell|Josh Hazlewood|Suyash Prabhudessai|Shahbaz Ahmed|Faf du Plessis|Dinesh Karthik|Virat Kohli|Anuj Rawat|Harshal Patel,"Wankhede Stadium, Mumbai",RCB,DC,RCB
1304074,2022,PBKS,SRH,Kagiso Rabada|Rahul Chahar|M Shahrukh Khan|Odean Smith|Jonny Bairstow|Jitesh Sharma|Vaibhav Arora|Liam Livingstone|Prabhsimran Singh|Shikhar Dhawan|Arshdeep Singh,Marco Jansen|Bhuvneshwar Kumar|Aiden Markram|Nicholas Pooran|Jagadeesha Suchith|Abhishek Sharma|Umran Malik|Rahul Tripathi|T Natarajan|Kane Williamson,"Dr DY Patil Sports Academy, Navi Mumbai",SRH,SRH,PBKS
1304075,2022,GT,CSK,Wriddhiman Saha|Vijay Shankar|Alzarri Joseph|Yash Dayal|Lockie Ferguson|Rahul Tewatia|Rashid Khan|Abhinav Manohar|Shubman Gill|David Miller|Mohammed Shami,Robin Uthappa|Dwayne Bravo|Ambati Rayudu|Ruturaj Gaikwad|Chris Jordan|Shivam Dube|Ravindra Jadeja|Maheesh Theekshana|Mukesh Choudhary|Moeen Ali,"Maharashtra Cricket Association Stadium, Pune",GT,GT,CSK
1304076,2022,RR,KKR,Ravichandran Ashwin|Shimron Hetmyer|Sanju Samson|Obed McCoy|Jos Buttler|Devdutt Padikkal|Trent Boult|Riyan Parag|Prasidh Krishna|Karun Nair|Yuzvendra Chahal,Sunil Narine|Aaron Finch|Varun Chakravarthy|Nitish Rana|Andre Russell|Umesh Yadav|Shivam Mavi|Venkatesh Iyer|Sheldon Jackson|Pat Cummins|Shreyas Iyer,"Brabourne Stadium, Mumbai",RR,KKR,RR
1304077,2022,LSG,RCB,Marcus Stoinis|Manish Pandey|Avesh Khan|KL Rahul|Jason Holder|Krunal Pandya|Dushmantha Chameera|Quinton de Kock|Ravi Bishnoi|Ayush Badoni|Deepak Hooda,Wanindu Hasaranga de Silva|Mohammed Siraj|Glenn Maxwell|Josh Hazlewood|Suyash Prabhudessai|Shahbaz Ahmed|Faf du Plessis|Dinesh Karthik|Virat Kohli|Anuj Rawat|Harshal Patel,"Dr DY Patil Sports Academy, Navi Mumbai",RCB,LSG,RCB
1304078,2022,DC,PBKS,Prithvi Shaw|Kuldeep Yadav|Sarfaraz Khan|Shardul Thakur|Axar Patel|David Warner|Lalit Yadav|Mustafizur Rahman|Khaleel Ahmed,Kagiso Rabada|Rahul Chahar|M Shahrukh Khan|Nathan Ellis|Jonny Bairstow|Jitesh Sharma|Vaibhav Arora|Liam Livingstone|Shikhar Dhawan|Arshdeep Singh|Mayank Agarwal,"Brabourne Stadium, Mumbai",DC,DC,PBKS
1304079,2022,MI,CSK,Jaydev Unadkat|Rohit Sharma|Suryakumar Yadav|Hrithik Shokeen|Ishan Kishan|Riley Meredith|Dewald Brevis|Daniel Sams|Kieron Pollard|Jasprit Bumrah|Tilak Varma,Robin Uthappa|Dwayne Bravo|Ambati Rayudu|Dwaine Pretorius|Mitchell Santner|Ruturaj Gaikwad|Shivam Dube|MS Dhoni|Ravindra Jadeja|Maheesh Theekshana|Mukesh Choudhary,"Dr DY Patil Sports Academy, Navi Mumbai",CSK,CSK,MI
1304080,2022,DC,RR,Rovman Powell|Prithvi Shaw|Kuldeep Yadav|Rishabh Pant|Sarfaraz Khan|Axar Patel|Shardul Thakur|Khaleel Ahmed|David Warner|Mustafizur Rahman|Lalit Yadav,Ravichandran Ashwin|Shimron Hetmyer|Sanju Samson|Obed McCoy|Jos Buttler|Devdutt Padikkal|Trent Boult|Riyan Parag|Prasidh Krishna|Yuzvendra Chahal,"Wankhede Stadium, Mumbai",RR,DC,RR
1304081,2022,KKR,GT,Sunil Narine|Tim Southee|Sam Billings|Nitish Rana|Andre Russell|Umesh Yadav|Shivam Mavi|Venkatesh Iyer|Varun Chakravarthy|Rinku Singh|Shreyas Iyer,Wriddhiman Saha|Alzarri Joseph|Yash Dayal|Lockie Ferguson|Rahul Tewatia|Rashid Khan|Abhinav Manohar|Hardik Pandya|Shubman Gill|David Miller|Mohammed Shami,"Dr DY Patil Sports Academy, Navi Mumbai",GT,GT,GT
1304083,2022,LSG,MI,Marcus Stoinis|Manish Pandey|KL Rahul|Jason Holder|Krunal Pandya|Mohsin Khan|Dushmantha Chameera|Quinton de Kock|Ravi Bishnoi|Ayush Badoni|Deepak Hooda,Jaydev Unadkat|Rohit Sharma|Suryakumar Yadav|Hrithik Shokeen|Ishan Kishan|Riley Meredith|Dewald Brevis|Daniel Sams|Kieron Pollard|Jasprit Bumrah|Tilak Varma,"Wankhede Stadium, Mumbai",LSG,MI,LSG
1304084,2022,PBKS,CSK,Kagiso Rabada|Rahul Chahar|Sandeep Sharma|Rishi Dhawan|Jonny Bairstow|Liam Livingstone|Shikhar Dhawan|Arshdeep Singh|Mayank Agarwal|Bhanuka Rajapaksa,Robin Uthappa|Dwayne Bravo|Ambati Rayudu|Dwaine Pretorius|Mitchell Santner|Ruturaj Gaikwad|Shivam Dube|MS Dhoni|Ravindra Jadeja|Maheesh Theekshana|Mukesh Choudhary,"Wankhede Stadium, Mumbai",PBKS,CSK,PBKS
1304085,2022,RCB,RR,Wanindu Hasaranga de Silva|Mohammed Siraj|Glenn Maxwell|Josh Hazlewood|Suyash Prabhudessai|Shahbaz Ahmed|Faf du Plessis|Dinesh Karthik|Rajat Patidar|Virat Kohli|Harshal Patel,Ravichandran Ashwin|Shimron Hetmyer|Kuldeep Sen|Sanju Samson|Jos Buttler|Devdutt Padikkal|Trent Boult|Daryl Mitchell|Riyan Parag|Prasidh Krishna|Yuzvendra Chahal,"Maharashtra Cricket Association Stadium, Pune",RR,RCB,RR
1304086,2022,GT,SRH,Wriddhiman Saha|Alzarri Joseph|Yash Dayal|Lockie Ferguson|Rahul Tewatia|Rashid Khan|Abhinav Manohar|Hardik Pandya|Shubman Gill|David Miller|Mohammed Shami,Marco Jansen|Bhuvneshwar Kumar|Washington Sundar|Aiden Markram|Nicholas Pooran|Abhishek Sharma|Umran Malik|Rahul Tripathi|Shashank Singh|T Natarajan|Kane Williamson,"Wankhede Stadium, Mumbai",GT,GT,SRH
1304087,2022,DC,KKR,Mitchell Marsh|Rovman Powell|Prithvi Shaw|Chetan Sakariya|Kuldeep Yadav|Rishabh Pant|Axar Patel|Shardul Thakur|David Warner|Mustafizur Rahman|Lalit Yadav,Sunil Narine|Harshit Rana|Tim Southee|Aaron Finch|Nitish Rana|Andre Russell|Umesh Yadav|Baba Indrajith|Venkatesh Iyer|Rinku Singh|Shreyas Iyer,"Wankhede Stadium, Mumbai",DC,DC,KKR
1304088,2022,PBKS,LSG,Kagiso Rabada|Rahul Chahar|Sandeep Sharma|Rishi Dhawan|Jonny Bairstow|Jitesh Sharma|Liam Livingstone|Shikhar Dhawan|Arshdeep Singh|Mayank Agarwal|Bhanuka Rajapaksa,Marcus Stoinis|Avesh Khan|KL Rahul|Jason Holder|Krunal Pandya|Mohsin Khan|Dushmantha Chameera|Quinton de Kock|Ravi Bishnoi|Ayush Badoni|Deepak Hooda,"Maharashtra Cricket Association Stadium, Pune",LSG,KXIP,PBKS
1304089,2022,GT,RCB,Wriddhiman Saha|Alzarri Joseph|Lockie Ferguson|Rahul Tewatia|Rashid Khan|Mohammed Shami|Pradeep Sangwan|Hardik Pandya|Shubman Gill|David Miller|Sai Sudharsan,Wanindu Hasaranga de Silva|Mahipal Lomror|Mohammed Siraj|Glenn Maxwell|Josh Hazlewood|Shahbaz Ahmed|Faf du Plessis|Dinesh Karthik|Rajat Patidar|Virat Kohli|Harshal Patel,"Brabourne Stadium, Mumbai",GT,RCB,RCB
1304090,2022,RR,MI,Ravichandran Ashwin|Shimron Hetmyer|Kuldeep Sen|Sanju Samson|Jos Buttler|Devdutt Padikkal|Trent Boult|Daryl Mitchell|Riyan Parag|Prasidh Krishna|Yuzvendra Chahal,Tim David|Rohit Sharma|Suryakumar Yadav|Hrithik Shokeen|Ishan Kishan|Riley Meredith|Daniel Sams|Kumar Kartikeya|Kieron Pollard|Jasprit Bumrah|Tilak Varma,"Dr DY Patil Sports Academy, Navi Mumbai",MI,MI,RR
1304091,2022,DC,LSG,Mitchell Marsh|Rovman Powell|Prithvi Shaw|Chetan Sakariya|Kuldeep Yadav|Rishabh Pant|Axar Patel|Shardul Thakur|David Warner|Mustafizur Rahman|Lalit Yadav,Marcus Stoinis|KL Rahul|Jason Holder|Krunal Pandya|Mohsin Khan|Dushmantha Chameera|Quinton de Kock|Krishnappa Gowtham|Ravi Bishnoi|Deepak Hooda,"Wankhede Stadium, Mumbai",LSG,LSG,LSG
1304092,2022,SRH,CSK,Marco Jansen|Bhuvneshwar Kumar|Washington Sundar|Aiden Markram|Nicholas Pooran|Abhishek Sharma|Umran Malik|Rahul Tripathi|Shashank Singh|T Natarajan|Kane Williamson,Simarjeet Singh|Dwaine Pretorius|Mitchell Santner|Ruturaj Gaikwad|MS Dhoni|Devon Conway|Ravindra Jadeja|Maheesh Theekshana|Mukesh Choudhary,"Maharashtra Cricket Association Stadium, Pune",CSK,SRH,CSK
1304093,2022,KKR,RR,Sunil Narine|Tim Southee|Aaron Finch|Nitish Rana|Anukul Roy|Baba Indrajith|Shivam Mavi|Umesh Yadav|Rinku Singh|Shreyas Iyer,Ravichandran Ashwin|Shimron Hetmyer|Kuldeep Sen|Sanju Samson|Jos Buttler|Devdutt Padikkal|Trent Boult|Riyan Parag|Prasidh Krishna|Karun Nair|Yuzvendra Chahal,"Wankhede Stadium, Mumbai",KKR,KKR,RR
1304094,2022,GT,PBKS,Wriddhiman Saha|Alzarri Joseph|Lockie Ferguson|Rahul Tewatia|Rashid Khan|Mohammed Shami|Pradeep Sangwan|Hardik Pandya|Shubman Gill|David Miller|Sai Sudharsan,Kagiso Rabada|Rahul Chahar|Rishi Dhawan|Jonny Bairstow|Liam Livingstone|Shikhar Dhawan|Arshdeep Singh|Sandeep Sharma|Bhanuka Rajapaksa,"Dr DY Patil Sports Academy, Navi Mumbai",PBKS,GT,GT
1304095,2022,RCB,CSK,Wanindu Hasaranga de Silva|Mahipal Lomror|Mohammed Siraj|Glenn Maxwell|Josh Hazlewood|Shahbaz Ahmed|Faf du Plessis|Dinesh Karthik|Rajat Patidar|Virat Kohli|Harshal Patel,Robin Uthappa|Simarjeet Singh|Ambati Rayudu|Dwaine Pretorius|Ruturaj Gaikwad|MS Dhoni|Devon Conway|Ravindra Jadeja|Maheesh Theekshana|Mukesh Choudhary|Moeen Ali,"Maharashtra Cricket Association Stadium, Pune",RCB,CSK,RCB
1304096,2022,DC,SRH,Mitchell Marsh|Rovman Powell|Mandeep Singh|Anrich Nortje|Kuldeep Yadav|Rishabh Pant|Shardul Thakur|David Warner|Khaleel Ahmed,Bhuvneshwar Kumar|Aiden Markram|Nicholas Pooran|Shreyas Gopal|Abhishek Sharma|Umran Malik|Sean Abbott|Rahul Tripathi|Shashank Singh|Kartik Tyagi|Kane Williamson,"Brabourne Stadium, Mumbai",DC,SRH,DC
1304097,2022,GT,MI,Wriddhiman Saha|Alzarri Joseph|Lockie Ferguson|Rahul Tewatia|Rashid Khan|Mohammed Shami|Pradeep Sangwan|Hardik Pandya|Shubman Gill|David Miller|Sai Sudharsan,Tim David|Rohit Sharma|Suryakumar Yadav|Ishan Kishan|Murugan Ashwin|Riley Meredith|Daniel Sams|Kumar Kartikeya|Kieron Pollard|Jasprit Bumrah|Tilak Varma,"Brabourne Stadium, Mumbai",MI,GT,MI
1304098,2022,PBKS,RR,Kagiso Rabada|Rahul Chahar|Sandeep Sharma|Rishi Dhawan|Jonny Bairstow|Jitesh Sharma|Liam Livingstone|Shikhar Dhawan|Arshdeep Singh|Mayank Agarwal|Bhanuka Rajapaksa,Ravichandran Ashwin|Shimron Hetmyer|Kuldeep Sen|Sanju Samson|Jos Buttler|Devdutt Padikkal|Trent Boult|Riyan Parag|Prasidh Krishna|Yuzvendra Chahal|Yashasvi Jaiswal,"Wankhede Stadium, Mumbai",RR,KXIP,KXIP
1304099,2022,LSG,KKR,Marcus Stoinis|Avesh Khan|KL Rahul|Jason Holder|Krunal Pandya|Mohsin Khan|Dushmantha Chameera|Quinton de Kock|Ravi Bishnoi|Ayush Badoni|Deepak Hooda,Sunil Narine|Harshit Rana|Tim Southee|Aaron Finch|Nitish Rana|Andre Russell|Anukul Roy|Baba Indrajith|Shivam Mavi|Rinku Singh|Shreyas Iyer,"Maharashtra Cricket Association Stadium, Pune",LSG,KKR,LSG
1304100,2022,SRH,RCB,Bhuvneshwar Kumar|Aiden Markram|Nicholas Pooran|Jagadeesha Suchith|Abhishek Sharma|Fazalhaq Farooqi|Umran Malik|Rahul Tripathi|Shashank Singh|Kartik Tyagi|Kane Williamson,Wanindu Hasaranga de Silva|Mahipal Lomror|Mohammed Siraj|Glenn Maxwell|Josh Hazlewood|Shahbaz Ahmed|Faf du Plessis|Dinesh Karthik|Rajat Patidar|Virat Kohli|Harshal Patel,"Wankhede Stadium, Mumbai",RCB,RCB,RCB
1304101,2022,CSK,DC,Robin Uthappa|Dwayne Bravo|Simarjeet Singh|Ambati Rayudu|Ruturaj Gaikwad|MS Dhoni|Shivam Dube|Devon Conway|Maheesh Theekshana|Mukesh Choudhary|Moeen Ali,Mitchell Marsh|Rovman Powell|Anrich Nortje|Kuldeep Yadav|Rishabh Pant|Ripal Patel|Axar Patel|Shardul Thakur|Khaleel Ahmed|David Warner|Srikar Bharat,"Dr DY Patil Sports Academy, Navi Mumbai",CSK,DC,CSK
1304102,2022,MI,KKR,Ramandeep Singh|Rohit Sharma|Tim David|Ishan Kishan|Murugan Ashwin|Riley Meredith|Daniel Sams|Kumar Kartikeya|Kieron Pollard|Jasprit Bumrah|Tilak Varma,Sunil Narine|Tim Southee|Ajinkya Rahane|Varun Chakravarthy|Nitish Rana|Andre Russell|Pat Cummins|Venkatesh Iyer|Sheldon Jackson|Rinku Singh|Shreyas Iyer,"Dr DY Patil Sports Academy, Navi Mumbai",KKR,MI,KKR
1304103,2022,LSG,GT,Marcus Stoinis|Avesh Khan|KL Rahul|Karan Sharma|Jason Holder|Krunal Pandya|Mohsin Khan|Dushmantha Chameera|Quinton de Kock|Ayush Badoni|Deepak Hooda,Wriddhiman Saha|Alzarri Joseph|Yash Dayal|Ravisrinivasan Sai Kishore|Rahul Tewatia|Rashid Khan|Mohammed Shami|Hardik Pandya|Shubman Gill|David Miller|Matthew Wade,"Maharashtra Cricket Association Stadium, Pune",GT,GT,GT
1304104,2022,RR,DC,Ravichandran Ashwin|Kuldeep Sen|Sanju Samson|Jos Buttler|Devdutt Padikkal|Rassie van der Dussen|Trent Boult|Riyan Parag|Prasidh Krishna|Yuzvendra Chahal|Yashasvi Jaiswal,Mitchell Marsh|Chetan Sakariya|Anrich Nortje|Kuldeep Yadav|Rishabh Pant|Shardul Thakur|Axar Patel|David Warner|Srikar Bharat,"Dr DY Patil Sports Academy, Navi Mumbai",DC,DC,RR
1304105,2022,CSK,MI,Robin Uthappa|Dwayne Bravo|Simarjeet Singh|Ambati Rayudu|Ruturaj Gaikwad|MS Dhoni|Shivam Dube|Devon Conway|Maheesh Theekshana|Mukesh Choudhary|Moeen Ali,Tim David|Rohit Sharma|Ramandeep Singh|Hrithik Shokeen|Ishan Kishan|Tristan Stubbs|Daniel Sams|Kumar Kartikeya|Riley Meredith|Jasprit Bumrah|Tilak Varma,"Wankhede Stadium, Mumbai",MI,MI,CSK
1304106,2022,RCB,PBKS,Wanindu Hasaranga de Silva|Mahipal Lomror|Mohammed Siraj|Glenn Maxwell|Josh Hazlewood|Shahbaz Ahmed|Faf du Plessis|Dinesh Karthik|Rajat Patidar|Virat Kohli|Harshal Patel,Rahul Chahar|Kagiso Rabada|Rishi Dhawan|Jonny Bairstow|Jitesh Sharma|Liam Livingstone|Shikhar Dhawan|Arshdeep Singh|Harpreet Brar|Mayank Agarwal|Bhanuka Rajapaksa,"Brabourne Stadium, Mumbai",PBKS,RCB,PBKS
1304107,2022,KKR,SRH,Sunil Narine|Tim Southee|Ajinkya Rahane|Sam Billings|Nitish Rana|Andre Russell|Umesh Yadav|Venkatesh Iyer|Varun Chakravarthy|Rinku Singh|Shreyas Iyer,Marco Jansen|Bhuvneshwar Kumar|Washington Sundar|Aiden Markram|Nicholas Pooran|Abhishek Sharma|Umran Malik|Rahul Tripathi|Shashank Singh|T Natarajan|Kane Williamson,"Maharashtra Cricket Association Stadium, Pune",KKR,KKR,KKR
1304108,2022,CSK,GT,Simarjeet Singh|Mitchell Santner|Ruturaj Gaikwad|Narayan Jagadeesan|Shivam Dube|MS Dhoni|Matheesha Pathirana|Devon Conway|Prashant Solanki|Mukesh Choudhary|Moeen Ali,Wriddhiman Saha|Alzarri Joseph|Yash Dayal|Ravisrinivasan Sai Kishore|Rashid Khan|Mohammed Shami|Hardik Pandya|Shubman Gill|David Miller|Matthew Wade,"Wankhede Stadium, Mumbai",GT,CSK,CSK
1304109,2022,LSG,RR,Marcus Stoinis|Avesh Khan|KL Rahul|Jason Holder|Krunal Pandya|Mohsin Khan|Dushmantha Chameera|Quinton de Kock|Ravi Bishnoi|Ayush Badoni|Deepak Hooda,Ravichandran Ashwin|Sanju Samson|Obed McCoy|Jos Buttler|Devdutt Padikkal|James Neesham|Trent Boult|Riyan Parag|Prasidh Krishna|Yuzvendra Chahal|Yashasvi Jaiswal,"Brabourne Stadium, Mumbai",RR,RR,RR
1304110,2022,PBKS,DC,Rahul Chahar|Kagiso Rabada|Rishi Dhawan|Jonny Bairstow|Jitesh Sharma|Liam Livingstone|Shikhar Dhawan|Arshdeep Singh|Harpreet Brar|Mayank Agarwal|Bhanuka Rajapaksa,Mitchell Marsh|Rovman Powell|Anrich Nortje|Kuldeep Yadav|Rishabh Pant|Sarfaraz Khan|Axar Patel|Shardul Thakur|Khaleel Ahmed|David Warner|Lalit Yadav,"Dr DY Patil Sports Academy, Navi Mumbai",DC,KXIP,PBKS
1304111,2022,MI,SRH,Tim David|Rohit Sharma|Ramandeep Singh|Sanjay Yadav|Ishan Kishan|Tristan Stubbs|Mayank Markande|Daniel Sams|Riley Meredith|Jasprit Bumrah|Tilak Varma,Bhuvneshwar Kumar|Washington Sundar|Aiden Markram|Nicholas Pooran|Abhishek Sharma|Fazalhaq Farooqi|Umran Malik|Rahul Tripathi|Priyam Garg|T Natarajan|Kane Williamson,"Wankhede Stadium, Mumbai",SRH,MI,SRH
1304113,2022,RCB,GT,Wanindu Hasaranga de Silva|Mahipal Lomror|Glenn Maxwell|Josh Hazlewood|Shahbaz Ahmed|Faf du Plessis|Dinesh Karthik|Siddarth Kaul|Virat Kohli|Harshal Patel,Wriddhiman Saha|Yash Dayal|Ravisrinivasan Sai Kishore|Lockie Ferguson|Rahul Tewatia|Rashid Khan|Mohammed Shami|Hardik Pandya|Shubman Gill|David Miller|Matthew Wade,"Wankhede Stadium, Mumbai",RCB,GT,GT
1304114,2022,RR,CSK,Ravichandran Ashwin|Shimron Hetmyer|Sanju Samson|Obed McCoy|Jos Buttler|Devdutt Padikkal|Trent Boult|Riyan Parag|Prasidh Krishna|Yuzvendra Chahal|Yashasvi Jaiswal,Simarjeet Singh|Ambati Rayudu|Mitchell Santner|Ruturaj Gaikwad|Narayan Jagadeesan|MS Dhoni|Matheesha Pathirana|Devon Conway|Prashant Solanki|Mukesh Choudhary|Moeen Ali,"Brabourne Stadium, Mumbai",RR,CSK,CSK
1304115,2022,MI,DC,Tim David|Rohit Sharma|Ramandeep Singh|Hrithik Shokeen|Ishan Kishan|Dewald Brevis|Mayank Markande|Daniel Sams|Riley Meredith|Jasprit Bumrah|Tilak Varma,Mitchell Marsh|Rovman Powell|Prithvi Shaw|Anrich Nortje|Kuldeep Yadav|Rishabh Pant|Sarfaraz Khan|Axar Patel|Shardul Thakur|David Warner|Khaleel Ahmed,"Wankhede Stadium, Mumbai",MI,MI,DC
1304116,2022,SRH,PBKS,Bhuvneshwar Kumar|Washington Sundar|Aiden Markram|Nicholas Pooran|Jagadeesha Suchith|Abhishek Sharma|Fazalhaq Farooqi|Umran Malik|Rahul Tripathi|Priyam Garg|Romario Shepherd,Kagiso Rabada|Harpreet Brar|M Shahrukh Khan|Nathan Ellis|Jonny Bairstow|Jitesh Sharma|Liam Livingstone|Shikhar Dhawan|Prerak Mankad|Arshdeep Singh|Mayank Agarwal,"Wankhede Stadium, Mumbai",PBKS,SRH,SRH
1312197,2022,GT,RR,Wriddhiman Saha|Alzarri Joseph|Yash Dayal|Ravisrinivasan Sai Kishore|Rashid Khan|Mohammed Shami|Hardik Pandya|Shubman Gill|David Miller|Matthew Wade,Ravichandran Ashwin|Shimron Hetmyer|Sanju Samson|Obed McCoy|Jos Buttler|Devdutt Padikkal|Trent Boult|Riyan Parag|Prasidh Krishna|Yuzvendra Chahal|Yashasvi Jaiswal,"Eden Gardens, Kolkata",GT,GT,RR
1312198,2022,LSG,RCB,Marcus Stoinis|Avesh Khan|KL Rahul|Krunal Pandya|Mohsin Khan|Dushmantha Chameera|Quinton de Kock|Ravi Bishnoi|Evin Lewis|Manan Vohra|Deepak Hooda,Wanindu Hasaranga de Silva|Mahipal Lomror|Mohammed Siraj|Glenn Maxwell|Josh Hazlewood|Shahbaz Ahmed|Faf du Plessis|Dinesh Karthik|Rajat Patidar|Virat Kohli|Harshal Patel,"Eden Gardens, Kolkata",RCB,LSG,RCB
1312199,2022,RR,RCB,Ravichandran Ashwin|Shimron Hetmyer|Sanju Samson|Obed McCoy|Jos Buttler|Devdutt Padikkal|Trent Boult|Prasidh Krishna|Yuzvendra Chahal|Yashasvi Jaiswal,Wanindu Hasaranga de Silva|Mahipal Lomror|Mohammed Siraj|Glenn Maxwell|Josh Hazlewood|Shahbaz Ahmed|Faf du Plessis|Dinesh Karthik|Rajat Patidar|Virat Kohli|Harshal Patel,"Narendra Modi Stadium, Motera, Ahmedabad",RR,RR,RCB
1312200,2022,GT,RR,Wriddhiman Saha|Yash Dayal|Ravisrinivasan Sai Kishore|Lockie Ferguson|Rashid Khan|Mohammed Shami|Hardik Pandya|Shubman Gill|David Miller|Matthew Wade,Ravichandran Ashwin|Shimron Hetmyer|Sanju Samson|Obed McCoy|Jos Buttler|Devdutt Padikkal|Trent Boult|Riyan Parag|Prasidh Krishna|Yuzvendra Chahal|Yashasvi Jaiswal,"Narendra Modi Stadium, Motera, Ahmedabad",GT,RR,RR
1359475,2023,GT,CSK,Wriddhiman Saha|Vijay Shankar|Alzarri Joseph|Yash Dayal|Rahul Tewatia|Rashid Khan|Josh Little|Mohammed Shami|Hardik Pandya|Shubman Gill|Sai Sudharsan,Ben Stokes|Tushar Deshpande|Ambati Rayudu|Mitchell Santner|Ruturaj Gaikwad|Deepak Chahar|Shivam Dube|MS Dhoni|Devon Conway|Rajvardhan Hangargekar|Ravindra Jadeja,"Narendra Modi Stadium, Motera, Ahmedabad",GT,GT,CSK
1359476,2023,PBKS,KKR,Sam Curran|Rahul Chahar|Sikandar Raza|M Shahrukh Khan|Nathan Ellis|Jitesh Sharma|Prabhsimran Singh|Shikhar Dhawan|Arshdeep Singh|Harpreet Brar|Rishi Dhawan,Sunil Narine|Mandeep Singh|Tim Southee|Nitish Rana|Andre Russell|Shardul Thakur|Umesh Yadav|Anukul Roy|Rahmanullah Gurbaz|Venkatesh Iyer|Varun Chakravarthy,"Punjab Cricket Association IS Bindra Stadium, Mohali, Chandigarh",PBKS,KKR,PBKS
1359477,2023,LSG,DC,Marcus Stoinis|Jaydev Unadkat|Avesh Khan|Kyle Mayers|KL Rahul|Nicholas Pooran|Krunal Pandya|Mark Wood|Krishnappa Gowtham|Ravi Bishnoi|Ayush Badoni,Mitchell Marsh|Rilee Rossouw|Rovman Powell|Aman Hakim Khan|Prithvi Shaw|Chetan Sakariya|Kuldeep Yadav|Sarfaraz Khan|Axar Patel|David Warner|Mukesh Kumar,"Bharat Ratna Shri Atal Bihari Vajpayee Ekana Cricket Stadium, Lucknow",LSG,DC,LSG
1359478,2023,SRH,RR,Bhuvneshwar Kumar|Washington Sundar|Abdul Samad|Abhishek Sharma|Fazalhaq Farooqi|Umran Malik|Adil Rashid|Glenn Phillips|Rahul Tripathi|Harry Brook|T Natarajan,Ravichandran Ashwin|Shimron Hetmyer|Navdeep Saini|Sanju Samson|Jason Holder|Jos Buttler|Devdutt Padikkal|Trent Boult|Riyan Parag|KM Asif|Yuzvendra Chahal,"Rajiv Gandhi International Stadium, Uppal, Hyderabad",RR,SRH,RR
1359479,2023,RCB,MI,Mohammed Siraj|Michael Bracewell|Glenn Maxwell|Faf du Plessis|Dinesh Karthik|Karn Sharma|Akash Deep|Virat Kohli|Reece Topley|Harshal Patel,Tim David|Rohit Sharma|Cameron Green|Suryakumar Yadav|Hrithik Shokeen|Ishan Kishan|Nehal Wadhera|Jofra Archer|Piyush Chawla|Jason Behrendorff|Tilak Varma,"M.Chinnaswamy Stadium, Bengaluru",RCB,RCB,MI
1359480,2023,CSK,LSG,Ben Stokes|Tushar Deshpande|Ambati Rayudu|Mitchell Santner|Ruturaj Gaikwad|Deepak Chahar|Shivam Dube|MS Dhoni|Devon Conway|Rajvardhan Hangargekar|Ravindra Jadeja,Marcus Stoinis|Avesh Khan|Kyle Mayers|Yash Thakur|KL Rahul|Nicholas Pooran|Krunal Pandya|Mark Wood|Krishnappa Gowtham|Ravi Bishnoi|Ayush Badoni,"MA Chidambaram Stadium, Chepauk, Chennai",CSK,LSG,CSK
1359481,2023,DC,GT,Mitchell Marsh|Rilee Rossouw|Abishek Porel|Aman Hakim Khan|Prithvi Shaw|Anrich Nortje|Kuldeep Yadav|Sarfaraz Khan|Axar Patel|David Warner|Mukesh Kumar,Wriddhiman Saha|Vijay Shankar|Alzarri Joseph|Yash Dayal|Rashid Khan|Josh Little|Mohammed Shami|Hardik Pandya|Shubman Gill|David Miller|Sai Sudharsan,"Arun Jaitley Stadium, Delhi",GT,GT,DC
1359482,2023,RR,PBKS,Ravichandran Ashwin|Shimron Hetmyer|KM Asif|Sanju Samson|Jason Holder|Jos Buttler|Devdutt Padikkal|Trent Boult|Riyan Parag|Dhruv Jurel|Yuzvendra Chahal,Sam Curran|Rahul Chahar|Sikandar Raza|M Shahrukh Khan|Nathan Ellis|Jitesh Sharma|Prabhsimran Singh|Shikhar Dhawan|Arshdeep Singh|Harpreet Brar|Bhanuka Rajapaksa,"Barsapara Cricket Stadium, Guwahati",PBKS,RR,PBKS
1359483,2023,KKR,RCB,Sunil Narine|Mandeep Singh|Tim Southee|Nitish Rana|Andre Russell|Shardul Thakur|Umesh Yadav|Rahmanullah Gurbaz|Suyash Sharma|Venkatesh Iyer|Varun Chakravarthy,Mohammed Siraj|Michael Bracewell|Glenn Maxwell|Shahbaz Ahmed|Faf du Plessis|Dinesh Karthik|Karn Sharma|Akash Deep|Virat Kohli|David Willey|Anuj Rawat,"Eden Gardens, Kolkata",KKR,RCB,KKR
1359484,2023,LSG,SRH,Marcus Stoinis|Jaydev Unadkat|Kyle Mayers|Yash Thakur|KL Rahul|Nicholas Pooran|Krunal Pandya|Amit Mishra|Ravi Bishnoi|Deepak Hooda|Romario Shepherd,Bhuvneshwar Kumar|Washington Sundar|Aiden Markram|Abdul Samad|Harry Brook|Umran Malik|Adil Rashid|Fazalhaq Farooqi|Rahul Tripathi|Anmolpreet Singh|T Natarajan,"Bharat Ratna Shri Atal Bihari Vajpayee Ekana Cricket Stadium, Lucknow",LSG,SRH,SRH
1359485,2023,RR,DC,Ravichandran Ashwin|Shimron Hetmyer|Sanju Samson|Yuzvendra Chahal|Jason Holder|Murugan Ashwin|Jos Buttler|Trent Boult|Riyan Parag|Dhruv Jurel|Sandeep Sharma,Manish Pandey|Rilee Rossouw|Rovman Powell|Abishek Porel|Prithvi Shaw|Anrich Nortje|Kuldeep Yadav|Axar Patel|Khaleel Ahmed|David Warner|Mukesh Kumar,"Barsapara Cricket Stadium, Guwahati",RR,DC,RR
1359486,2023,MI,CSK,Tim David|Rohit Sharma|Cameron Green|Suryakumar Yadav|Hrithik Shokeen|Ishan Kishan|Piyush Chawla|Jason Behrendorff|Tristan Stubbs|Kumar Kartikeya|Tilak Varma,Tushar Deshpande|Sisanda Magala|Ambati Rayudu|Dwaine Pretorius|Deepak Chahar|Ruturaj Gaikwad|Ajinkya Rahane|Mitchell Santner|Shivam Dube|Devon Conway|Ravindra Jadeja,"Wankhede Stadium, Mumbai",CSK,CSK,MI
1359487,2023,GT,KKR,Wriddhiman Saha|Vijay Shankar|Alzarri Joseph|Mohammed Shami|Yash Dayal|Rashid Khan|Josh Little|Abhinav Manohar|Shubman Gill|David Miller|Sai Sudharsan,Sunil Narine|Narayan Jagadeesan|Nitish Rana|Andre Russell|Shardul Thakur|Umesh Yadav|Rahmanullah Gurbaz|Suyash Sharma|Venkatesh Iyer|Varun Chakravarthy|Rinku Singh,"Narendra Modi Stadium, Motera, Ahmedabad",KKR,GT,GT
1359488,2023,SRH,PBKS,Marco Jansen|Bhuvneshwar Kumar|Washington Sundar|Aiden Markram|Umran Malik|Mayank Markande|Rahul Tripathi|Harry Brook|T Natarajan|Mayank Agarwal,Sam Curran|Rahul Chahar|Sikandar Raza|M Shahrukh Khan|Nathan Ellis|Matthew Short|Jitesh Sharma|Mohit Rathee|Prabhsimran Singh|Shikhar Dhawan|Arshdeep Singh,"Rajiv Gandhi International Stadium, Uppal, Hyderabad",SRH,SRH,PBKS
1359489,2023,RCB,LSG,Mohammed Siraj|Glenn Maxwell|Wayne Parnell|Shahbaz Ahmed|Faf du Plessis|Dinesh Karthik|Karn Sharma|Virat Kohli|David Willey|Harshal Patel,Marcus Stoinis|Jaydev Unadkat|Avesh Khan|Kyle Mayers|KL Rahul|Nicholas Pooran|Krunal Pandya|Mark Wood|Amit Mishra|Ravi Bishnoi|Ayush Badoni,"M.Chinnaswamy Stadium, Bengaluru",LSG,LSG,RCB
1359490,2023,DC,MI,Manish Pandey|Abishek Porel|Rovman Powell|Prithvi Shaw|Yash Dhull|Anrich Nortje|Kuldeep Yadav|Axar Patel|David Warner|Mukesh Kumar|Mustafizur Rahman,Tim David|Rohit Sharma|Suryakumar Yadav|Cameron Green|Hrithik Shokeen|Ishan Kishan|Piyush Chawla|Jason Behrendorff|Riley Meredith|Tilak Varma|Arshad Khan,"Arun Jaitley Stadium, Delhi",MI,MI,DC
1359491,2023,CSK,RR,Tushar Deshpande|Sisanda Magala|Akash Singh|Ambati Rayudu|Ruturaj Gaikwad|Ajinkya Rahane|Shivam Dube|MS Dhoni|Devon Conway|Ravindra Jadeja|Maheesh Theekshana,Ravichandran Ashwin|Shimron Hetmyer|Kuldeep Sen|Sanju Samson|Yuzvendra Chahal|Jason Holder|Adam Zampa|Jos Buttler|Devdutt Padikkal|Dhruv Jurel|Sandeep Sharma,"MA Chidambaram Stadium, Chepauk, Chennai",RR,CSK,RR
1359492,2023,PBKS,GT,Sam Curran|Kagiso Rabada|Rahul Chahar|M Shahrukh Khan|Matthew Short|Jitesh Sharma|Prabhsimran Singh|Shikhar Dhawan|Arshdeep Singh|Harpreet Brar|Rishi Dhawan,Wriddhiman Saha|Mohit Sharma|Alzarri Joseph|Rahul Tewatia|Rashid Khan|Josh Little|Mohammed Shami|Hardik Pandya|Shubman Gill|David Miller|Sai Sudharsan,"Punjab Cricket Association IS Bindra Stadium, Mohali, Chandigarh",GT,GT,PBKS
1359493,2023,KKR,SRH,Sunil Narine|Narayan Jagadeesan|Nitish Rana|Andre Russell|Shardul Thakur|Umesh Yadav|Rahmanullah Gurbaz|Suyash Sharma|Venkatesh Iyer|Varun Chakravarthy|Rinku Singh,Marco Jansen|Bhuvneshwar Kumar|Washington Sundar|Aiden Markram|Heinrich Klaasen|Abhishek Sharma|Umran Malik|Mayank Markande|Rahul Tripathi|Harry Brook|T Natarajan,"Eden Gardens, Kolkata",SRH,KKR,SRH
1359494,2023,RCB,DC,Mahipal Lomror|Mohammed Siraj|Glenn Maxwell|Wayne Parnell|Shahbaz Ahmed|Faf du Plessis|Dinesh Karthik|Wanindu Hasaranga|Vijaykumar Vyshak|Virat Kohli|Anuj Rawat,Mitchell Marsh|Manish Pandey|Abishek Porel|Aman Hakim Khan|Prithvi Shaw|Yash Dhull|Anrich Nortje|Kuldeep Yadav|Axar Patel|David Warner|Mustafizur Rahman,"M.Chinnaswamy Stadium, Bengaluru",RCB,DC,RCB
1359495,2023,LSG,PBKS,Marcus Stoinis|Avesh Khan|Kyle Mayers|KL Rahul|Nicholas Pooran|Krunal Pandya|Mark Wood|Krishnappa Gowtham|Ravi Bishnoi|Ayush Badoni|Yudhvir Singh,Sam Curran|Kagiso Rabada|Rahul Chahar|Sikandar Raza|M Shahrukh Khan|Matthew Short|Jitesh Sharma|Prabhsimran Singh|Arshdeep Singh|Atharva Taide|Harpreet Brar,"Bharat Ratna Shri Atal Bihari Vajpayee Ekana Cricket Stadium, Lucknow",PBKS,KXIP,LSG
1359496,2023,KKR,MI,Sunil Narine|Narayan Jagadeesan|Nitish Rana|Shardul Thakur|Andre Russell|Umesh Yadav|Rahmanullah Gurbaz|Suyash Sharma|Venkatesh Iyer|Varun Chakravarthy|Rinku Singh,Tim David|Rohit Sharma|Suryakumar Yadav|Cameron Green|Arjun Tendulkar|Hrithik Shokeen|Ishan Kishan|Nehal Wadhera|Piyush Chawla|Duan Jansen|Riley Meredith,"Wankhede Stadium, Mumbai",MI,nan,KKR
1359497,2023,GT,RR,Wriddhiman Saha|Alzarri Joseph|Mohammed Shami|Noor Ahmad|Rahul Tewatia|Rashid Khan|Mohit Sharma|Abhinav Manohar|Hardik Pandya|Shubman Gill|David Miller,Ravichandran Ashwin|Shimron Hetmyer|Sanju Samson|Yuzvendra Chahal|Adam Zampa|Jos Buttler|Devdutt Padikkal|Trent Boult|Riyan Parag|Dhruv Jurel|Sandeep Sharma,"Narendra Modi Stadium, Motera, Ahmedabad",RR,RR,GT
1359498,2023,RCB,CSK,Mahipal Lomror|Mohammed Siraj|Glenn Maxwell|Wayne Parnell|Suyash Prabhudessai|Shahbaz Ahmed|Faf du Plessis|Dinesh Karthik|Wanindu Hasaranga|Harshal Patel|Virat Kohli,Tushar Deshpande|Akash Singh|Ambati Rayudu|Ruturaj Gaikwad|Ajinkya Rahane|Shivam Dube|MS Dhoni|Devon Conway|Ravindra Jadeja|Maheesh Theekshana|Matheesha Pathirana,"M.Chinnaswamy Stadium, Bengaluru",CSK,RCB,CSK
1359499,2023,SRH,MI,Marco Jansen|Bhuvneshwar Kumar|Washington Sundar|Aiden Markram|Abdul Samad|Heinrich Klaasen|Abhishek Sharma|Mayank Markande|Rahul Tripathi|Harry Brook|T Natarajan,Tim David|Rohit Sharma|Cameron Green|Suryakumar Yadav|Arjun Tendulkar|Hrithik Shokeen|Ishan Kishan|Piyush Chawla|Jason Behrendorff|Riley Meredith|Tilak Varma,"Rajiv Gandhi International Stadium, Uppal, Hyderabad",MI,SRH,MI
1359500,2023,RR,LSG,Ravichandran Ashwin|Shimron Hetmyer|Sanju Samson|Yuzvendra Chahal|Jason Holder|Jos Buttler|Devdutt Padikkal|Trent Boult|Riyan Parag|Dhruv Jurel|Sandeep Sharma,Marcus Stoinis|Avesh Khan|Kyle Mayers|KL Rahul|Nicholas Pooran|Naveen-ul-Haq|Krunal Pandya|Amit Mishra|Ravi Bishnoi|Ayush Badoni|Yudhvir Singh,"Sawai Mansingh Stadium, Jaipur",LSG,RR,LSG
1359501,2023,PBKS,RCB,Sam Curran|Rahul Chahar|M Shahrukh Khan|Nathan Ellis|Matthew Short|Jitesh Sharma|Liam Livingstone|Prabhsimran Singh|Arshdeep Singh|Atharva Taide|Harpreet Brar,Mahipal Lomror|Mohammed Siraj|Glenn Maxwell|Wayne Parnell|Shahbaz Ahmed|Faf du Plessis|Dinesh Karthik|Wanindu Hasaranga|Harshal Patel|Virat Kohli|Vijaykumar Vyshak,"Punjab Cricket Association IS Bindra Stadium, Mohali, Chandigarh",RCB,KXIP,PBKS
1359502,2023,DC,KKR,Mitchell Marsh|Manish Pandey|Aman Hakim Khan|Phil Salt|Prithvi Shaw|Anrich Nortje|Kuldeep Yadav|Axar Patel|David Warner|Mukesh Kumar|Lalit Yadav,Sunil Narine|Kulwant Khejroliya|Jason Roy|Litton Das|Mandeep Singh|Nitish Rana|Andre Russell|Umesh Yadav|Anukul Roy|Venkatesh Iyer|Varun Chakravarthy,"Arun Jaitley Stadium, Delhi",DC,DC,KKR
1359503,2023,CSK,SRH,Tushar Deshpande|Akash Singh|Ambati Rayudu|Ruturaj Gaikwad|Ajinkya Rahane|Devon Conway|Ravindra Jadeja|Maheesh Theekshana|Matheesha Pathirana|Moeen Ali,Marco Jansen|Bhuvneshwar Kumar|Washington Sundar|Aiden Markram|Mayank Dagar|Heinrich Klaasen|Abhishek Sharma|Umran Malik|Mayank Markande|Rahul Tripathi|Harry Brook,"MA Chidambaram Stadium, Chepauk, Chennai",CSK,CSK,SRH
1359504,2023,LSG,GT,Marcus Stoinis|Avesh Khan|Kyle Mayers|KL Rahul|Nicholas Pooran|Naveen-ul-Haq|Krunal Pandya|Prerak Mankad|Ravi Bishnoi|Amit Mishra|Ayush Badoni,Wriddhiman Saha|Vijay Shankar|Noor Ahmad|Rahul Tewatia|Rashid Khan|Jayant Yadav|Mohit Sharma|Abhinav Manohar|Hardik Pandya|Shubman Gill|David Miller,"Bharat Ratna Shri Atal Bihari Vajpayee Ekana Cricket Stadium, Lucknow",GT,GT,GT
1359505,2023,MI,PBKS,Tim David|Rohit Sharma|Cameron Green|Suryakumar Yadav|Arjun Tendulkar|Hrithik Shokeen|Ishan Kishan|Nehal Wadhera|Jofra Archer|Piyush Chawla|Jason Behrendorff,Sam Curran|Rahul Chahar|M Shahrukh Khan|Nathan Ellis|Matthew Short|Jitesh Sharma|Liam Livingstone|Prabhsimran Singh|Arshdeep Singh|Atharva Taide|Harpreet Brar,"Wankhede Stadium, Mumbai",PBKS,MI,PBKS
1359506,2023,RCB,RR,Mahipal Lomror|Mohammed Siraj|Glenn Maxwell|Suyash Prabhudessai|Shahbaz Ahmed|Faf du Plessis|Dinesh Karthik|Wanindu Hasaranga|Harshal Patel|Virat Kohli|David Willey,Ravichandran Ashwin|Shimron Hetmyer|Abdul Basith|Sanju Samson|Yuzvendra Chahal|Jason Holder|Jos Buttler|Devdutt Padikkal|Trent Boult|Dhruv Jurel|Sandeep Sharma,"M.Chinnaswamy Stadium, Bengaluru",RCB,RR,RCB
1359507,2023,KKR,CSK,Sunil Narine|David Wiese|Kulwant Khejroliya|Jason Roy|Narayan Jagadeesan|Nitish Rana|Andre Russell|Umesh Yadav|Suyash Sharma|Venkatesh Iyer|Varun Chakravarthy,Tushar Deshpande|Ruturaj Gaikwad|Ajinkya Rahane|Shivam Dube|MS Dhoni|Matheesha Pathirana|Devon Conway|Ravindra Jadeja|Maheesh Theekshana|Moeen Ali|Akash Singh,"Eden Gardens, Kolkata",CSK,KKR,CSK
1359508,2023,SRH,DC,Marco Jansen|Bhuvneshwar Kumar|Washington Sundar|Aiden Markram|Heinrich Klaasen|Abhishek Sharma|Umran Malik|Mayank Markande|Rahul Tripathi|Harry Brook|T Natarajan,Manish Pandey|Mitchell Marsh|Aman Hakim Khan|Phil Salt|Anrich Nortje|Kuldeep Yadav|Sarfaraz Khan|Axar Patel|Ripal Patel|David Warner|Mukesh Kumar,"Rajiv Gandhi International Stadium, Uppal, Hyderabad",DC,DC,DC
1359509,2023,GT,MI,Wriddhiman Saha|Vijay Shankar|Josh Little|Noor Ahmad|Rahul Tewatia|Rashid Khan|Mohit Sharma|Abhinav Manohar|Hardik Pandya|Shubman Gill|David Miller,Tim David|Rohit Sharma|Cameron Green|Suryakumar Yadav|Arjun Tendulkar|Ishan Kishan|Nehal Wadhera|Piyush Chawla|Jason Behrendorff|Kumar Kartikeya|Riley Meredith,"Narendra Modi Stadium, Motera, Ahmedabad",GT,MI,GT
1359510,2023,RCB,KKR,Mahipal Lomror|Mohammed Siraj|Glenn Maxwell|Suyash Prabhudessai|Shahbaz Ahmed|Faf du Plessis|Dinesh Karthik|Wanindu Hasaranga|Harshal Patel|Virat Kohli|David Willey,Sunil Narine|David Wiese|Jason Roy|Narayan Jagadeesan|Nitish Rana|Andre Russell|Vaibhav Arora|Umesh Yadav|Suyash Sharma|Venkatesh Iyer|Varun Chakravarthy,"M.Chinnaswamy Stadium, Bengaluru",KKR,RCB,KKR
1359511,2023,RR,CSK,Ravichandran Ashwin|Shimron Hetmyer|Sanju Samson|Yuzvendra Chahal|Jason Holder|Kuldip Yadav|Jos Buttler|Devdutt Padikkal|Adam Zampa|Dhruv Jurel|Sandeep Sharma,Tushar Deshpande|Akash Singh|Ambati Rayudu|Ruturaj Gaikwad|Ajinkya Rahane|Shivam Dube|Devon Conway|Ravindra Jadeja|Maheesh Theekshana|Matheesha Pathirana|Moeen Ali,"Sawai Mansingh Stadium, Jaipur",RR,RR,RR
1359512,2023,PBKS,LSG,Sam Curran|Rahul Chahar|Kagiso Rabada|Sikandar Raza|M Shahrukh Khan|Jitesh Sharma|Liam Livingstone|Prabhsimran Singh|Shikhar Dhawan|Atharva Taide|Arshdeep Singh,Marcus Stoinis|Avesh Khan|Kyle Mayers|Yash Thakur|KL Rahul|Nicholas Pooran|Naveen-ul-Haq|Krunal Pandya|Amit Mishra|Ravi Bishnoi|Ayush Badoni,"Punjab Cricket Association IS Bindra Stadium, Mohali, Chandigarh",LSG,KXIP,PBKS
1359513,2023,KKR,GT,Sunil Narine|David Wiese|Harshit Rana|Narayan Jagadeesan|Nitish Rana|Shardul Thakur|Andre Russell|Rahmanullah Gurbaz|Suyash Sharma|Venkatesh Iyer|Varun Chakravarthy,Wriddhiman Saha|Vijay Shankar|Mohit Sharma|Noor Ahmad|Rashid Khan|Josh Little|Mohammed Shami|Hardik Pandya|Shubman Gill|David Miller,"Eden Gardens, Kolkata",GT,GT,KKR
1359514,2023,DC,SRH,Mitchell Marsh|Manish Pandey|Phil Salt|Anrich Nortje|Kuldeep Yadav|Sarfaraz Khan|Axar Patel|Ripal Patel|David Warner|Mukesh Kumar|Priyam Garg,Bhuvneshwar Kumar|Aiden Markram|Abdul Samad|Heinrich Klaasen|Akeal Hosein|Abhishek Sharma|Umran Malik|Mayank Markande|Rahul Tripathi|Harry Brook|T Natarajan,"Arun Jaitley Stadium, Delhi",SRH,SRH,SRH
1359515,2023,CSK,PBKS,Tushar Deshpande|Akash Singh|Ruturaj Gaikwad|Shivam Dube|MS Dhoni|Devon Conway|Ravindra Jadeja|Maheesh Theekshana|Matheesha Pathirana|Moeen Ali,Sam Curran|Kagiso Rabada|Rahul Chahar|Sikandar Raza|M Shahrukh Khan|Jitesh Sharma|Liam Livingstone|Prabhsimran Singh|Shikhar Dhawan|Atharva Taide|Arshdeep Singh,"MA Chidambaram Stadium, Chepauk, Chennai",PBKS,CSK,CSK
1359516,2023,MI,RR,Tim David|Rohit Sharma|Cameron Green|Suryakumar Yadav|Ishan Kishan|Jofra Archer|Piyush Chawla|Kumar Kartikeya|Riley Meredith|Tilak Varma|Arshad Khan,Ravichandran Ashwin|Shimron Hetmyer|Kuldeep Sen|Sanju Samson|Yuzvendra Chahal|Jason Holder|Jos Buttler|Devdutt Padikkal|Trent Boult|Dhruv Jurel|Sandeep Sharma,"Wankhede Stadium, Mumbai",MI,RR,RR
1359517,2023,LSG,RCB,Marcus Stoinis|Kyle Mayers|Yash Thakur|KL Rahul|Nicholas Pooran|Naveen-ul-Haq|Krunal Pandya|Krishnappa Gowtham|Amit Mishra|Ravi Bishnoi|Ayush Badoni,Mahipal Lomror|Mohammed Siraj|Glenn Maxwell|Josh Hazlewood|Suyash Prabhudessai|Faf du Plessis|Dinesh Karthik|Wanindu Hasaranga|Karn Sharma|Virat Kohli|Anuj Rawat,"Bharat Ratna Shri Atal Bihari Vajpayee Ekana Cricket Stadium, Lucknow",RCB,RCB,RCB
1359518,2023,GT,DC,Wriddhiman Saha|Vijay Shankar|Mohit Sharma|Noor Ahmad|Rahul Tewatia|Rashid Khan|Josh Little|Abhinav Manohar|Hardik Pandya|Shubman Gill|David Miller,Manish Pandey|Rilee Rossouw|Aman Hakim Khan|Phil Salt|Anrich Nortje|Kuldeep Yadav|Ripal Patel|Axar Patel|David Warner|Priyam Garg|Khaleel Ahmed,"Narendra Modi Stadium, Motera, Ahmedabad",DC,DC,DC
1359520,2023,PBKS,MI,Sam Curran|Rahul Chahar|Nathan Ellis|Matthew Short|Jitesh Sharma|Liam Livingstone|Prabhsimran Singh|Shikhar Dhawan|Arshdeep Singh|Harpreet Brar|Rishi Dhawan,Tim David|Rohit Sharma|Cameron Green|Suryakumar Yadav|Akash Madhwal|Ishan Kishan|Jofra Archer|Piyush Chawla|Kumar Kartikeya|Tilak Varma|Arshad Khan,"Punjab Cricket Association IS Bindra Stadium, Mohali, Chandigarh",MI,MI,PBKS
1359521,2023,SRH,KKR,Marco Jansen|Bhuvneshwar Kumar|Aiden Markram|Abdul Samad|Heinrich Klaasen|Abhishek Sharma|Mayank Markande|Rahul Tripathi|Harry Brook|Kartik Tyagi|T Natarajan,Sunil Narine|Harshit Rana|Jason Roy|Nitish Rana|Andre Russell|Shardul Thakur|Vaibhav Arora|Anukul Roy|Rahmanullah Gurbaz|Venkatesh Iyer|Varun Chakravarthy,"Rajiv Gandhi International Stadium, Uppal, Hyderabad",KKR,KKR,KKR
1359523,2023,CSK,MI,Tushar Deshpande|Ambati Rayudu|Deepak Chahar|Ruturaj Gaikwad|Ajinkya Rahane|Shivam Dube|MS Dhoni|Devon Conway|Ravindra Jadeja|Maheesh Theekshana|Matheesha Pathirana,Tim David|Rohit Sharma|Cameron Green|Suryakumar Yadav|Raghav Goyal|Akash Madhwal|Ishan Kishan|Nehal Wadhera|Jofra Archer|Piyush Chawla|Tristan Stubbs,"MA Chidambaram Stadium, Chepauk, Chennai",CSK,CSK,MI
1359524,2023,DC,RCB,Mitchell Marsh|Rilee Rossouw|Phil Salt|Kuldeep Yadav|Axar Patel|David Warner|Mukesh Kumar|Khaleel Ahmed|Ishant Sharma,Mahipal Lomror|Mohammed Siraj|Glenn Maxwell|Josh Hazlewood|Faf du Plessis|Dinesh Karthik|Wanindu Hasaranga|Karn Sharma|Virat Kohli|Anuj Rawat|Harshal Patel,"Arun Jaitley Stadium, Delhi",DC,RCB,RCB
1359525,2023,GT,LSG,Wriddhiman Saha|Alzarri Joseph|Noor Ahmad|Rashid Khan|Mohit Sharma|Mohammed Shami|Hardik Pandya|Shubman Gill|David Miller,Marcus Stoinis|Swapnil Singh|Avesh Khan|Kyle Mayers|Yash Thakur|Nicholas Pooran|Krunal Pandya|Mohsin Khan|Quinton de Kock|Ravi Bishnoi|Ayush Badoni,"Narendra Modi Stadium, Motera, Ahmedabad",GT,LSG,GT
1359526,2023,RR,SRH,Ravichandran Ashwin|Shimron Hetmyer|Sanju Samson|Yuzvendra Chahal|Murugan Ashwin|Obed McCoy|Kuldip Yadav|Jos Buttler|Sandeep Sharma|Yashasvi Jaiswal,Marco Jansen|Bhuvneshwar Kumar|Aiden Markram|Vivrant Sharma|Abdul Samad|Heinrich Klaasen|Abhishek Sharma|Glenn Phillips|Mayank Markande|Rahul Tripathi|Anmolpreet Singh,"Sawai Mansingh Stadium, Jaipur",SRH,RR,RR
1359527,2023,KKR,PBKS,Sunil Narine|Harshit Rana|Jason Roy|Nitish Rana|Andre Russell|Shardul Thakur|Vaibhav Arora|Rahmanullah Gurbaz|Suyash Sharma|Venkatesh Iyer|Varun Chakravarthy,Sam Curran|Rahul Chahar|M Shahrukh Khan|Nathan Ellis|Jitesh Sharma|Liam Livingstone|Prabhsimran Singh|Shikhar Dhawan|Arshdeep Singh|Harpreet Brar|Rishi Dhawan,"Eden Gardens, Kolkata",KKR,KXIP,KXIP
1359528,2023,MI,RCB,Tim David|Rohit Sharma|Suryakumar Yadav|Cameron Green|Akash Madhwal|Ishan Kishan|Nehal Wadhera|Piyush Chawla|Chris Jordan|Jason Behrendorff|Kumar Kartikeya,Mahipal Lomror|Kedar Jadhav|Mohammed Siraj|Glenn Maxwell|Josh Hazlewood|Faf du Plessis|Dinesh Karthik|Wanindu Hasaranga|Harshal Patel|Virat Kohli|Anuj Rawat,"Wankhede Stadium, Mumbai",MI,MI,RCB
1359529,2023,CSK,DC,Tushar Deshpande|Ambati Rayudu|Deepak Chahar|Ruturaj Gaikwad|Ajinkya Rahane|Shivam Dube|MS Dhoni|Devon Conway|Ravindra Jadeja|Maheesh Theekshana|Matheesha Pathirana,Mitchell Marsh|Rilee Rossouw|Manish Pandey|Phil Salt|Aman Hakim Khan|Kuldeep Yadav|Ripal Patel|Axar Patel|Khaleel Ahmed|David Warner|Lalit Yadav,"MA Chidambaram Stadium, Chepauk, Chennai",CSK,CSK,CSK
1359530,2023,KKR,RR,Sunil Narine|Harshit Rana|Jason Roy|Nitish Rana|Andre Russell|Shardul Thakur|Anukul Roy|Rahmanullah Gurbaz|Suyash Sharma|Venkatesh Iyer|Varun Chakravarthy,Ravichandran Ashwin|Sanju Samson|Yuzvendra Chahal|Joe Root|Jos Buttler|Trent Boult|KM Asif|Sandeep Sharma|Yashasvi Jaiswal,"Eden Gardens, Kolkata",RR,RR,KKR
1359531,2023,MI,GT,Tim David|Rohit Sharma|Suryakumar Yadav|Cameron Green|Akash Madhwal|Ishan Kishan|Nehal Wadhera|Piyush Chawla|Chris Jordan|Jason Behrendorff|Vishnu Vinod,Wriddhiman Saha|Vijay Shankar|Alzarri Joseph|Noor Ahmad|Rahul Tewatia|Rashid Khan|Mohit Sharma|Abhinav Manohar|Hardik Pandya|Shubman Gill|David Miller,"Wankhede Stadium, Mumbai",MI,GT,MI
1359532,2023,SRH,LSG,Bhuvneshwar Kumar|Aiden Markram|Abdul Samad|Heinrich Klaasen|Abhishek Sharma|Fazalhaq Farooqi|Glenn Phillips|Mayank Markande|Rahul Tripathi|Anmolpreet Singh|T Natarajan,Marcus Stoinis|Avesh Khan|Kyle Mayers|Yash Thakur|Nicholas Pooran|Krunal Pandya|Quinton de Kock|Ravi Bishnoi|Prerak Mankad|Amit Mishra|Yudhvir Singh,"Rajiv Gandhi International Stadium, Uppal, Hyderabad",LSG,SRH,SRH
1359533,2023,DC,PBKS,Mitchell Marsh|Rilee Rossouw|Manish Pandey|Phil Salt|Aman Hakim Khan|Praveen Dubey|Kuldeep Yadav|Axar Patel|David Warner|Mukesh Kumar|Khaleel Ahmed,Sam Curran|Rahul Chahar|Sikandar Raza|M Shahrukh Khan|Nathan Ellis|Jitesh Sharma|Liam Livingstone|Prabhsimran Singh|Shikhar Dhawan|Arshdeep Singh|Harpreet Brar,"Arun Jaitley Stadium, Delhi",PBKS,DC,PBKS
1359534,2023,RR,RCB,Ravichandran Ashwin|Shimron Hetmyer|KM Asif|Sanju Samson|Yuzvendra Chahal|Joe Root|Adam Zampa|Jos Buttler|Devdutt Padikkal|Dhruv Jurel|Sandeep Sharma,Mahipal Lomror|Mohammed Siraj|Michael Bracewell|Glenn Maxwell|Wayne Parnell|Faf du Plessis|Dinesh Karthik|Karn Sharma|Virat Kohli|Anuj Rawat,"Sawai Mansingh Stadium, Jaipur",RCB,RCB,RCB
1359535,2023,CSK,KKR,Tushar Deshpande|Ambati Rayudu|Deepak Chahar|Ruturaj Gaikwad|Ajinkya Rahane|Shivam Dube|MS Dhoni|Devon Conway|Ravindra Jadeja|Maheesh Theekshana|Matheesha Pathirana,Sunil Narine|Harshit Rana|Jason Roy|Nitish Rana|Andre Russell|Vaibhav Arora|Shardul Thakur|Rahmanullah Gurbaz|Suyash Sharma|Venkatesh Iyer|Varun Chakravarthy,"MA Chidambaram Stadium, Chepauk, Chennai",KKR,CSK,CSK
1359536,2023,GT,SRH,Wriddhiman Saha|Noor Ahmad|Yash Dayal|Dasun Shanaka|Rahul Tewatia|Rashid Khan|Mohit Sharma|Mohammed Shami|Hardik Pandya|Shubman Gill|David Miller,Marco Jansen|Bhuvneshwar Kumar|Aiden Markram|Abdul Samad|Heinrich Klaasen|Abhishek Sharma|Fazalhaq Farooqi|Sanvir Singh|Mayank Markande|Rahul Tripathi|Anmolpreet Singh,"Narendra Modi Stadium, Motera, Ahmedabad",GT,SRH,GT
1359537,2023,LSG,MI,Marcus Stoinis|Swapnil Singh|Yash Thakur|Nicholas Pooran|Naveen-ul-Haq|Krunal Pandya|Mohsin Khan|Quinton de Kock|Prerak Mankad|Ravi Bishnoi|Deepak Hooda,Tim David|Rohit Sharma|Suryakumar Yadav|Cameron Green|Hrithik Shokeen|Akash Madhwal|Ishan Kishan|Nehal Wadhera|Piyush Chawla|Chris Jordan|Jason Behrendorff,"Bharat Ratna Shri Atal Bihari Vajpayee Ekana Cricket Stadium, Lucknow",LSG,MI,LSG
1359538,2023,DC,PBKS,Rilee Rossouw|Phil Salt|Prithvi Shaw|Anrich Nortje|Kuldeep Yadav|Axar Patel|David Warner|Mukesh Kumar|Khaleel Ahmed|Ishant Sharma,Sam Curran|Rahul Chahar|Kagiso Rabada|M Shahrukh Khan|Nathan Ellis|Jitesh Sharma|Liam Livingstone|Prabhsimran Singh|Shikhar Dhawan|Atharva Taide|Harpreet Brar,"Himachal Pradesh Cricket Association Stadium, Dharamsala",DC,nan,DC
1359539,2023,SRH,RCB,Bhuvneshwar Kumar|Nitish Kumar Reddy|Aiden Markram|Mayank Dagar|Heinrich Klaasen|Abhishek Sharma|Glenn Phillips|Rahul Tripathi|Harry Brook|Kartik Tyagi|T Natarajan,Mohammed Siraj|Michael Bracewell|Glenn Maxwell|Wayne Parnell|Shahbaz Ahmed|Faf du Plessis|Karn Sharma|Virat Kohli|Harshal Patel,"Rajiv Gandhi International Stadium, Uppal, Hyderabad",RCB,RCB,SRH
1359540,2023,PBKS,RR,Sam Curran|Kagiso Rabada|Rahul Chahar|M Shahrukh Khan|Nathan Ellis|Jitesh Sharma|Liam Livingstone|Prabhsimran Singh|Shikhar Dhawan|Atharva Taide|Arshdeep Singh,Shimron Hetmyer|Navdeep Saini|Sanju Samson|Yuzvendra Chahal|Adam Zampa|Jos Buttler|Devdutt Padikkal|Trent Boult|Riyan Parag|Dhruv Jurel|Sandeep Sharma,"Himachal Pradesh Cricket Association Stadium, Dharamsala",RR,RR,PBKS
1359541,2023,DC,CSK,Aman Hakim Khan|Rilee Rossouw|Phil Salt|Prithvi Shaw|Yash Dhull|Anrich Nortje|Kuldeep Yadav|Chetan Sakariya|Axar Patel|Khaleel Ahmed|David Warner,Tushar Deshpande|Deepak Chahar|Ruturaj Gaikwad|MS Dhoni|Shivam Dube|Devon Conway|Ravindra Jadeja|Maheesh Theekshana|Matheesha Pathirana,"Arun Jaitley Stadium, Delhi",CSK,CSK,CSK
1359542,2023,KKR,LSG,Sunil Narine|Harshit Rana|Jason Roy|Nitish Rana|Andre Russell|Shardul Thakur|Vaibhav Arora|Rahmanullah Gurbaz|Suyash Sharma|Venkatesh Iyer|Varun Chakravarthy,Marcus Stoinis|Yash Thakur|Karan Sharma|Nicholas Pooran|Naveen-ul-Haq|Krunal Pandya|Mohsin Khan|Quinton de Kock|Krishnappa Gowtham|Prerak Mankad|Ravi Bishnoi,"Eden Gardens, Kolkata",LSG,KKR,LSG
1359543,2023,MI,SRH,Rohit Sharma|Cameron Green|Suryakumar Yadav|Akash Madhwal|Ishan Kishan|Piyush Chawla|Chris Jordan|Jason Behrendorff|Kumar Kartikeya,Bhuvneshwar Kumar|Nitish Kumar Reddy|Aiden Markram|Vivrant Sharma|Mayank Dagar|Heinrich Klaasen|Sanvir Singh|Umran Malik|Glenn Phillips|Harry Brook|Kartik Tyagi,"Wankhede Stadium, Mumbai",MI,MI,SRH
1359544,2023,RCB,GT,Mahipal Lomror|Mohammed Siraj|Michael Bracewell|Glenn Maxwell|Wayne Parnell|Himanshu Sharma|Faf du Plessis|Dinesh Karthik|Harshal Patel|Virat Kohli|Anuj Rawat,Wriddhiman Saha|Vijay Shankar|Noor Ahmad|Yash Dayal|Dasun Shanaka|Rahul Tewatia|Rashid Khan|Mohit Sharma|Mohammed Shami|Shubman Gill|David Miller,"M.Chinnaswamy Stadium, Bengaluru",GT,GT,RCB
1370350,2023,CSK,GT,Tushar Deshpande|Ambati Rayudu|Deepak Chahar|Ruturaj Gaikwad|Ajinkya Rahane|Shivam Dube|MS Dhoni|Devon Conway|Ravindra Jadeja|Maheesh Theekshana|Matheesha Pathirana,Wriddhiman Saha|Vijay Shankar|Noor Ahmad|Darshan Nalkande|Dasun Shanaka|Rahul Tewatia|Rashid Khan|Mohit Sharma|Mohammed Shami|Hardik Pandya|Shubman Gill,"MA Chidambaram Stadium, Chepauk, Chennai",CSK,GT,CSK
1370351,2023,LSG,MI,Marcus Stoinis|Kyle Mayers|Yash Thakur|Nicholas Pooran|Naveen-ul-Haq|Krunal Pandya|Mohsin Khan|Krishnappa Gowtham|Prerak Mankad|Ravi Bishnoi|Ayush Badoni,Tim David|Rohit Sharma|Cameron Green|Suryakumar Yadav|Hrithik Shokeen|Akash Madhwal|Ishan Kishan|Nehal Wadhera|Piyush Chawla|Chris Jordan|Jason Behrendorff,"MA Chidambaram Stadium, Chepauk, Chennai",MI,MI,MI
1370352,2023,GT,MI,Wriddhiman Saha|Mohit Sharma|Noor Ahmad|Rashid Khan|Josh Little|Mohammed Shami|Hardik Pandya|Shubman Gill|Sai Sudharsan,Tim David|Rohit Sharma|Cameron Green|Suryakumar Yadav|Akash Madhwal|Nehal Wadhera|Piyush Chawla|Chris Jordan|Jason Behrendorff|Vishnu Vinod|Kumar Kartikeya,"Narendra Modi Stadium, Motera, Ahmedabad",GT,MI,GT
1370353,2023,GT,CSK,Wriddhiman Saha|Mohit Sharma|Noor Ahmad|Rashid Khan|Josh Little|Mohammed Shami|Hardik Pandya|Shubman Gill|Sai Sudharsan,Tushar Deshpande|Ambati Rayudu|Deepak Chahar|Ruturaj Gaikwad|Ajinkya Rahane|Shivam Dube|MS Dhoni|Devon Conway|Ravindra Jadeja|Maheesh Theekshana|Matheesha Pathirana,"Narendra Modi Stadium, Motera, Ahmedabad",CSK,CSK,GT
1422119,2024,CSK,RCB,Tushar Deshpande|Deepak Chahar|Ruturaj Gaikwad|Ajinkya Rahane|Shivam Dube|Rachin Ravindra|Daryl Mitchell|Ravindra Jadeja|Mustafizur Rahman|Maheesh Theekshana,Cameron Green|Mohammed Siraj|Alzarri Joseph|Glenn Maxwell|Yash Dayal|Mayank Dagar|Faf du Plessis|Dinesh Karthik|Karn Sharma|Rajat Patidar|Virat Kohli,"MA Chidambaram Stadium, Chepauk, Chennai",CSK,RCB,RCB
1422120,2024,PBKS,DC,Sam Curran|Kagiso Rabada|Rahul Chahar|Jonny Bairstow|Jitesh Sharma|Liam Livingstone|Prabhsimran Singh|Shikhar Dhawan|Arshdeep Singh|Harpreet Brar|Shashank Singh,Mitchell Marsh|Abishek Porel|Sumit Kumar|Kuldeep Yadav|Rishabh Pant|Axar Patel|Shai Hope|David Warner|Tristan Stubbs|Khaleel Ahmed|Ricky Bhui,"Maharaja Yadavindra Singh International Cricket Stadium, Mullanpur",PBKS,PBKS,DC
1422121,2024,KKR,SRH,Sunil Narine|Ramandeep Singh|Harshit Rana|Phil Salt|Nitish Rana|Andre Russell|Mitchell Starc|Suyash Sharma|Venkatesh Iyer|Varun Chakravarthy|Rinku Singh,Marco Jansen|Bhuvneshwar Kumar|Aiden Markram|Abdul Samad|Heinrich Klaasen|Abhishek Sharma|Shahbaz Ahmed|T Natarajan|Mayank Markande|Rahul Tripathi|Pat Cummins,"Eden Gardens, Kolkata",KKR,SRH,KKR
1422122,2024,RR,LSG,Ravichandran Ashwin|Shimron Hetmyer|Avesh Khan|Sandeep Sharma|Sanju Samson|Nandre Burger|Jos Buttler|Trent Boult|Riyan Parag|Dhruv Jurel|Yuzvendra Chahal,Marcus Stoinis|Yash Thakur|KL Rahul|Nicholas Pooran|Naveen-ul-Haq|Devdutt Padikkal|Krunal Pandya|Mohsin Khan|Quinton de Kock|Ravi Bishnoi|Ayush Badoni,"Sawai Mansingh Stadium, Jaipur",RR,RR,RR
1422123,2024,GT,MI,Azmatullah Omarzai|Wriddhiman Saha|Vijay Shankar|Mohit Sharma|Spencer Johnson|Sai Kishore|Rahul Tewatia|Rashid Khan|Umesh Yadav|Shubman Gill|David Miller,Tim David|Rohit Sharma|Hardik Pandya|Ishan Kishan|Piyush Chawla|Shams Mulani|Dewald Brevis|Luke Wood|Gerald Coetzee|Naman Dhir|Jasprit Bumrah,"Narendra Modi Stadium, Motera, Ahmedabad",GT,MI,GT
1422124,2024,RCB,PBKS,Cameron Green|Mahipal Lomror|Mohammed Siraj|Alzarri Joseph|Glenn Maxwell|Yash Dayal|Mayank Dagar|Faf du Plessis|Dinesh Karthik|Rajat Patidar|Virat Kohli,Sam Curran|Kagiso Rabada|Rahul Chahar|Jonny Bairstow|Jitesh Sharma|Liam Livingstone|Prabhsimran Singh|Shikhar Dhawan|Arshdeep Singh|Harpreet Brar|Shashank Singh,"M.Chinnaswamy Stadium, Bengaluru",RCB,RCB,PBKS
1422125,2024,CSK,GT,Tushar Deshpande|Deepak Chahar|Ruturaj Gaikwad|Ajinkya Rahane|Shivam Dube|Rachin Ravindra|Daryl Mitchell|Ravindra Jadeja|Mustafizur Rahman|Matheesha Pathirana|Sameer Rizvi,Azmatullah Omarzai|Wriddhiman Saha|Vijay Shankar|Mohit Sharma|Spencer Johnson|Sai Kishore|Rahul Tewatia|Rashid Khan|Umesh Yadav|Shubman Gill|David Miller,"MA Chidambaram Stadium, Chepauk, Chennai",CSK,GT,CSK
1422126,2024,SRH,MI,Jaydev Unadkat|Travis Head|Bhuvneshwar Kumar|Aiden Markram|Heinrich Klaasen|Abhishek Sharma|Shahbaz Ahmed|Umran Malik|Mayank Markande|Pat Cummins|Mayank Agarwal,Tim David|Rohit Sharma|Ishan Kishan|Naman Dhir|Piyush Chawla|Shams Mulani|Kwena Maphaka|Gerald Coetzee|Hardik Pandya|Jasprit Bumrah|Tilak Varma,"Rajiv Gandhi International Stadium, Uppal, Hyderabad",SRH,MI,SRH
1422127,2024,RR,DC,Ravichandran Ashwin|Shimron Hetmyer|Avesh Khan|Sandeep Sharma|Sanju Samson|Nandre Burger|Jos Buttler|Trent Boult|Riyan Parag|Dhruv Jurel|Yuzvendra Chahal,Mitchell Marsh|Abishek Porel|Anrich Nortje|Kuldeep Yadav|Rishabh Pant|Axar Patel|David Warner|Tristan Stubbs|Mukesh Kumar|Khaleel Ahmed|Ricky Bhui,"Sawai Mansingh Stadium, Jaipur",RR,DC,RR
1422128,2024,RCB,KKR,Cameron Green|Mohammed Siraj|Alzarri Joseph|Glenn Maxwell|Yash Dayal|Mayank Dagar|Faf du Plessis|Dinesh Karthik|Rajat Patidar|Virat Kohli|Anuj Rawat,Sunil Narine|Harshit Rana|Phil Salt|Andre Russell|Anukul Roy|Mitchell Starc|Venkatesh Iyer|Varun Chakravarthy|Rinku Singh|Shreyas Iyer,"M.Chinnaswamy Stadium, Bengaluru",KKR,KKR,RCB
1422129,2024,LSG,PBKS,Marcus Stoinis|Manimaran Siddharth|KL Rahul|Nicholas Pooran|Naveen-ul-Haq|Devdutt Padikkal|Krunal Pandya|Mohsin Khan|Mayank Yadav|Quinton de Kock|Ravi Bishnoi,Sam Curran|Kagiso Rabada|Rahul Chahar|Jonny Bairstow|Jitesh Sharma|Liam Livingstone|Prabhsimran Singh|Shikhar Dhawan|Arshdeep Singh|Harpreet Brar|Shashank Singh,"Bharat Ratna Shri Atal Bihari Vajpayee Ekana Cricket Stadium, Lucknow",LSG,LSG,LSG
1422130,2024,GT,SRH,Azmatullah Omarzai|Wriddhiman Saha|Vijay Shankar|Mohit Sharma|Noor Ahmad|Darshan Nalkande|Rashid Khan|Umesh Yadav|Shubman Gill|David Miller|Sai Sudharsan,Jaydev Unadkat|Travis Head|Bhuvneshwar Kumar|Washington Sundar|Aiden Markram|Abdul Samad|Heinrich Klaasen|Abhishek Sharma|Shahbaz Ahmed|Mayank Markande|Pat Cummins,"Narendra Modi Stadium, Motera, Ahmedabad",GT,SRH,SRH
1422131,2024,DC,CSK,Mitchell Marsh|Abishek Porel|Prithvi Shaw|Anrich Nortje|Rishabh Pant|Axar Patel|David Warner|Tristan Stubbs|Rasikh Salam|Mukesh Kumar|Khaleel Ahmed,Tushar Deshpande|Deepak Chahar|Ruturaj Gaikwad|Ajinkya Rahane|Shivam Dube|Rachin Ravindra|MS Dhoni|Daryl Mitchell|Ravindra Jadeja|Mustafizur Rahman|Matheesha Pathirana,"Dr. Y.S. Rajasekhara Reddy ACA-VDCA Cricket Stadium, Visakhapatnam",DC,DC,DC
1422132,2024,MI,RR,Tim David|Rohit Sharma|Hardik Pandya|Akash Madhwal|Ishan Kishan|Piyush Chawla|Dewald Brevis|Gerald Coetzee|Naman Dhir|Jasprit Bumrah|Tilak Varma,Ravichandran Ashwin|Avesh Khan|Sanju Samson|Shubham Dubey|Nandre Burger|Jos Buttler|Trent Boult|Riyan Parag|Yuzvendra Chahal|Yashasvi Jaiswal,"Wankhede Stadium, Mumbai",RR,RR,MI
1422133,2024,RCB,LSG,Cameron Green|Mahipal Lomror|Mohammed Siraj|Glenn Maxwell|Mayank Dagar|Reece Topley|Yash Dayal|Faf du Plessis|Dinesh Karthik|Rajat Patidar|Virat Kohli,Marcus Stoinis|Manimaran Siddharth|Yash Thakur|KL Rahul|Nicholas Pooran|Naveen-ul-Haq|Devdutt Padikkal|Krunal Pandya|Mayank Yadav|Quinton de Kock|Ravi Bishnoi,"M.Chinnaswamy Stadium, Bengaluru",LSG,RCB,LSG
1422134,2024,DC,KKR,Mitchell Marsh|Abishek Porel|Sumit Kumar|Prithvi Shaw|Anrich Nortje|Rishabh Pant|Axar Patel|David Warner|Tristan Stubbs|Rasikh Salam|Khaleel Ahmed,Sunil Narine|Ramandeep Singh|Angkrish Raghuvanshi|Phil Salt|Andre Russell|Vaibhav Arora|Mitchell Starc|Venkatesh Iyer|Varun Chakravarthy|Rinku Singh|Shreyas Iyer,"Dr. Y.S. Rajasekhara Reddy ACA-VDCA Cricket Stadium, Visakhapatnam",KKR,KKR,KKR
1422135,2024,GT,PBKS,Kane Williamson|Wriddhiman Saha|Vijay Shankar|Azmatullah Omarzai|Mohit Sharma|Noor Ahmad|Darshan Nalkande|Rahul Tewatia|Rashid Khan|Umesh Yadav|Shubman Gill,Sam Curran|Kagiso Rabada|Sikandar Raza|Jonny Bairstow|Jitesh Sharma|Harshal Patel|Prabhsimran Singh|Shikhar Dhawan|Arshdeep Singh|Harpreet Brar|Shashank Singh,"Narendra Modi Stadium, Motera, Ahmedabad",PBKS,PBKS,GT
1422136,2024,SRH,CSK,Jaydev Unadkat|Travis Head|Nitish Kumar Reddy|Bhuvneshwar Kumar|Aiden Markram|Heinrich Klaasen|Abhishek Sharma|Shahbaz Ahmed|Mayank Markande|Pat Cummins|T Natarajan,Tushar Deshpande|Deepak Chahar|Ruturaj Gaikwad|Ajinkya Rahane|Shivam Dube|Rachin Ravindra|MS Dhoni|Daryl Mitchell|Ravindra Jadeja|Maheesh Theekshana|Mukesh Choudhary,"Rajiv Gandhi International Stadium, Uppal, Hyderabad",SRH,SRH,CSK
1422137,2024,RR,RCB,Ravichandran Ashwin|Shimron Hetmyer|Avesh Khan|Sanju Samson|Nandre Burger|Jos Buttler|Trent Boult|Riyan Parag|Dhruv Jurel|Yuzvendra Chahal|Yashasvi Jaiswal,Cameron Green|Mohammed Siraj|Glenn Maxwell|Yash Dayal|Saurav Chauhan|Mayank Dagar|Himanshu Sharma|Faf du Plessis|Virat Kohli|Reece Topley,"Sawai Mansingh Stadium, Jaipur",RR,RR,RCB
1422138,2024,MI,DC,Tim David|Rohit Sharma|Suryakumar Yadav|Akash Madhwal|Ishan Kishan|Mohammad Nabi|Piyush Chawla|Gerald Coetzee|Hardik Pandya|Jasprit Bumrah|Tilak Varma,Abishek Porel|Prithvi Shaw|Anrich Nortje|Rishabh Pant|Jhye Richardson|Axar Patel|Khaleel Ahmed|David Warner|Tristan Stubbs|Lalit Yadav|Kumar Kushagra,"Wankhede Stadium, Mumbai",MI,DC,MI
1422139,2024,LSG,GT,Marcus Stoinis|Manimaran Siddharth|Yash Thakur|KL Rahul|Nicholas Pooran|Naveen-ul-Haq|Devdutt Padikkal|Krunal Pandya|Mayank Yadav|Quinton de Kock|Ravi Bishnoi,Vijay Shankar|BR Sharath|Mohit Sharma|Spencer Johnson|Noor Ahmad|Darshan Nalkande|Sai Sudharsan|Rahul Tewatia|Rashid Khan|Umesh Yadav|Shubman Gill,"Bharat Ratna Shri Atal Bihari Vajpayee Ekana Cricket Stadium, Lucknow",LSG,LSG,LSG
1426260,2024,CSK,KKR,Tushar Deshpande|Ruturaj Gaikwad|Shardul Thakur|MS Dhoni|Shivam Dube|Rachin Ravindra|Daryl Mitchell|Ravindra Jadeja|Mustafizur Rahman|Maheesh Theekshana,Sunil Narine|Ramandeep Singh|Angkrish Raghuvanshi|Phil Salt|Andre Russell|Vaibhav Arora|Anukul Roy|Mitchell Starc|Venkatesh Iyer|Varun Chakravarthy|Rinku Singh,"MA Chidambaram Stadium, Chepauk, Chennai",CSK,CSK,KKR
1426261,2024,PBKS,SRH,Sam Curran|Kagiso Rabada|Harpreet Brar|Sikandar Raza|Jonny Bairstow|Jitesh Sharma|Prabhsimran Singh|Shikhar Dhawan|Arshdeep Singh|Harshal Patel|Shashank Singh,Jaydev Unadkat|Travis Head|Nitish Kumar Reddy|Bhuvneshwar Kumar|Aiden Markram|Abdul Samad|Heinrich Klaasen|Abhishek Sharma|Shahbaz Ahmed|Rahul Tripathi|Pat Cummins,"Maharaja Yadavindra Singh International Cricket Stadium, Mullanpur",SRH,PBKS,SRH
1426262,2024,RR,GT,Ravichandran Ashwin|Shimron Hetmyer|Avesh Khan|Kuldeep Sen|Sanju Samson|Jos Buttler|Keshav Maharaj|Trent Boult|Riyan Parag|Yuzvendra Chahal|Yashasvi Jaiswal,Vijay Shankar|Mohit Sharma|Spencer Johnson|M Shahrukh Khan|Noor Ahmad|Sai Sudharsan|Rahul Tewatia|Rashid Khan|Umesh Yadav|Abhinav Manohar|Shubman Gill,"Sawai Mansingh Stadium, Jaipur",GT,GT,RR
1426263,2024,MI,RCB,Rohit Sharma|Suryakumar Yadav|Akash Madhwal|Ishan Kishan|Mohammad Nabi|Shreyas Gopal|Gerald Coetzee|Hardik Pandya|Jasprit Bumrah|Tilak Varma|Romario Shepherd,Mahipal Lomror|Mohammed Siraj|Glenn Maxwell|Saurav Chauhan|Faf du Plessis|Will Jacks|Dinesh Karthik|Akash Deep|Rajat Patidar|Virat Kohli|Reece Topley,"Wankhede Stadium, Mumbai",MI,MI,RCB
1426264,2024,LSG,DC,Marcus Stoinis|Yash Thakur|KL Rahul|Nicholas Pooran|Naveen-ul-Haq|Devdutt Padikkal|Krunal Pandya|Quinton de Kock|Ravi Bishnoi|Ayush Badoni|Deepak Hooda,Jake Fraser-McGurk|Prithvi Shaw|Kuldeep Yadav|Rishabh Pant|Axar Patel|Shai Hope|David Warner|Tristan Stubbs|Mukesh Kumar|Khaleel Ahmed|Ishant Sharma,"Bharat Ratna Shri Atal Bihari Vajpayee Ekana Cricket Stadium, Lucknow",DC,LSG,LSG
1426265,2024,PBKS,RR,Sam Curran|Kagiso Rabada|Jonny Bairstow|Jitesh Sharma|Harshal Patel|Liam Livingstone|Prabhsimran Singh|Arshdeep Singh|Atharva Taide|Harpreet Brar|Shashank Singh,Rovman Powell|Shimron Hetmyer|Kuldeep Sen|Avesh Khan|Tanush Kotian|Sanju Samson|Keshav Maharaj|Trent Boult|Riyan Parag|Dhruv Jurel|Yuzvendra Chahal,"Maharaja Yadavindra Singh International Cricket Stadium, Mullanpur",RR,RR,PBKS
1426266,2024,KKR,LSG,Sunil Narine|Angkrish Raghuvanshi|Harshit Rana|Phil Salt|Vaibhav Arora|Andre Russell|Mitchell Starc|Varun Chakravarthy|Shreyas Iyer,Marcus Stoinis|Yash Thakur|KL Rahul|Nicholas Pooran|Krunal Pandya|Mohsin Khan|Quinton de Kock|Shamar Joseph|Ravi Bishnoi|Ayush Badoni|Deepak Hooda,"Eden Gardens, Kolkata",KKR,KKR,LSG
1426267,2024,MI,CSK,Tim David|Rohit Sharma|Suryakumar Yadav|Akash Madhwal|Ishan Kishan|Mohammad Nabi|Shreyas Gopal|Gerald Coetzee|Hardik Pandya|Jasprit Bumrah|Tilak Varma,Tushar Deshpande|Ajinkya Rahane|Ruturaj Gaikwad|Shardul Thakur|Shivam Dube|Rachin Ravindra|MS Dhoni|Daryl Mitchell|Ravindra Jadeja|Mustafizur Rahman|Matheesha Pathirana,"Wankhede Stadium, Mumbai",CSK,MI,CSK
1426268,2024,RCB,SRH,Mahipal Lomror|Reece Topley|Yash Dayal|Saurav Chauhan|Faf du Plessis|Will Jacks|Dinesh Karthik|Rajat Patidar|Virat Kohli|Anuj Rawat|Vijaykumar Vyshak,Jaydev Unadkat|Travis Head|Bhuvneshwar Kumar|Aiden Markram|Abdul Samad|Heinrich Klaasen|Abhishek Sharma|Shahbaz Ahmed|Mayank Markande|Pat Cummins|T Natarajan,"M.Chinnaswamy Stadium, Bengaluru",SRH,RCB,SRH
1426269,2024,KKR,RR,Sunil Narine|Ramandeep Singh|Angkrish Raghuvanshi|Harshit Rana|Phil Salt|Andre Russell|Vaibhav Arora|Mitchell Starc|Venkatesh Iyer|Varun Chakravarthy|Rinku Singh,Ravichandran Ashwin|Shimron Hetmyer|Rovman Powell|Avesh Khan|Kuldeep Sen|Sanju Samson|Jos Buttler|Trent Boult|Riyan Parag|Dhruv Jurel|Yuzvendra Chahal,"Eden Gardens, Kolkata",RR,RR,KKR
1426270,2024,GT,DC,Sandeep Warrier|Wriddhiman Saha|Spencer Johnson|M Shahrukh Khan|Noor Ahmad|Rahul Tewatia|Rashid Khan|Mohit Sharma|Abhinav Manohar|Shubman Gill|David Miller,Jake Fraser-McGurk|Abishek Porel|Sumit Kumar|Prithvi Shaw|Kuldeep Yadav|Rishabh Pant|Axar Patel|Shai Hope|Tristan Stubbs|Mukesh Kumar|Khaleel Ahmed,"Narendra Modi Stadium, Motera, Ahmedabad",DC,DC,GT
1426271,2024,PBKS,MI,Sam Curran|Rilee Rossouw|Harpreet Brar|Kagiso Rabada|Jitesh Sharma|Harshal Patel|Liam Livingstone|Prabhsimran Singh|Arshdeep Singh|Ashutosh Sharma|Shashank Singh,Tim David|Rohit Sharma|Suryakumar Yadav|Akash Madhwal|Ishan Kishan|Mohammad Nabi|Shreyas Gopal|Gerald Coetzee|Hardik Pandya|Jasprit Bumrah|Tilak Varma,"Maharaja Yadavindra Singh International Cricket Stadium, Mullanpur",MI,PBKS,MI
1426272,2024,LSG,CSK,Marcus Stoinis|Yash Thakur|KL Rahul|Nicholas Pooran|Krunal Pandya|Mohsin Khan|Matt Henry|Quinton de Kock|Ravi Bishnoi,Tushar Deshpande|Deepak Chahar|Ajinkya Rahane|Ruturaj Gaikwad|Shivam Dube|Rachin Ravindra|MS Dhoni|Ravindra Jadeja|Mustafizur Rahman|Matheesha Pathirana|Sameer Rizvi,"Bharat Ratna Shri Atal Bihari Vajpayee Ekana Cricket Stadium, Lucknow",LSG,LSG,CSK
1426273,2024,DC,SRH,Jake Fraser-McGurk|Abishek Porel|Prithvi Shaw|Anrich Nortje|Kuldeep Yadav|Rishabh Pant|Axar Patel|Khaleel Ahmed|David Warner|Tristan Stubbs|Mukesh Kumar,Travis Head|Nitish Kumar Reddy|Washington Sundar|Aiden Markram|Bhuvneshwar Kumar|Abdul Samad|Heinrich Klaasen|Abhishek Sharma|Shahbaz Ahmed|Mayank Markande|Pat Cummins,"Arun Jaitley Stadium, Delhi",SRH,DC,SRH
1426274,2024,KKR,RCB,Sunil Narine|Ramandeep Singh|Angkrish Raghuvanshi|Harshit Rana|Phil Salt|Andre Russell|Mitchell Starc|Suyash Sharma|Venkatesh Iyer|Varun Chakravarthy|Rinku Singh,Cameron Green|Mahipal Lomror|Mohammed Siraj|Yash Dayal|Suyash Prabhudessai|Faf du Plessis|Will Jacks|Dinesh Karthik|Karn Sharma|Rajat Patidar|Virat Kohli,"Eden Gardens, Kolkata",KKR,RCB,KKR
1426275,2024,PBKS,GT,Sam Curran|Rilee Rossouw|Kagiso Rabada|Harpreet Singh|Jitesh Sharma|Harshal Patel|Liam Livingstone|Prabhsimran Singh|Arshdeep Singh|Harpreet Brar|Shashank Singh,Azmatullah Omarzai|Wriddhiman Saha|Sandeep Warrier|M Shahrukh Khan|Noor Ahmad|Sai Kishore|Rahul Tewatia|Rashid Khan|Mohit Sharma|Shubman Gill|David Miller,"Maharaja Yadavindra Singh International Cricket Stadium, Mullanpur",GT,PBKS,PBKS
1426277,2024,CSK,LSG,Tushar Deshpande|Deepak Chahar|Ajinkya Rahane|Ruturaj Gaikwad|Shardul Thakur|Shivam Dube|MS Dhoni|Daryl Mitchell|Ravindra Jadeja|Mustafizur Rahman|Matheesha Pathirana,Marcus Stoinis|Yash Thakur|KL Rahul|Nicholas Pooran|Devdutt Padikkal|Mohsin Khan|Krunal Pandya|Matt Henry|Quinton de Kock|Ravi Bishnoi|Deepak Hooda,"MA Chidambaram Stadium, Chepauk, Chennai",LSG,LSG,CSK
1426278,2024,DC,GT,Jake Fraser-McGurk|Prithvi Shaw|Anrich Nortje|Kuldeep Yadav|Rishabh Pant|Axar Patel|Shai Hope|Tristan Stubbs|Rasikh Salam|Mukesh Kumar|Khaleel Ahmed,Azmatullah Omarzai|Wriddhiman Saha|Sandeep Warrier|M Shahrukh Khan|Noor Ahmad|Sai Kishore|Rahul Tewatia|Rashid Khan|Mohit Sharma|Shubman Gill|David Miller,"Arun Jaitley Stadium, Delhi",DC,GT,DC
1426279,2024,SRH,RCB,Jaydev Unadkat|Travis Head|Nitish Kumar Reddy|Bhuvneshwar Kumar|Aiden Markram|Abdul Samad|Heinrich Klaasen|Abhishek Sharma|Shahbaz Ahmed|Mayank Markande|Pat Cummins,Swapnil Singh|Cameron Green|Mahipal Lomror|Mohammed Siraj|Yash Dayal|Faf du Plessis|Will Jacks|Dinesh Karthik|Karn Sharma|Rajat Patidar|Virat Kohli,"Rajiv Gandhi International Stadium, Uppal, Hyderabad",RCB,RCB,RCB
1426280,2024,KKR,PBKS,Sunil Narine|Ramandeep Singh|Harshit Rana|Phil Salt|Andre Russell|Dushmantha Chameera|Anukul Roy|Venkatesh Iyer|Varun Chakravarthy|Rinku Singh|Shreyas Iyer,Sam Curran|Rilee Rossouw|Kagiso Rabada|Rahul Chahar|Jonny Bairstow|Prabhsimran Singh|Arshdeep Singh|Harpreet Brar|Shashank Singh|Harshal Patel,"Eden Gardens, Kolkata",PBKS,PBKS,KKR
1426281,2024,DC,MI,Jake Fraser-McGurk|Abishek Porel|Kuldeep Yadav|Rishabh Pant|Axar Patel|Shai Hope|Tristan Stubbs|Lizaad Williams|Rasikh Salam|Mukesh Kumar|Khaleel Ahmed,Tim David|Rohit Sharma|Suryakumar Yadav|Ishan Kishan|Mohammad Nabi|Nehal Wadhera|Piyush Chawla|Nuwan Thushara|Luke Wood|Hardik Pandya|Jasprit Bumrah,"Arun Jaitley Stadium, Delhi",DC,MI,DC
1426282,2024,LSG,RR,Marcus Stoinis|Yash Thakur|KL Rahul|Nicholas Pooran|Krunal Pandya|Mohsin Khan|Matt Henry|Quinton de Kock|Amit Mishra|Ravi Bishnoi|Ayush Badoni,Ravichandran Ashwin|Avesh Khan|Sanju Samson|Yuzvendra Chahal|Jos Buttler|Trent Boult|Riyan Parag|Dhruv Jurel|Sandeep Sharma|Yashasvi Jaiswal,"Bharat Ratna Shri Atal Bihari Vajpayee Ekana Cricket Stadium, Lucknow",RR,RR,LSG
1426283,2024,GT,RCB,Azmatullah Omarzai|Wriddhiman Saha|Sandeep Warrier|M Shahrukh Khan|Noor Ahmad|Sai Kishore|Rashid Khan|Mohit Sharma|Shubman Gill|David Miller|Sai Sudharsan,Swapnil Singh|Cameron Green|Mohammed Siraj|Glenn Maxwell|Yash Dayal|Faf du Plessis|Will Jacks|Karn Sharma|Virat Kohli,"Narendra Modi Stadium, Motera, Ahmedabad",RCB,RCB,GT
1426284,2024,CSK,SRH,Tushar Deshpande|Deepak Chahar|Ajinkya Rahane|Ruturaj Gaikwad|Shardul Thakur|MS Dhoni|Shivam Dube|Daryl Mitchell|Ravindra Jadeja|Mustafizur Rahman|Matheesha Pathirana,Jaydev Unadkat|Travis Head|Nitish Kumar Reddy|Bhuvneshwar Kumar|Aiden Markram|Abdul Samad|Heinrich Klaasen|Abhishek Sharma|Shahbaz Ahmed|Anmolpreet Singh|Pat Cummins,"MA Chidambaram Stadium, Chepauk, Chennai",CSK,SRH,CSK
1426285,2024,KKR,DC,Sunil Narine|Harshit Rana|Phil Salt|Vaibhav Arora|Andre Russell|Mitchell Starc|Venkatesh Iyer|Varun Chakravarthy|Rinku Singh|Shreyas Iyer,Jake Fraser-McGurk|Abishek Porel|Prithvi Shaw|Kuldeep Yadav|Rishabh Pant|Axar Patel|Shai Hope|Tristan Stubbs|Lizaad Williams|Rasikh Salam|Khaleel Ahmed,"Eden Gardens, Kolkata",KKR,DC,DC
1426286,2024,LSG,MI,Marcus Stoinis|Ashton Turner|Arshin Kulkarni|KL Rahul|Nicholas Pooran|Naveen-ul-Haq|Krunal Pandya|Mohsin Khan|Mayank Yadav|Ravi Bishnoi|Ayush Badoni,Tim David|Rohit Sharma|Suryakumar Yadav|Ishan Kishan|Mohammad Nabi|Nehal Wadhera|Piyush Chawla|Nuwan Thushara|Gerald Coetzee|Hardik Pandya|Jasprit Bumrah,"Bharat Ratna Shri Atal Bihari Vajpayee Ekana Cricket Stadium, Lucknow",LSG,LSG,MI
1426287,2024,CSK,PBKS,Deepak Chahar|Ajinkya Rahane|Ruturaj Gaikwad|Shardul Thakur|Shivam Dube|MS Dhoni|Daryl Mitchell|Ravindra Jadeja|Mustafizur Rahman|Richard Gleeson|Sameer Rizvi,Sam Curran|Rilee Rossouw|Kagiso Rabada|Rahul Chahar|Jonny Bairstow|Prabhsimran Singh|Arshdeep Singh|Harpreet Brar|Shashank Singh|Harshal Patel,"MA Chidambaram Stadium, Chepauk, Chennai",PBKS,PBKS,CSK
1426288,2024,SRH,RR,Jaydev Unadkat|Marco Jansen|Travis Head|Nitish Kumar Reddy|Bhuvneshwar Kumar|Heinrich Klaasen|Abhishek Sharma|Shahbaz Ahmed|Anmolpreet Singh|Pat Cummins|T Natarajan,Rovman Powell|Shimron Hetmyer|Ravichandran Ashwin|Avesh Khan|Sanju Samson|Yuzvendra Chahal|Jos Buttler|Trent Boult|Riyan Parag|Dhruv Jurel|Sandeep Sharma,"Rajiv Gandhi International Stadium, Uppal, Hyderabad",SRH,SRH,SRH
1426289,2024,MI,KKR,Tim David|Rohit Sharma|Suryakumar Yadav|Hardik Pandya|Ishan Kishan|Nehal Wadhera|Piyush Chawla|Nuwan Thushara|Gerald Coetzee|Naman Dhir|Jasprit Bumrah,Sunil Narine|Manish Pandey|Angkrish Raghuvanshi|Ramandeep Singh|Phil Salt|Andre Russell|Vaibhav Arora|Mitchell Starc|Venkatesh Iyer|Varun Chakravarthy|Rinku Singh,"Wankhede Stadium, Mumbai",KKR,MI,KKR
1426290,2024,RCB,GT,Swapnil Singh|Cameron Green|Mohammed Siraj|Glenn Maxwell|Yash Dayal|Faf du Plessis|Will Jacks|Dinesh Karthik|Karn Sharma|Rajat Patidar|Virat Kohli,Manav Suthar|Wriddhiman Saha|Vijay Shankar|Josh Little|M Shahrukh Khan|Noor Ahmad|Rahul Tewatia|Rashid Khan|Mohit Sharma|Shubman Gill|David Miller,"M.Chinnaswamy Stadium, Bengaluru",RCB,RCB,GT
1426291,2024,PBKS,CSK,Sam Curran|Rilee Rossouw|Rahul Chahar|Kagiso Rabada|Jonny Bairstow|Jitesh Sharma|Harshal Patel|Prabhsimran Singh|Arshdeep Singh|Harpreet Brar|Shashank Singh,Tushar Deshpande|Simarjeet Singh|Mitchell Santner|Ajinkya Rahane|Ruturaj Gaikwad|Shardul Thakur|Shivam Dube|MS Dhoni|Daryl Mitchell|Ravindra Jadeja|Richard Gleeson,"Himachal Pradesh Cricket Association Stadium, Dharamsala",CSK,PBKS,CSK
1426292,2024,LSG,KKR,Marcus Stoinis|Ashton Turner|Arshin Kulkarni|Yash Thakur|KL Rahul|Nicholas Pooran|Naveen-ul-Haq|Krunal Pandya|Mohsin Khan|Ravi Bishnoi|Ayush Badoni,Sunil Narine|Ramandeep Singh|Angkrish Raghuvanshi|Harshit Rana|Phil Salt|Andre Russell|Vaibhav Arora|Mitchell Starc|Venkatesh Iyer|Varun Chakravarthy|Rinku Singh,"Bharat Ratna Shri Atal Bihari Vajpayee Ekana Cricket Stadium, Lucknow",KKR,LSG,KKR
1426293,2024,MI,SRH,Rohit Sharma|Suryakumar Yadav|Hardik Pandya|Ishan Kishan|Piyush Chawla|Anshul Kamboj|Nuwan Thushara|Naman Dhir|Jasprit Bumrah|Tilak Varma,Marco Jansen|Travis Head|Nitish Kumar Reddy|Bhuvneshwar Kumar|Abdul Samad|Heinrich Klaasen|Abhishek Sharma|Shahbaz Ahmed|Sanvir Singh|T Natarajan|Pat Cummins,"Wankhede Stadium, Mumbai",MI,MI,SRH
1426294,2024,DC,RR,Gulbadin Naib|Jake Fraser-McGurk|Abishek Porel|Kuldeep Yadav|Rishabh Pant|Axar Patel|Shai Hope|Tristan Stubbs|Rasikh Salam|Mukesh Kumar|Khaleel Ahmed,Rovman Powell|Ravichandran Ashwin|Avesh Khan|Sanju Samson|Yuzvendra Chahal|Shubham Dubey|Jos Buttler|Donovan Ferreira|Trent Boult|Riyan Parag|Sandeep Sharma,"Arun Jaitley Stadium, Delhi",DC,RR,DC
1426296,2024,PBKS,RCB,Sam Curran|Rilee Rossouw|Rahul Chahar|Jonny Bairstow|Jitesh Sharma|Vidwath Kaverappa|Liam Livingstone|Prabhsimran Singh|Arshdeep Singh|Harshal Patel|Shashank Singh,Swapnil Singh|Cameron Green|Mahipal Lomror|Mohammed Siraj|Yash Dayal|Faf du Plessis|Will Jacks|Dinesh Karthik|Karn Sharma|Rajat Patidar|Virat Kohli,"Himachal Pradesh Cricket Association Stadium, Dharamsala",RCB,PBKS,RCB
1426297,2024,GT,CSK,Sandeep Warrier|Mohit Sharma|M Shahrukh Khan|Noor Ahmad|Rashid Khan|Umesh Yadav|Kartik Tyagi|Shubman Gill|David Miller|Sai Sudharsan,Tushar Deshpande|Simarjeet Singh|Mitchell Santner|Ajinkya Rahane|Ruturaj Gaikwad|Shardul Thakur|Rachin Ravindra|Shivam Dube|MS Dhoni|Daryl Mitchell|Ravindra Jadeja,"Narendra Modi Stadium, Motera, Ahmedabad",GT,CSK,GT
