Player_Name,Kaggle_Match_Name,City,Sample_Innings,Sample_Balls,Confidence_Weight,Overall_SR,City_SR,City_Baseline_SR,City_Deviation,Overall_Avg,City_Avg,Overall_Boundary_Pct
Abdul Samad,Abdul Samad,Ahmedabad,2,36,0.307,142.62,188.89,117.77,0.484,19.77,34.0,63.91
Abdul Samad,Abdul Samad,Bengaluru,1,7,0.0,142.62,414.29,133.24,0.0,19.77,0.0,63.91
Abdul Samad,Abdul Samad,Chennai,1,18,0.0,142.62,105.56,110.29,0.0,19.77,19.0,63.91
Abdul Samad,Abdul Samad,Delhi,2,29,0.0,142.62,148.28,139.7,0.0,19.77,21.5,63.91
Abdul Samad,Abdul Samad,Hyderabad,5,95,0.796,142.62,124.21,130.53,-0.157,19.77,39.33,63.91
Abdul Samad,Abdul Samad,Jaipur,1,7,0.0,142.62,257.14,127.06,0.0,19.77,0.0,63.91
Abdul Samad,Abdul Samad,Kolkata,1,11,0.0,142.62,136.36,139.66,0.0,19.77,15.0,63.91
Abdul Samad,Abdul Samad,Lucknow,1,10,0.0,142.62,210.0,112.83,0.0,19.77,21.0,63.91
Abdul Samad,Abdul Samad,Mullanpur,1,13,0.0,142.62,200.0,135.45,0.0,19.77,26.0,63.91
Abdul Samad,Abdul Samad,Mumbai,2,7,0.0,142.62,57.14,115.79,0.0,19.77,1.33,63.91
Abdul Samad,Abdul Samad,Pune,1,6,0.0,142.62,66.67,116.06,0.0,19.77,4.0,63.91
Abhinav Manohar,Abhinav Manohar,Ahmedabad,5,184,0.914,132.76,131.52,117.77,-0.013,16.5,24.2,62.34
Abhinav Manohar,Abhinav Manohar,Jaipur,1,2,0.0,132.76,50.0,127.06,0.0,16.5,1.0,62.34
Abhinav Manohar,Abhinav Manohar,Lucknow,1,5,0.0,132.76,60.0,112.83,0.0,16.5,3.0,62.34
Abhinav Manohar,Abhinav Manohar,Mumbai,6,124,0.854,132.76,148.39,115.79,0.169,16.5,23.0,62.34
Abhinav Manohar,Abhinav Manohar,Pune,2,14,0.0,132.76,92.86,116.06,0.0,16.5,6.5,62.34
Abhishek Sharma,Abhishek Sharma,Ahmedabad,2,54,0.349,154.08,133.33,117.77,-0.217,27.4,18.0,69.16
Abhishek Sharma,Abhishek Sharma,Bengaluru,1,23,0.0,154.08,152.17,133.24,0.0,27.4,35.0,69.16
Abhishek Sharma,Abhishek Sharma,Chennai,2,36,0.307,154.08,138.89,110.29,-0.181,27.4,25.0,69.16
Abhishek Sharma,Abhishek Sharma,Delhi,2,49,0.329,154.08,234.69,139.7,0.599,27.4,57.5,69.16
Abhishek Sharma,Abhishek Sharma,Hyderabad,11,131,0.861,154.08,203.05,130.53,0.417,27.4,26.6,69.16
Abhishek Sharma,Abhishek Sharma,Jaipur,1,36,0.307,154.08,158.33,127.06,0.038,27.4,57.0,69.16
Abhishek Sharma,Abhishek Sharma,Kolkata,2,38,0.309,154.08,173.68,139.66,0.146,27.4,33.0,69.16
Abhishek Sharma,Abhishek Sharma,Mullanpur,1,12,0.0,154.08,141.67,135.45,0.0,27.4,17.0,69.16
Abhishek Sharma,Abhishek Sharma,Mumbai,12,397,0.95,154.08,135.77,115.79,-0.198,27.4,31.71,69.16
Abhishek Sharma,Abhishek Sharma,Pune,3,71,0.515,154.08,135.21,116.06,-0.203,27.4,32.0,69.16
Abishek Porel,Abishek Porel,Ahmedabad,1,16,0.0,150.0,200.0,117.77,0.0,25.0,16.0,64.67
Abishek Porel,Abishek Porel,Bengaluru,1,8,0.0,150.0,62.5,133.24,0.0,25.0,5.0,64.67
Abishek Porel,Abishek Porel,Delhi,5,102,0.824,150.0,163.73,139.7,0.102,25.0,27.83,64.67
Abishek Porel,Abishek Porel,Guwahati,1,9,0.0,150.0,88.89,105.94,0.0,25.0,8.0,64.67
Abishek Porel,Abishek Porel,Jaipur,1,10,0.0,150.0,90.0,127.06,0.0,25.0,9.0,64.67
Abishek Porel,Abishek Porel,Kolkata,1,16,0.0,150.0,118.75,139.66,0.0,25.0,19.0,64.67
Abishek Porel,Abishek Porel,Mullanpur,1,10,0.0,150.0,320.0,135.45,0.0,25.0,32.0,64.67
Abishek Porel,Abishek Porel,Mumbai,1,31,0.304,150.0,132.26,115.79,-0.192,25.0,41.0,64.67
Abishek Porel,Abishek Porel,Visakhapatnam,2,11,0.0,150.0,90.91,130.42,0.0,25.0,10.0,64.67
Aiden Markram,Aiden Markram,Ahmedabad,2,58,0.372,131.27,93.1,117.77,-0.399,31.42,13.5,50.31
Aiden Markram,Aiden Markram,Bengaluru,1,15,0.0,131.27,153.33,133.24,0.0,31.42,0.0,50.31
Aiden Markram,Aiden Markram,Chennai,2,39,0.31,131.27,117.95,110.29,-0.159,31.42,23.0,50.31
Aiden Markram,Aiden Markram,Delhi,2,16,0.0,131.27,56.25,139.7,0.0,31.42,4.5,50.31
Aiden Markram,Aiden Markram,Hyderabad,9,203,0.933,131.27,128.08,130.53,-0.027,31.42,37.14,50.31
Aiden Markram,Aiden Markram,Jaipur,1,5,0.0,131.27,120.0,127.06,0.0,31.42,6.0,50.31
Aiden Markram,Aiden Markram,Kolkata,2,40,0.311,131.27,172.5,139.66,0.307,31.42,34.5,50.31
Aiden Markram,Aiden Markram,Lucknow,1,1,0.0,131.27,0.0,112.83,0.0,31.42,0.0,50.31
Aiden Markram,Aiden Markram,Mullanpur,1,2,0.0,131.27,0.0,135.45,0.0,31.42,0.0,50.31
Aiden Markram,Aiden Markram,Mumbai,10,255,0.95,131.27,137.65,115.79,0.069,31.42,50.14,50.31
Aiden Markram,Aiden Markram,Pune,3,77,0.605,131.27,138.96,116.06,0.083,31.42,53.5,50.31
Ajinkya Rahane,Ajinkya Rahane,Ahmedabad,2,38,0.309,135.47,152.63,117.77,0.179,23.31,9.67,57.99
Ajinkya Rahane,Ajinkya Rahane,Bengaluru,1,20,0.0,135.47,185.0,133.24,0.0,23.31,37.0,57.99
Ajinkya Rahane,Ajinkya Rahane,Chennai,11,159,0.889,135.47,127.67,110.29,-0.093,23.31,18.45,57.99
Ajinkya Rahane,Ajinkya Rahane,Dharamsala,1,8,0.0,135.47,125.0,129.46,0.0,23.31,10.0,57.99
Ajinkya Rahane,Ajinkya Rahane,Hyderabad,1,31,0.304,135.47,119.35,130.53,-0.137,23.31,37.0,57.99
Ajinkya Rahane,Ajinkya Rahane,Jaipur,1,13,0.0,135.47,115.38,127.06,0.0,23.31,15.0,57.99
Ajinkya Rahane,Ajinkya Rahane,Kolkata,1,31,0.304,135.47,235.48,139.66,0.743,23.31,0.0,57.99
Ajinkya Rahane,Ajinkya Rahane,Lucknow,1,24,0.0,135.47,150.0,112.83,0.0,23.31,36.0,57.99
Ajinkya Rahane,Ajinkya Rahane,Mumbai,7,165,0.895,135.47,127.27,115.79,-0.089,23.31,23.33,57.99
Ajinkya Rahane,Ajinkya Rahane,Pune,2,36,0.307,135.47,102.78,116.06,-0.352,23.31,18.5,57.99
Ajinkya Rahane,Ajinkya Rahane,Visakhapatnam,1,31,0.304,135.47,158.06,130.42,0.193,23.31,49.0,57.99
Andre Russell,Andre Russell,Ahmedabad,1,4,0.0,163.77,50.0,117.77,0.0,27.94,1.0,76.14
Andre Russell,Andre Russell,Bengaluru,1,2,0.0,163.77,50.0,133.24,0.0,27.94,1.0,76.14
Andre Russell,Andre Russell,Chennai,2,14,0.0,163.77,107.14,110.29,0.0,27.94,15.0,76.14
Andre Russell,Andre Russell,Delhi,1,30,0.304,163.77,76.67,139.7,-0.647,27.94,0.0,76.14
Andre Russell,Andre Russell,Hyderabad,1,15,0.0,163.77,160.0,130.53,0.0,27.94,24.0,76.14
Andre Russell,Andre Russell,Kolkata,11,150,0.88,163.77,164.0,139.66,0.002,27.94,27.33,76.14
Andre Russell,Andre Russell,Lucknow,1,11,0.0,163.77,172.73,112.83,0.0,27.94,19.0,76.14
Andre Russell,Andre Russell,Mohali,1,19,0.0,163.77,189.47,145.91,0.0,27.94,36.0,76.14
Andre Russell,Andre Russell,Mumbai,10,207,0.937,163.77,163.77,115.79,0.0,27.94,30.82,76.14
Andre Russell,Andre Russell,Pune,3,52,0.34,163.77,184.62,116.06,0.224,27.94,48.0,76.14
Andre Russell,Andre Russell,Visakhapatnam,1,23,0.0,163.77,204.35,130.42,0.0,27.94,0.0,76.14
Angkrish Raghuvanshi,Angkrish Raghuvanshi,Chennai,1,18,0.0,155.24,133.33,110.29,0.0,23.29,24.0,68.71
Angkrish Raghuvanshi,Angkrish Raghuvanshi,Kolkata,3,28,0.0,155.24,150.0,139.66,0.0,23.29,14.0,68.71
Angkrish Raghuvanshi,Angkrish Raghuvanshi,Lucknow,1,28,0.0,155.24,121.43,112.83,0.0,23.29,34.0,68.71
Angkrish Raghuvanshi,Angkrish Raghuvanshi,Mumbai,1,7,0.0,155.24,200.0,115.79,0.0,23.29,14.0,68.71
Angkrish Raghuvanshi,Angkrish Raghuvanshi,Visakhapatnam,1,28,0.0,155.24,200.0,130.42,0.0,23.29,56.0,68.71
Anuj Rawat,Anuj Rawat,Bengaluru,6,87,0.735,119.1,95.4,133.24,-0.194,19.88,27.67,59.12
Anuj Rawat,Anuj Rawat,Chennai,1,24,0.0,119.1,200.0,110.29,0.0,19.88,0.0,59.12
Anuj Rawat,Anuj Rawat,Delhi,1,3,0.0,119.1,266.67,139.7,0.0,19.88,0.0,59.12
Anuj Rawat,Anuj Rawat,Jaipur,1,11,0.0,119.1,263.64,127.06,0.0,19.88,0.0,59.12
Anuj Rawat,Anuj Rawat,Kolkata,1,5,0.0,119.1,20.0,139.66,0.0,19.88,1.0,59.12
Anuj Rawat,Anuj Rawat,Lucknow,1,11,0.0,119.1,81.82,112.83,0.0,19.88,9.0,59.12
Anuj Rawat,Anuj Rawat,Mumbai,8,123,0.853,119.1,100.0,115.79,-0.207,19.88,10.25,59.12
Anuj Rawat,Anuj Rawat,Pune,1,49,0.329,119.1,144.9,116.06,0.278,19.88,0.0,59.12
Anukul Roy,Anukul Roy,Chennai,1,2,0.0,108.33,150.0,110.29,0.0,8.67,0.0,46.15
Anukul Roy,Anukul Roy,Delhi,1,1,0.0,108.33,0.0,139.7,0.0,8.67,0.0,46.15
Anukul Roy,Anukul Roy,Hyderabad,1,6,0.0,108.33,200.0,130.53,0.0,8.67,0.0,46.15
Anukul Roy,Anukul Roy,Kolkata,1,6,0.0,108.33,100.0,139.66,0.0,8.67,0.0,46.15
Anukul Roy,Anukul Roy,Mohali,1,5,0.0,108.33,80.0,145.91,0.0,8.67,4.0,46.15
Anukul Roy,Anukul Roy,Pune,1,2,0.0,108.33,0.0,116.06,0.0,8.67,0.0,46.15
Arshad Khan,Arshad Khan,Bengaluru,1,7,0.0,122.86,185.71,133.24,0.0,14.33,0.0,41.86
Arshad Khan,Arshad Khan,Chennai,1,2,0.0,122.86,50.0,110.29,0.0,14.33,1.0,41.86
Arshad Khan,Arshad Khan,Kolkata,1,3,0.0,122.86,166.67,139.66,0.0,14.33,0.0,41.86
Arshad Khan,Arshad Khan,Lucknow,1,16,0.0,122.86,137.5,112.83,0.0,14.33,0.0,41.86
Arshad Khan,Arshad Khan,Mumbai,1,4,0.0,122.86,50.0,115.79,0.0,14.33,2.0,41.86
Arshin Kulkarni,Arshin Kulkarni,Lucknow,2,8,0.0,112.5,112.5,112.83,0.0,4.5,4.5,88.89
Ashutosh Sharma,Ashutosh Sharma,Ahmedabad,1,34,0.306,171.72,194.12,117.77,0.234,28.33,33.0,70.59
Ashutosh Sharma,Ashutosh Sharma,Dharamsala,2,15,0.0,171.72,86.67,129.46,0.0,28.33,6.5,70.59
Ashutosh Sharma,Ashutosh Sharma,Mullanpur,4,71,0.515,171.72,192.96,135.45,0.168,28.33,34.25,70.59
Atharva Taide,Atharva Taide,Chennai,1,17,0.0,147.47,76.47,110.29,0.0,20.86,13.0,63.01
Atharva Taide,Atharva Taide,Dharamsala,1,12,0.0,147.47,158.33,129.46,0.0,20.86,19.0,63.01
Atharva Taide,Atharva Taide,Lucknow,1,3,0.0,147.47,0.0,112.83,0.0,20.86,0.0,63.01
Atharva Taide,Atharva Taide,Mohali,2,42,0.314,147.47,176.19,145.91,0.196,20.86,37.0,63.01
Atharva Taide,Atharva Taide,Mullanpur,1,14,0.0,147.47,128.57,135.45,0.0,20.86,18.0,63.01
Atharva Taide,Atharva Taide,Mumbai,1,19,0.0,147.47,163.16,115.79,0.0,20.86,31.0,63.01
Axar Patel,Axar Patel,Ahmedabad,1,64,0.425,134.07,90.62,117.77,-0.454,25.73,29.0,57.7
Axar Patel,Axar Patel,Bengaluru,1,14,0.0,134.07,150.0,133.24,0.0,25.73,21.0,57.7
Axar Patel,Axar Patel,Chennai,1,14,0.0,134.07,164.29,110.29,0.0,25.73,23.0,57.7
Axar Patel,Axar Patel,Delhi,11,171,0.901,134.07,159.65,139.7,0.19,25.73,39.0,57.7
Axar Patel,Axar Patel,Guwahati,1,7,0.0,134.07,57.14,105.94,0.0,25.73,4.0,57.7
Axar Patel,Axar Patel,Hyderabad,1,34,0.306,134.07,102.94,130.53,-0.265,25.73,35.0,57.7
Axar Patel,Axar Patel,Jaipur,1,15,0.0,134.07,113.33,127.06,0.0,25.73,0.0,57.7
Axar Patel,Axar Patel,Kolkata,1,21,0.0,134.07,71.43,139.66,0.0,25.73,15.0,57.7
Axar Patel,Axar Patel,Lucknow,1,11,0.0,134.07,145.45,112.83,0.0,25.73,16.0,57.7
Axar Patel,Axar Patel,Mullanpur,1,13,0.0,134.07,161.54,135.45,0.0,25.73,21.0,57.7
Axar Patel,Axar Patel,Mumbai,10,147,0.877,134.07,136.05,115.79,0.021,25.73,50.0,57.7
Axar Patel,Axar Patel,Pune,1,4,0.0,134.07,200.0,116.06,0.0,25.73,8.0,57.7
Axar Patel,Axar Patel,Visakhapatnam,2,8,0.0,134.07,87.5,130.42,0.0,25.73,7.0,57.7
Ayush Badoni,Ayush Badoni,Ahmedabad,1,24,0.0,129.93,191.67,117.77,0.0,21.88,23.0,51.19
Ayush Badoni,Ayush Badoni,Bengaluru,2,32,0.305,129.93,115.62,133.24,-0.117,21.88,18.5,51.19
Ayush Badoni,Ayush Badoni,Chennai,2,21,0.0,129.93,90.48,110.29,0.0,21.88,19.0,51.19
Ayush Badoni,Ayush Badoni,Hyderabad,1,32,0.305,129.93,178.12,130.53,0.41,21.88,0.0,51.19
Ayush Badoni,Ayush Badoni,Jaipur,2,9,0.0,129.93,33.33,127.06,0.0,21.88,1.5,51.19
Ayush Badoni,Ayush Badoni,Kolkata,2,49,0.329,129.93,112.24,139.66,-0.131,21.88,27.5,51.19
Ayush Badoni,Ayush Badoni,Lucknow,10,124,0.854,129.93,140.32,112.83,0.118,21.88,29.0,51.19
Ayush Badoni,Ayush Badoni,Mohali,1,25,0.0,129.93,180.0,145.91,0.0,21.88,45.0,51.19
Ayush Badoni,Ayush Badoni,Mumbai,8,129,0.859,129.93,141.09,115.79,0.121,21.88,22.75,51.19
Ayush Badoni,Ayush Badoni,Pune,3,35,0.306,129.93,82.86,116.06,-0.507,21.88,9.67,51.19
Azmatullah Omarzai,Azmatullah Omarzai,Ahmedabad,1,22,0.0,127.27,154.55,117.77,0.0,10.5,17.0,47.62
Azmatullah Omarzai,Azmatullah Omarzai,Chennai,1,11,0.0,127.27,109.09,110.29,0.0,10.5,12.0,47.62
Azmatullah Omarzai,Azmatullah Omarzai,Delhi,1,2,0.0,127.27,50.0,139.7,0.0,10.5,1.0,47.62
Azmatullah Omarzai,Azmatullah Omarzai,Mullanpur,1,10,0.0,127.27,130.0,135.45,0.0,10.5,13.0,47.62
Darshan Nalkande,Darshan Nalkande,Chennai,1,1,0.0,100.0,0.0,110.29,0.0,6.0,0.0,50.0
Darshan Nalkande,Darshan Nalkande,Lucknow,1,11,0.0,100.0,109.09,112.83,0.0,6.0,12.0,50.0
Dasun Shanaka,Dasun Shanaka,Ahmedabad,1,12,0.0,100.0,133.33,117.77,0.0,13.0,0.0,53.85
Dasun Shanaka,Dasun Shanaka,Bengaluru,1,3,0.0,100.0,0.0,133.24,0.0,13.0,0.0,53.85
Dasun Shanaka,Dasun Shanaka,Chennai,1,16,0.0,100.0,106.25,110.29,0.0,13.0,17.0,53.85
David Miller,David Miller,Ahmedabad,12,350,0.95,140.03,147.43,117.77,0.077,41.31,36.86,56.42
David Miller,David Miller,Bengaluru,2,29,0.0,140.03,141.38,133.24,0.0,41.31,20.5,56.42
David Miller,David Miller,Chennai,2,24,0.0,140.03,112.5,110.29,0.0,41.31,13.5,56.42
David Miller,David Miller,Delhi,2,41,0.312,140.03,214.63,139.7,0.554,41.31,88.0,56.42
David Miller,David Miller,Kolkata,2,56,0.359,140.03,182.14,139.66,0.313,41.31,0.0,56.42
David Miller,David Miller,Lucknow,1,12,0.0,140.03,58.33,112.83,0.0,41.31,7.0,56.42
David Miller,David Miller,Mohali,1,18,0.0,140.03,111.11,145.91,0.0,41.31,0.0,56.42
David Miller,David Miller,Mullanpur,1,7,0.0,140.03,71.43,135.45,0.0,41.31,5.0,56.42
David Miller,David Miller,Mumbai,12,287,0.95,140.03,132.06,115.79,-0.086,41.31,31.58,56.42
David Miller,David Miller,Pune,3,93,0.784,140.03,154.84,116.06,0.159,41.31,144.0,56.42
Deepak Hooda,Deepak Hooda,Ahmedabad,1,22,0.0,130.14,100.0,117.77,0.0,20.22,11.0,53.56
Deepak Hooda,Deepak Hooda,Bengaluru,1,11,0.0,130.14,127.27,133.24,0.0,20.22,14.0,53.56
Deepak Hooda,Deepak Hooda,Chennai,3,26,0.0,130.14,134.62,110.29,0.0,20.22,35.0,53.56
Deepak Hooda,Deepak Hooda,Jaipur,2,17,0.0,130.14,164.71,127.06,0.0,20.22,14.0,53.56
Deepak Hooda,Deepak Hooda,Kolkata,2,38,0.309,130.14,147.37,139.66,0.128,20.22,28.0,53.56
Deepak Hooda,Deepak Hooda,Lucknow,10,108,0.836,130.14,115.74,112.83,-0.164,20.22,11.36,53.56
Deepak Hooda,Deepak Hooda,Mohali,1,6,0.0,130.14,183.33,145.91,0.0,20.22,0.0,53.56
Deepak Hooda,Deepak Hooda,Mumbai,10,288,0.95,130.14,135.76,115.79,0.061,20.22,30.08,53.56
Deepak Hooda,Deepak Hooda,Pune,3,84,0.702,130.14,129.76,116.06,-0.004,20.22,36.33,53.56
Devdutt Padikkal,Devdutt Padikkal,Ahmedabad,3,94,0.791,122.57,82.98,117.77,-0.414,23.61,13.0,62.25
Devdutt Padikkal,Devdutt Padikkal,Bengaluru,2,49,0.329,122.57,126.53,133.24,0.032,23.61,31.0,62.25
Devdutt Padikkal,Devdutt Padikkal,Chennai,2,46,0.321,122.57,117.39,110.29,-0.062,23.61,27.0,62.25
Devdutt Padikkal,Devdutt Padikkal,Dharamsala,1,30,0.304,122.57,170.0,129.46,0.41,23.61,51.0,62.25
Devdutt Padikkal,Devdutt Padikkal,Guwahati,1,27,0.0,122.57,81.48,105.94,0.0,23.61,22.0,62.25
Devdutt Padikkal,Devdutt Padikkal,Hyderabad,1,5,0.0,122.57,60.0,130.53,0.0,23.61,3.0,62.25
Devdutt Padikkal,Devdutt Padikkal,Jaipur,5,56,0.359,122.57,132.14,127.06,0.086,23.61,14.8,62.25
Devdutt Padikkal,Devdutt Padikkal,Kolkata,1,21,0.0,122.57,138.1,139.66,0.0,23.61,29.0,62.25
Devdutt Padikkal,Devdutt Padikkal,Lucknow,3,22,0.0,122.57,100.0,112.83,0.0,23.61,7.33,62.25
Devdutt Padikkal,Devdutt Padikkal,Mumbai,13,295,0.95,122.57,128.47,115.79,0.064,23.61,22.29,62.25
Devdutt Padikkal,Devdutt Padikkal,Pune,2,38,0.309,122.57,134.21,116.06,0.125,23.61,25.5,62.25
Devon Conway,Devon Conway,Ahmedabad,2,68,0.473,141.28,155.88,117.77,0.153,48.63,26.5,62.34
Devon Conway,Devon Conway,Bengaluru,1,46,0.321,141.28,182.61,133.24,0.338,48.63,84.0,62.34
Devon Conway,Devon Conway,Chennai,8,300,0.95,141.28,136.33,110.29,-0.059,48.63,58.43,62.34
Devon Conway,Devon Conway,Delhi,1,53,0.344,141.28,169.81,139.7,0.212,48.63,90.0,62.34
Devon Conway,Devon Conway,Jaipur,1,16,0.0,141.28,50.0,127.06,0.0,48.63,8.0,62.34
Devon Conway,Devon Conway,Kolkata,1,40,0.311,141.28,140.0,139.66,-0.01,48.63,56.0,62.34
Devon Conway,Devon Conway,Mumbai,6,138,0.868,141.28,147.1,115.79,0.063,48.63,29.0,62.34
Devon Conway,Devon Conway,Pune,2,93,0.784,141.28,159.14,116.06,0.192,48.63,148.0,62.34
Dewald Brevis,Dewald Brevis,Ahmedabad,1,76,0.59,136.18,121.05,117.77,-0.158,23.0,46.0,71.5
Dewald Brevis,Dewald Brevis,Mumbai,5,69,0.487,136.18,124.64,115.79,-0.125,23.0,14.33,71.5
Dewald Brevis,Dewald Brevis,Pune,3,55,0.354,136.18,156.36,116.06,0.217,23.0,28.67,71.5
Dhruv Jurel,Dhruv Jurel,Ahmedabad,1,20,0.0,152.69,180.0,117.77,0.0,21.25,18.0,59.61
Dhruv Jurel,Dhruv Jurel,Bengaluru,1,19,0.0,152.69,200.0,133.24,0.0,21.25,0.0,59.61
Dhruv Jurel,Dhruv Jurel,Chennai,1,6,0.0,152.69,66.67,110.29,0.0,21.25,4.0,59.61
Dhruv Jurel,Dhruv Jurel,Dharamsala,1,3,0.0,152.69,133.33,129.46,0.0,21.25,0.0,59.61
Dhruv Jurel,Dhruv Jurel,Guwahati,2,19,0.0,152.69,221.05,105.94,0.0,21.25,0.0,59.61
Dhruv Jurel,Dhruv Jurel,Hyderabad,1,3,0.0,152.69,33.33,130.53,0.0,21.25,1.0,59.61
Dhruv Jurel,Dhruv Jurel,Jaipur,7,60,0.387,152.69,146.67,127.06,-0.054,21.25,17.6,59.61
Dhruv Jurel,Dhruv Jurel,Kolkata,1,4,0.0,152.69,50.0,139.66,0.0,21.25,2.0,59.61
Dhruv Jurel,Dhruv Jurel,Lucknow,1,34,0.306,152.69,152.94,112.83,0.003,21.25,0.0,59.61
Dhruv Jurel,Dhruv Jurel,Mullanpur,1,11,0.0,152.69,54.55,135.45,0.0,21.25,6.0,59.61
Dhruv Jurel,Dhruv Jurel,Mumbai,1,3,0.0,152.69,66.67,115.79,0.0,21.25,2.0,59.61
Donovan Ferreira,Donovan Ferreira,Delhi,1,3,0.0,33.33,33.33,139.7,0.0,1.0,1.0,0.0
Faf du Plessis,Faf du Plessis,Ahmedabad,2,80,0.649,145.07,135.0,117.77,-0.105,40.59,27.0,62.68
Faf du Plessis,Faf du Plessis,Bengaluru,12,283,0.95,145.07,179.86,133.24,0.284,40.59,42.42,62.68
Faf du Plessis,Faf du Plessis,Chennai,1,24,0.0,145.07,154.17,110.29,0.0,40.59,37.0,62.68
Faf du Plessis,Faf du Plessis,Delhi,1,33,0.305,145.07,139.39,139.7,-0.042,40.59,46.0,62.68
Faf du Plessis,Faf du Plessis,Dharamsala,1,7,0.0,145.07,128.57,129.46,0.0,40.59,9.0,62.68
Faf du Plessis,Faf du Plessis,Hyderabad,2,60,0.387,145.07,163.33,130.53,0.155,40.59,49.0,62.68
Faf du Plessis,Faf du Plessis,Jaipur,2,78,0.62,145.07,129.49,127.06,-0.14,40.59,50.5,62.68
Faf du Plessis,Faf du Plessis,Kolkata,3,21,0.0,145.07,152.38,139.66,0.0,40.59,10.67,62.68
Faf du Plessis,Faf du Plessis,Lucknow,1,40,0.311,145.07,110.0,112.83,-0.399,40.59,44.0,62.68
Faf du Plessis,Faf du Plessis,Mohali,1,57,0.366,145.07,156.14,145.91,0.075,40.59,89.0,62.68
Faf du Plessis,Faf du Plessis,Mumbai,13,501,0.95,145.07,145.71,115.79,0.007,40.59,45.62,62.68
Faf du Plessis,Faf du Plessis,Pune,3,69,0.487,145.07,117.39,116.06,-0.298,40.59,27.0,62.68
Glenn Maxwell,Glenn Maxwell,Ahmedabad,1,26,0.0,158.43,184.62,117.77,0.0,29.76,24.0,68.48
Glenn Maxwell,Glenn Maxwell,Bengaluru,11,170,0.9,158.43,184.71,133.24,0.215,29.76,31.4,68.48
Glenn Maxwell,Glenn Maxwell,Chennai,1,1,0.0,158.43,0.0,110.29,0.0,29.76,0.0,68.48
Glenn Maxwell,Glenn Maxwell,Delhi,1,1,0.0,158.43,0.0,139.7,0.0,29.76,0.0,68.48
Glenn Maxwell,Glenn Maxwell,Hyderabad,1,3,0.0,158.43,166.67,130.53,0.0,29.76,0.0,68.48
Glenn Maxwell,Glenn Maxwell,Jaipur,2,38,0.309,158.43,152.63,127.06,-0.052,29.76,29.0,68.48
Glenn Maxwell,Glenn Maxwell,Kolkata,2,17,0.0,158.43,82.35,139.66,0.0,29.76,7.0,68.48
Glenn Maxwell,Glenn Maxwell,Lucknow,1,5,0.0,158.43,80.0,112.83,0.0,29.76,4.0,68.48
Glenn Maxwell,Glenn Maxwell,Mohali,1,1,0.0,158.43,0.0,145.91,0.0,29.76,0.0,68.48
Glenn Maxwell,Glenn Maxwell,Mumbai,10,216,0.946,158.43,181.48,115.79,0.249,29.76,35.64,68.48
Glenn Maxwell,Glenn Maxwell,Pune,3,6,0.0,158.43,183.33,116.06,0.0,29.76,11.0,68.48
Glenn Phillips,Glenn Phillips,Hyderabad,3,11,0.0,118.18,118.18,130.53,0.0,9.29,4.33,73.85
Glenn Phillips,Glenn Phillips,Jaipur,1,7,0.0,118.18,357.14,127.06,0.0,9.29,25.0,73.85
Glenn Phillips,Glenn Phillips,Mumbai,1,4,0.0,118.18,25.0,115.79,0.0,9.29,1.0,73.85
Hardik Pandya,Hardik Pandya,Ahmedabad,10,356,0.95,133.1,129.21,117.77,-0.041,28.24,32.86,56.99
Hardik Pandya,Hardik Pandya,Chennai,1,7,0.0,133.1,114.29,110.29,0.0,28.24,8.0,56.99
Hardik Pandya,Hardik Pandya,Delhi,2,29,0.0,133.1,182.76,139.7,0.0,28.24,26.5,56.99
Hardik Pandya,Hardik Pandya,Hyderabad,1,20,0.0,133.1,120.0,130.53,0.0,28.24,24.0,56.99
Hardik Pandya,Hardik Pandya,Jaipur,2,25,0.0,133.1,196.0,127.06,0.0,28.24,49.0,56.99
Hardik Pandya,Hardik Pandya,Kolkata,2,51,0.336,133.1,137.25,139.66,0.031,28.24,70.0,56.99
Hardik Pandya,Hardik Pandya,Lucknow,2,51,0.336,133.1,129.41,112.83,-0.042,28.24,33.0,56.99
Hardik Pandya,Hardik Pandya,Mohali,1,11,0.0,133.1,109.09,145.91,0.0,28.24,12.0,56.99
Hardik Pandya,Hardik Pandya,Mullanpur,1,6,0.0,133.1,166.67,135.45,0.0,28.24,10.0,56.99
Hardik Pandya,Hardik Pandya,Mumbai,17,516,0.95,133.1,137.98,115.79,0.053,28.24,50.86,56.99
Hardik Pandya,Hardik Pandya,Pune,2,40,0.311,133.1,105.0,116.06,-0.303,28.24,21.0,56.99
Harpreet Brar,Harpreet Brar,Ahmedabad,1,6,0.0,120.34,66.67,117.77,0.0,21.3,0.0,54.46
Harpreet Brar,Harpreet Brar,Bengaluru,1,3,0.0,120.34,133.33,133.24,0.0,21.3,0.0,54.46
Harpreet Brar,Harpreet Brar,Delhi,1,5,0.0,120.34,40.0,139.7,0.0,21.3,2.0,54.46
Harpreet Brar,Harpreet Brar,Dharamsala,1,13,0.0,120.34,130.77,129.46,0.0,21.3,0.0,54.46
Harpreet Brar,Harpreet Brar,Hyderabad,1,2,0.0,120.34,50.0,130.53,0.0,21.3,1.0,54.46
Harpreet Brar,Harpreet Brar,Kolkata,1,9,0.0,120.34,200.0,139.66,0.0,21.3,0.0,54.46
Harpreet Brar,Harpreet Brar,Lucknow,1,4,0.0,120.34,150.0,112.83,0.0,21.3,6.0,54.46
Harpreet Brar,Harpreet Brar,Mohali,2,17,0.0,120.34,123.53,145.91,0.0,21.3,21.0,54.46
Harpreet Brar,Harpreet Brar,Mullanpur,4,40,0.311,120.34,152.5,135.45,0.254,21.3,30.5,54.46
Harpreet Brar,Harpreet Brar,Mumbai,3,27,0.0,120.34,85.19,115.79,0.0,21.3,5.75,54.46
Harry Brook,Harry Brook,Chennai,1,13,0.0,123.38,138.46,110.29,0.0,21.11,18.0,61.05
Harry Brook,Harry Brook,Delhi,1,2,0.0,123.38,0.0,139.7,0.0,21.11,0.0,61.05
Harry Brook,Harry Brook,Hyderabad,6,81,0.663,123.38,90.12,130.53,-0.283,21.11,14.6,61.05
Harry Brook,Harry Brook,Kolkata,1,58,0.372,123.38,186.21,139.66,0.467,21.11,0.0,61.05
Harry Brook,Harry Brook,Lucknow,1,4,0.0,123.38,75.0,112.83,0.0,21.11,3.0,61.05
Harry Brook,Harry Brook,Mumbai,1,1,0.0,123.38,0.0,115.79,0.0,21.11,0.0,61.05
Harshal Patel,Harshal Patel,Ahmedabad,1,4,0.0,110.0,50.0,117.77,0.0,8.64,1.0,66.12
Harshal Patel,Harshal Patel,Bengaluru,1,4,0.0,110.0,175.0,133.24,0.0,8.64,7.0,66.12
Harshal Patel,Harshal Patel,Dharamsala,2,14,0.0,110.0,85.71,129.46,0.0,8.64,6.0,66.12
Harshal Patel,Harshal Patel,Kolkata,1,2,0.0,110.0,0.0,139.66,0.0,8.64,0.0,66.12
Harshal Patel,Harshal Patel,Mullanpur,2,5,0.0,110.0,20.0,135.45,0.0,8.64,1.0,66.12
Harshal Patel,Harshal Patel,Mumbai,4,33,0.305,110.0,139.39,115.79,0.318,8.64,23.0,66.12
Harshal Patel,Harshal Patel,Pune,1,12,0.0,110.0,75.0,116.06,0.0,8.64,9.0,66.12
Heinrich Klaasen,Heinrich Klaasen,Ahmedabad,2,118,0.845,180.92,152.54,117.77,-0.297,46.29,45.0,65.06
Heinrich Klaasen,Heinrich Klaasen,Bengaluru,1,35,0.306,180.92,208.57,133.24,0.226,46.29,73.0,65.06
Heinrich Klaasen,Heinrich Klaasen,Chennai,2,38,0.309,180.92,100.0,110.29,-0.965,46.29,19.0,65.06
Heinrich Klaasen,Heinrich Klaasen,Delhi,2,37,0.308,180.92,189.19,139.7,0.061,46.29,70.0,65.06
Heinrich Klaasen,Heinrich Klaasen,Hyderabad,9,198,0.928,180.92,188.38,130.53,0.063,46.29,62.17,65.06
Heinrich Klaasen,Heinrich Klaasen,Jaipur,1,12,0.0,180.92,216.67,127.06,0.0,46.29,26.0,65.06
Heinrich Klaasen,Heinrich Klaasen,Kolkata,2,34,0.306,180.92,214.71,139.66,0.251,46.29,73.0,65.06
Heinrich Klaasen,Heinrich Klaasen,Mullanpur,1,9,0.0,180.92,100.0,135.45,0.0,46.29,9.0,65.06
Heinrich Klaasen,Heinrich Klaasen,Mumbai,2,17,0.0,180.92,129.41,115.79,0.0,46.29,11.0,65.06
Ishan Kishan,Ishan Kishan,Ahmedabad,2,50,0.332,132.23,52.0,117.77,-0.839,27.52,6.5,65.4
Ishan Kishan,Ishan Kishan,Bengaluru,1,13,0.0,132.23,76.92,133.24,0.0,27.52,10.0,65.4
Ishan Kishan,Ishan Kishan,Chennai,2,21,0.0,132.23,104.76,110.29,0.0,27.52,11.0,65.4
Ishan Kishan,Ishan Kishan,Delhi,2,41,0.312,132.23,129.27,139.7,-0.022,27.52,26.5,65.4
Ishan Kishan,Ishan Kishan,Hyderabad,2,44,0.317,132.23,172.73,130.53,0.345,27.52,38.0,65.4
Ishan Kishan,Ishan Kishan,Jaipur,1,3,0.0,132.23,0.0,127.06,0.0,27.52,0.0,65.4
Ishan Kishan,Ishan Kishan,Lucknow,2,79,0.635,132.23,121.52,112.83,-0.122,27.52,48.0,65.4
Ishan Kishan,Ishan Kishan,Mohali,1,41,0.312,132.23,182.93,145.91,0.345,27.52,75.0,65.4
Ishan Kishan,Ishan Kishan,Mullanpur,1,8,0.0,132.23,100.0,135.45,0.0,27.52,8.0,65.4
Ishan Kishan,Ishan Kishan,Mumbai,23,615,0.95,132.23,142.44,115.79,0.11,27.52,33.69,65.4
Ishan Kishan,Ishan Kishan,Pune,3,56,0.359,132.23,78.57,116.06,-0.578,27.52,14.67,65.4
Jake Fraser-McGurk,Jake Fraser-McGurk,Ahmedabad,1,22,0.0,235.88,200.0,117.77,0.0,44.14,22.0,89.32
Jake Fraser-McGurk,Jake Fraser-McGurk,Delhi,4,82,0.677,235.88,275.61,139.7,0.295,44.14,56.5,89.32
Jake Fraser-McGurk,Jake Fraser-McGurk,Kolkata,1,7,0.0,235.88,200.0,139.66,0.0,44.14,14.0,89.32
Jake Fraser-McGurk,Jake Fraser-McGurk,Lucknow,1,38,0.309,235.88,165.79,112.83,-0.798,44.14,63.0,89.32
Jitesh Sharma,Jitesh Sharma,Ahmedabad,1,16,0.0,151.91,200.0,117.77,0.0,22.53,16.0,66.57
Jitesh Sharma,Jitesh Sharma,Bengaluru,1,20,0.0,151.91,135.0,133.24,0.0,22.53,27.0,66.57
Jitesh Sharma,Jitesh Sharma,Chennai,1,12,0.0,151.91,191.67,110.29,0.0,22.53,23.0,66.57
Jitesh Sharma,Jitesh Sharma,Delhi,1,5,0.0,151.91,100.0,139.7,0.0,22.53,5.0,66.57
Jitesh Sharma,Jitesh Sharma,Dharamsala,3,33,0.305,151.91,148.48,129.46,-0.03,22.53,16.33,66.57
Jitesh Sharma,Jitesh Sharma,Guwahati,1,17,0.0,151.91,164.71,105.94,0.0,22.53,28.0,66.57
Jitesh Sharma,Jitesh Sharma,Hyderabad,1,9,0.0,151.91,44.44,130.53,0.0,22.53,4.0,66.57
Jitesh Sharma,Jitesh Sharma,Kolkata,1,19,0.0,151.91,115.79,139.66,0.0,22.53,22.0,66.57
Jitesh Sharma,Jitesh Sharma,Lucknow,2,14,0.0,151.91,64.29,112.83,0.0,22.53,4.5,66.57
Jitesh Sharma,Jitesh Sharma,Mohali,5,100,0.818,151.91,172.0,145.91,0.137,22.53,43.0,66.57
Jitesh Sharma,Jitesh Sharma,Mullanpur,5,68,0.473,151.91,120.59,135.45,-0.248,22.53,16.4,66.57
Jitesh Sharma,Jitesh Sharma,Mumbai,9,170,0.9,151.91,156.47,115.79,0.049,22.53,29.56,66.57
Jitesh Sharma,Jitesh Sharma,Pune,2,21,0.0,151.91,166.67,116.06,0.0,22.53,35.0,66.57
Jonny Bairstow,Jonny Bairstow,Ahmedabad,1,26,0.0,150.1,176.92,117.77,0.0,30.19,23.0,72.87
Jonny Bairstow,Jonny Bairstow,Bengaluru,1,6,0.0,150.1,150.0,133.24,0.0,30.19,9.0,72.87
Jonny Bairstow,Jonny Bairstow,Chennai,1,30,0.304,150.1,153.33,110.29,0.039,30.19,46.0,72.87
Jonny Bairstow,Jonny Bairstow,Dharamsala,2,24,0.0,150.1,150.0,129.46,0.0,30.19,18.0,72.87
Jonny Bairstow,Jonny Bairstow,Kolkata,1,48,0.326,150.1,227.08,139.66,0.572,30.19,109.0,72.87
Jonny Bairstow,Jonny Bairstow,Lucknow,1,29,0.0,150.1,144.83,112.83,0.0,30.19,42.0,72.87
Jonny Bairstow,Jonny Bairstow,Mullanpur,3,25,0.0,150.1,96.0,135.45,0.0,30.19,12.0,72.87
Jonny Bairstow,Jonny Bairstow,Mumbai,8,165,0.895,150.1,150.91,115.79,0.009,30.19,22.64,72.87
Jonny Bairstow,Jonny Bairstow,Pune,2,43,0.315,150.1,113.95,116.06,-0.389,30.19,24.5,72.87
Jos Buttler,Jos Buttler,Ahmedabad,3,200,0.93,146.94,145.0,117.77,-0.02,41.98,72.5,67.57
Jos Buttler,Jos Buttler,Bengaluru,1,2,0.0,146.94,0.0,133.24,0.0,41.98,0.0,67.57
Jos Buttler,Jos Buttler,Chennai,1,38,0.309,146.94,152.63,110.29,0.068,41.98,58.0,67.57
Jos Buttler,Jos Buttler,Delhi,1,18,0.0,146.94,111.11,139.7,0.0,41.98,20.0,67.57
Jos Buttler,Jos Buttler,Dharamsala,1,4,0.0,146.94,0.0,129.46,0.0,41.98,0.0,67.57
Jos Buttler,Jos Buttler,Guwahati,2,62,0.405,146.94,159.68,105.94,0.165,41.98,49.5,67.57
Jos Buttler,Jos Buttler,Hyderabad,2,23,0.0,146.94,234.78,130.53,0.0,41.98,27.0,67.57
Jos Buttler,Jos Buttler,Jaipur,10,257,0.95,146.94,140.47,127.06,-0.058,41.98,36.1,67.57
Jos Buttler,Jos Buttler,Kolkata,3,125,0.855,146.94,172.8,139.66,0.192,41.98,72.0,67.57
Jos Buttler,Jos Buttler,Lucknow,1,18,0.0,146.94,194.44,112.83,0.0,41.98,35.0,67.57
Jos Buttler,Jos Buttler,Mumbai,14,608,0.95,146.94,145.72,115.79,-0.013,41.98,52.12,67.57
Jos Buttler,Jos Buttler,Pune,2,37,0.308,146.94,121.62,116.06,-0.273,41.98,22.5,67.57
KL Rahul,KL Rahul,Bengaluru,2,35,0.306,132.97,111.43,133.24,-0.176,47.05,19.5,57.09
KL Rahul,KL Rahul,Chennai,2,32,0.305,132.97,115.62,110.29,-0.207,47.05,18.5,57.09
KL Rahul,KL Rahul,Hyderabad,1,33,0.305,132.97,90.91,130.53,-0.358,47.05,30.0,57.09
KL Rahul,KL Rahul,Jaipur,2,77,0.605,132.97,137.66,127.06,0.042,47.05,53.0,57.09
KL Rahul,KL Rahul,Kolkata,2,88,0.745,132.97,138.64,139.66,0.042,47.05,61.0,57.09
KL Rahul,KL Rahul,Lucknow,12,385,0.95,132.97,133.25,112.83,0.003,47.05,46.64,57.09
KL Rahul,KL Rahul,Mohali,1,9,0.0,132.97,133.33,145.91,0.0,47.05,12.0,57.09
KL Rahul,KL Rahul,Mumbai,11,537,0.95,132.97,140.04,115.79,0.076,47.05,68.36,57.09
KL Rahul,KL Rahul,Pune,2,28,0.0,132.97,67.86,116.06,0.0,47.05,9.5,57.09
Karun Nair,Karun Nair,Mumbai,2,18,0.0,88.89,94.44,115.79,0.0,8.0,8.5,25.0
Krunal Pandya,Krunal Pandya,Ahmedabad,1,2,0.0,120.51,0.0,117.77,0.0,19.28,0.0,49.27
Krunal Pandya,Krunal Pandya,Bengaluru,1,2,0.0,120.51,0.0,133.24,0.0,19.28,0.0,49.27
Krunal Pandya,Krunal Pandya,Chennai,2,20,0.0,120.51,90.0,110.29,0.0,19.28,9.0,49.27
Krunal Pandya,Krunal Pandya,Hyderabad,1,21,0.0,120.51,114.29,130.53,0.0,19.28,24.0,49.27
Krunal Pandya,Krunal Pandya,Jaipur,2,8,0.0,120.51,125.0,127.06,0.0,19.28,10.0,49.27
Krunal Pandya,Krunal Pandya,Kolkata,3,16,0.0,120.51,100.0,139.66,0.0,19.28,8.0,49.27
Krunal Pandya,Krunal Pandya,Lucknow,12,182,0.912,120.51,129.67,112.83,0.104,19.28,33.71,49.27
Krunal Pandya,Krunal Pandya,Mumbai,9,151,0.881,120.51,144.37,115.79,0.258,19.28,31.14,49.27
Krunal Pandya,Krunal Pandya,Pune,3,39,0.31,120.51,97.44,116.06,-0.248,19.28,9.5,49.27
Kumar Kushagra,Kumar Kushagra,Kolkata,1,3,0.0,25.0,33.33,139.66,0.0,0.5,1.0,0.0
Kumar Kushagra,Kumar Kushagra,Mumbai,1,1,0.0,25.0,0.0,115.79,0.0,0.5,0.0,0.0
Liam Livingstone,Liam Livingstone,Bengaluru,1,14,0.0,160.79,128.57,133.24,0.0,26.72,18.0,68.65
Liam Livingstone,Liam Livingstone,Chennai,1,24,0.0,160.79,187.5,110.29,0.0,26.72,45.0,68.65
Liam Livingstone,Liam Livingstone,Delhi,1,5,0.0,160.79,80.0,139.7,0.0,26.72,4.0,68.65
Liam Livingstone,Liam Livingstone,Dharamsala,2,15,0.0,160.79,60.0,129.46,0.0,26.72,4.5,68.65
Liam Livingstone,Liam Livingstone,Kolkata,1,9,0.0,160.79,177.78,139.66,0.0,26.72,16.0,68.65
Liam Livingstone,Liam Livingstone,Lucknow,1,18,0.0,160.79,161.11,112.83,0.0,26.72,0.0,68.65
Liam Livingstone,Liam Livingstone,Mohali,3,59,0.38,160.79,186.44,145.91,0.175,26.72,55.0,68.65
Liam Livingstone,Liam Livingstone,Mullanpur,4,48,0.326,160.79,143.75,135.45,-0.135,26.72,34.5,68.65
Liam Livingstone,Liam Livingstone,Mumbai,13,319,0.95,160.79,181.19,115.79,0.221,26.72,44.46,68.65
Liam Livingstone,Liam Livingstone,Pune,2,19,0.0,160.79,105.26,116.06,0.0,26.72,10.0,68.65
M Shahrukh Khan,M Shahrukh Khan,Ahmedabad,3,72,0.53,140.98,172.22,117.77,0.327,20.26,31.0,65.08
M Shahrukh Khan,M Shahrukh Khan,Bengaluru,1,24,0.0,140.98,158.33,133.24,0.0,20.26,0.0,65.08
M Shahrukh Khan,M Shahrukh Khan,Chennai,1,3,0.0,140.98,100.0,110.29,0.0,20.26,0.0,65.08
M Shahrukh Khan,M Shahrukh Khan,Delhi,2,8,0.0,140.98,125.0,139.7,0.0,20.26,10.0,65.08
M Shahrukh Khan,M Shahrukh Khan,Dharamsala,1,23,0.0,140.98,173.91,129.46,0.0,20.26,0.0,65.08
M Shahrukh Khan,M Shahrukh Khan,Guwahati,1,10,0.0,140.98,120.0,105.94,0.0,20.26,12.0,65.08
M Shahrukh Khan,M Shahrukh Khan,Hyderabad,1,3,0.0,140.98,133.33,130.53,0.0,20.26,4.0,65.08
M Shahrukh Khan,M Shahrukh Khan,Jaipur,1,8,0.0,140.98,187.5,127.06,0.0,20.26,15.0,65.08
M Shahrukh Khan,M Shahrukh Khan,Kolkata,1,9,0.0,140.98,244.44,139.66,0.0,20.26,0.0,65.08
M Shahrukh Khan,M Shahrukh Khan,Lucknow,1,12,0.0,140.98,208.33,112.83,0.0,20.26,0.0,65.08
M Shahrukh Khan,M Shahrukh Khan,Mohali,4,27,0.0,140.98,162.96,145.91,0.0,20.26,44.0,65.08
M Shahrukh Khan,M Shahrukh Khan,Mullanpur,1,4,0.0,140.98,200.0,135.45,0.0,20.26,8.0,65.08
M Shahrukh Khan,M Shahrukh Khan,Mumbai,7,163,0.893,140.98,98.77,115.79,-0.456,20.26,23.0,65.08
M Shahrukh Khan,M Shahrukh Khan,Pune,1,8,0.0,140.98,212.5,116.06,0.0,20.26,17.0,65.08
MS Dhoni,MS Dhoni,Ahmedabad,3,38,0.309,142.23,210.53,117.77,0.714,29.3,40.0,67.92
MS Dhoni,MS Dhoni,Bengaluru,1,1,0.0,142.23,100.0,133.24,0.0,29.3,0.0,67.92
MS Dhoni,MS Dhoni,Chennai,11,56,0.359,142.23,166.07,110.29,0.284,29.3,46.5,67.92
MS Dhoni,MS Dhoni,Delhi,1,2,0.0,142.23,100.0,139.7,0.0,29.3,0.0,67.92
MS Dhoni,MS Dhoni,Dharamsala,1,1,0.0,142.23,0.0,129.46,0.0,29.3,0.0,67.92
MS Dhoni,MS Dhoni,Hyderabad,1,2,0.0,142.23,50.0,130.53,0.0,29.3,0.0,67.92
MS Dhoni,MS Dhoni,Kolkata,1,3,0.0,142.23,100.0,139.66,0.0,29.3,0.0,67.92
MS Dhoni,MS Dhoni,Lucknow,1,12,0.0,142.23,258.33,112.83,0.0,29.3,0.0,67.92
MS Dhoni,MS Dhoni,Mumbai,11,214,0.944,142.23,136.45,115.79,-0.063,29.3,41.71,67.92
MS Dhoni,MS Dhoni,Pune,2,10,0.0,142.23,100.0,116.06,0.0,29.3,5.0,67.92
MS Dhoni,MS Dhoni,Visakhapatnam,1,15,0.0,142.23,200.0,130.42,0.0,29.3,0.0,67.92
Mahipal Lomror,Mahipal Lomror,Ahmedabad,1,20,0.0,146.84,80.0,117.77,0.0,17.95,8.0,62.78
Mahipal Lomror,Mahipal Lomror,Bengaluru,8,86,0.725,146.84,174.42,133.24,0.225,17.95,18.75,62.78
Mahipal Lomror,Mahipal Lomror,Delhi,1,32,0.305,146.84,187.5,139.7,0.302,17.95,0.0,62.78
Mahipal Lomror,Mahipal Lomror,Dharamsala,1,2,0.0,146.84,50.0,129.46,0.0,17.95,1.0,62.78
Mahipal Lomror,Mahipal Lomror,Hyderabad,1,5,0.0,146.84,160.0,130.53,0.0,17.95,8.0,62.78
Mahipal Lomror,Mahipal Lomror,Jaipur,1,2,0.0,146.84,50.0,127.06,0.0,17.95,1.0,62.78
Mahipal Lomror,Mahipal Lomror,Kolkata,2,12,0.0,146.84,150.0,139.66,0.0,17.95,9.0,62.78
Mahipal Lomror,Mahipal Lomror,Lucknow,1,4,0.0,146.84,75.0,112.83,0.0,17.95,3.0,62.78
Mahipal Lomror,Mahipal Lomror,Mohali,1,9,0.0,146.84,133.33,145.91,0.0,17.95,0.0,62.78
Mahipal Lomror,Mahipal Lomror,Mumbai,4,16,0.0,146.84,162.5,115.79,0.0,17.95,6.5,62.78
Mahipal Lomror,Mahipal Lomror,Pune,1,29,0.0,146.84,151.72,116.06,0.0,17.95,44.0,62.78
Manish Pandey,Manish Pandey,Ahmedabad,1,8,0.0,118.05,25.0,117.77,0.0,26.45,1.0,49.83
Manish Pandey,Manish Pandey,Bengaluru,1,39,0.31,118.05,130.77,133.24,0.104,26.45,51.0,49.83
Manish Pandey,Manish Pandey,Chennai,1,29,0.0,118.05,93.1,110.29,0.0,26.45,13.5,49.83
Manish Pandey,Manish Pandey,Delhi,4,48,0.326,118.05,114.58,139.7,-0.026,26.45,13.75,49.83
Manish Pandey,Manish Pandey,Guwahati,1,1,0.0,118.05,0.0,105.94,0.0,26.45,0.0,49.83
Manish Pandey,Manish Pandey,Hyderabad,1,28,0.0,118.05,128.57,130.53,0.0,26.45,36.0,49.83
Manish Pandey,Manish Pandey,Mumbai,7,135,0.865,118.05,114.07,115.79,-0.043,26.45,17.11,49.83
Marco Jansen,Marco Jansen,Ahmedabad,1,12,0.0,100.0,50.0,117.77,0.0,9.43,3.0,48.48
Marco Jansen,Marco Jansen,Chennai,1,23,0.0,100.0,82.61,110.29,0.0,9.43,19.0,48.48
Marco Jansen,Marco Jansen,Hyderabad,3,14,0.0,100.0,150.0,130.53,0.0,9.43,10.5,48.48
Marco Jansen,Marco Jansen,Jaipur,1,2,0.0,100.0,150.0,127.06,0.0,9.43,0.0,48.48
Marco Jansen,Marco Jansen,Kolkata,1,1,0.0,100.0,100.0,139.66,0.0,9.43,0.0,48.48
Marco Jansen,Marco Jansen,Mumbai,2,19,0.0,100.0,142.11,115.79,0.0,9.43,27.0,48.48
Marco Jansen,Marco Jansen,Pune,1,2,0.0,100.0,50.0,116.06,0.0,9.43,1.0,48.48
Marcus Stoinis,Marcus Stoinis,Ahmedabad,1,18,0.0,147.35,55.56,117.77,0.0,29.47,5.0,65.27
Marcus Stoinis,Marcus Stoinis,Bengaluru,2,46,0.321,147.35,195.65,133.24,0.394,29.47,45.0,65.27
Marcus Stoinis,Marcus Stoinis,Chennai,3,112,0.841,147.35,175.0,110.29,0.33,29.47,98.0,65.27
Marcus Stoinis,Marcus Stoinis,Hyderabad,2,32,0.305,147.35,140.62,130.53,-0.057,29.47,22.5,65.27
Marcus Stoinis,Marcus Stoinis,Jaipur,2,20,0.0,147.35,120.0,127.06,0.0,29.47,12.0,65.27
Marcus Stoinis,Marcus Stoinis,Kolkata,3,19,0.0,147.35,136.84,139.66,0.0,29.47,8.67,65.27
Marcus Stoinis,Marcus Stoinis,Lucknow,13,251,0.95,147.35,137.45,112.83,-0.113,29.47,31.36,65.27
Marcus Stoinis,Marcus Stoinis,Mohali,1,40,0.311,147.35,195.0,145.91,0.325,29.47,78.0,65.27
Marcus Stoinis,Marcus Stoinis,Mumbai,6,98,0.81,147.35,147.96,115.79,0.007,29.47,29.0,65.27
Marcus Stoinis,Marcus Stoinis,Pune,3,21,0.0,147.35,152.38,116.06,0.0,29.47,16.0,65.27
Mayank Agarwal,Mayank Agarwal,Ahmedabad,1,36,0.307,131.04,100.0,117.77,-0.324,26.24,18.0,61.17
Mayank Agarwal,Mayank Agarwal,Chennai,1,4,0.0,131.04,50.0,110.29,0.0,26.24,2.0,61.17
Mayank Agarwal,Mayank Agarwal,Delhi,1,8,0.0,131.04,87.5,139.7,0.0,26.24,7.0,61.17
Mayank Agarwal,Mayank Agarwal,Hyderabad,6,152,0.882,131.04,121.05,130.53,-0.085,26.24,30.67,61.17
Mayank Agarwal,Mayank Agarwal,Kolkata,2,35,0.306,131.04,131.43,139.66,0.003,26.24,23.0,61.17
Mayank Agarwal,Mayank Agarwal,Lucknow,1,7,0.0,131.04,114.29,112.83,0.0,26.24,8.0,61.17
Mayank Agarwal,Mayank Agarwal,Mumbai,12,200,0.93,131.04,136.0,115.79,0.054,26.24,19.43,61.17
Mayank Agarwal,Mayank Agarwal,Pune,2,50,0.332,131.04,166.0,116.06,0.376,26.24,41.5,61.17
Mitchell Marsh,Mitchell Marsh,Bengaluru,1,4,0.0,135.8,0.0,133.24,0.0,20.95,0.0,68.18
Mitchell Marsh,Mitchell Marsh,Chennai,1,4,0.0,135.8,150.0,110.29,0.0,20.95,0.0,68.18
Mitchell Marsh,Mitchell Marsh,Delhi,5,73,0.545,135.8,135.62,139.7,-0.001,20.95,19.8,68.18
Mitchell Marsh,Mitchell Marsh,Hyderabad,1,15,0.0,135.8,173.33,130.53,0.0,20.95,26.0,68.18
Mitchell Marsh,Mitchell Marsh,Jaipur,1,12,0.0,135.8,191.67,127.06,0.0,20.95,23.0,68.18
Mitchell Marsh,Mitchell Marsh,Lucknow,1,1,0.0,135.8,0.0,112.83,0.0,20.95,0.0,68.18
Mitchell Marsh,Mitchell Marsh,Mullanpur,1,14,0.0,135.8,192.86,135.45,0.0,20.95,27.0,68.18
Mitchell Marsh,Mitchell Marsh,Mumbai,8,325,0.95,135.8,136.62,115.79,0.009,20.95,44.4,68.18
Mitchell Marsh,Mitchell Marsh,Visakhapatnam,2,15,0.0,135.8,126.67,130.42,0.0,20.95,9.5,68.18
Mitchell Santner,Mitchell Santner,Ahmedabad,2,10,0.0,79.55,40.0,117.77,0.0,8.75,2.0,45.71
Mitchell Santner,Mitchell Santner,Chennai,1,1,0.0,79.55,100.0,110.29,0.0,8.75,0.0,45.71
Mitchell Santner,Mitchell Santner,Dharamsala,1,11,0.0,79.55,100.0,129.46,0.0,8.75,11.0,45.71
Mitchell Santner,Mitchell Santner,Mumbai,4,41,0.312,79.55,102.44,115.79,0.248,8.75,14.0,45.71
Moeen Ali,Moeen Ali,Ahmedabad,2,112,0.841,137.52,151.79,117.77,0.149,24.09,42.5,66.43
Moeen Ali,Moeen Ali,Bengaluru,1,9,0.0,137.52,233.33,133.24,0.0,24.09,0.0,66.43
Moeen Ali,Moeen Ali,Chennai,8,65,0.436,137.52,121.54,110.29,-0.19,24.09,13.17,66.43
Moeen Ali,Moeen Ali,Dharamsala,1,20,0.0,137.52,85.0,129.46,0.0,24.09,17.0,66.43
Moeen Ali,Moeen Ali,Jaipur,1,12,0.0,137.52,191.67,127.06,0.0,24.09,23.0,66.43
Moeen Ali,Moeen Ali,Lucknow,1,20,0.0,137.52,150.0,112.83,0.0,24.09,30.0,66.43
Moeen Ali,Moeen Ali,Mumbai,8,195,0.925,137.52,136.92,115.79,-0.006,24.09,29.67,66.43
Moeen Ali,Moeen Ali,Pune,2,31,0.304,137.52,116.13,116.06,-0.23,24.09,18.0,66.43
Naman Dhir,Naman Dhir,Ahmedabad,1,24,0.0,135.56,183.33,117.77,0.0,12.2,22.0,75.41
Naman Dhir,Naman Dhir,Hyderabad,1,15,0.0,135.56,206.67,130.53,0.0,12.2,31.0,75.41
Naman Dhir,Naman Dhir,Mumbai,3,21,0.0,135.56,76.19,115.79,0.0,12.2,5.33,75.41
Nehal Wadhera,Nehal Wadhera,Ahmedabad,2,48,0.326,141.67,183.33,117.77,0.436,28.33,22.0,68.24
Nehal Wadhera,Nehal Wadhera,Bengaluru,1,13,0.0,141.67,161.54,133.24,0.0,28.33,21.0,68.24
Nehal Wadhera,Nehal Wadhera,Chennai,2,62,0.405,141.67,146.77,110.29,0.061,28.33,91.0,68.24
Nehal Wadhera,Nehal Wadhera,Delhi,1,2,0.0,141.67,200.0,139.7,0.0,28.33,4.0,68.24
Nehal Wadhera,Nehal Wadhera,Jaipur,1,25,0.0,141.67,204.0,127.06,0.0,28.33,51.0,68.24
Nehal Wadhera,Nehal Wadhera,Lucknow,2,64,0.425,141.67,103.12,112.83,-0.439,28.33,33.0,68.24
Nehal Wadhera,Nehal Wadhera,Mumbai,4,57,0.366,141.67,138.6,115.79,-0.033,28.33,26.33,68.24
Nicholas Pooran,Nicholas Pooran,Ahmedabad,1,12,0.0,158.72,50.0,117.77,0.0,30.33,3.0,67.03
Nicholas Pooran,Nicholas Pooran,Bengaluru,2,41,0.312,158.72,251.22,133.24,0.755,30.33,103.0,67.03
Nicholas Pooran,Nicholas Pooran,Chennai,3,34,0.306,158.72,194.12,110.29,0.422,30.33,22.0,67.03
Nicholas Pooran,Nicholas Pooran,Hyderabad,2,40,0.311,158.72,232.5,130.53,0.628,30.33,0.0,67.03
Nicholas Pooran,Nicholas Pooran,Jaipur,2,63,0.415,158.72,150.79,127.06,-0.071,30.33,0.0,67.03
Nicholas Pooran,Nicholas Pooran,Kolkata,2,69,0.487,158.72,159.42,139.66,0.005,30.33,55.0,67.03
Nicholas Pooran,Nicholas Pooran,Lucknow,13,147,0.877,158.72,143.54,112.83,-0.173,30.33,26.38,67.03
Nicholas Pooran,Nicholas Pooran,Mohali,1,19,0.0,158.72,242.11,145.91,0.0,30.33,0.0,67.03
Nicholas Pooran,Nicholas Pooran,Mumbai,10,259,0.95,158.72,146.33,115.79,-0.134,30.33,54.14,67.03
Nicholas Pooran,Nicholas Pooran,Pune,3,49,0.329,158.72,146.94,116.06,-0.127,30.33,36.0,67.03
Nitish Kumar Reddy,Nitish Kumar Reddy,Chennai,1,15,0.0,152.23,100.0,110.29,0.0,47.8,15.0,62.76
Nitish Kumar Reddy,Nitish Kumar Reddy,Delhi,1,28,0.0,152.23,135.71,139.7,0.0,47.8,38.0,62.76
Nitish Kumar Reddy,Nitish Kumar Reddy,Hyderabad,3,67,0.46,152.23,159.7,130.53,0.064,47.8,107.0,62.76
Nitish Kumar Reddy,Nitish Kumar Reddy,Mullanpur,1,38,0.309,152.23,171.05,135.45,0.149,47.8,65.0,62.76
Nitish Kumar Reddy,Nitish Kumar Reddy,Mumbai,1,15,0.0,152.23,133.33,115.79,0.0,47.8,20.0,62.76
Nitish Rana,Nitish Rana,Ahmedabad,1,58,0.372,135.16,158.62,117.77,0.245,29.77,46.0,65.98
Nitish Rana,Nitish Rana,Bengaluru,1,22,0.0,135.16,222.73,133.24,0.0,29.77,49.0,65.98
Nitish Rana,Nitish Rana,Chennai,1,47,0.323,135.16,136.17,110.29,0.012,29.77,0.0,65.98
Nitish Rana,Nitish Rana,Delhi,1,7,0.0,135.16,57.14,139.7,0.0,29.77,4.0,65.98
Nitish Rana,Nitish Rana,Hyderabad,1,31,0.304,135.16,138.71,130.53,0.03,29.77,43.0,65.98
Nitish Rana,Nitish Rana,Kolkata,8,150,0.88,135.16,136.67,139.66,0.011,29.77,25.62,65.98
Nitish Rana,Nitish Rana,Mohali,1,17,0.0,135.16,152.94,145.91,0.0,29.77,26.0,65.98
Nitish Rana,Nitish Rana,Mumbai,11,288,0.95,135.16,155.21,115.79,0.217,29.77,31.93,65.98
Nitish Rana,Nitish Rana,Pune,3,34,0.306,135.16,108.82,116.06,-0.284,29.77,12.33,65.98
Phil Salt,Phil Salt,Ahmedabad,1,2,0.0,175.92,0.0,117.77,0.0,34.5,0.0,76.33
Phil Salt,Phil Salt,Bengaluru,1,20,0.0,175.92,150.0,133.24,0.0,34.5,30.0,76.33
Phil Salt,Phil Salt,Chennai,2,13,0.0,175.92,138.46,110.29,0.0,34.5,9.0,76.33
Phil Salt,Phil Salt,Delhi,5,107,0.835,175.92,169.16,139.7,-0.05,34.5,36.2,76.33
Phil Salt,Phil Salt,Hyderabad,1,1,0.0,175.92,0.0,130.53,0.0,34.5,0.0,76.33
Phil Salt,Phil Salt,Kolkata,6,192,0.922,175.92,190.1,139.66,0.105,34.5,60.83,76.33
Phil Salt,Phil Salt,Lucknow,1,14,0.0,175.92,228.57,112.83,0.0,34.5,32.0,76.33
Phil Salt,Phil Salt,Mumbai,1,4,0.0,175.92,150.0,115.79,0.0,34.5,6.0,76.33
Phil Salt,Phil Salt,Visakhapatnam,1,14,0.0,175.92,185.71,130.42,0.0,34.5,26.0,76.33
Prabhsimran Singh,Prabhsimran Singh,Ahmedabad,1,50,0.332,150.12,148.0,117.77,-0.022,22.36,37.0,74.76
Prabhsimran Singh,Prabhsimran Singh,Bengaluru,1,17,0.0,150.12,147.06,133.24,0.0,22.36,25.0,74.76
Prabhsimran Singh,Prabhsimran Singh,Chennai,2,34,0.306,150.12,164.71,110.29,0.174,22.36,28.0,74.76
Prabhsimran Singh,Prabhsimran Singh,Delhi,1,68,0.473,150.12,164.71,139.7,0.108,22.36,112.0,74.76
Prabhsimran Singh,Prabhsimran Singh,Dharamsala,3,29,0.0,150.12,131.03,129.46,0.0,22.36,12.67,74.76
Prabhsimran Singh,Prabhsimran Singh,Guwahati,1,36,0.307,150.12,172.22,105.94,0.286,22.36,62.0,74.76
Prabhsimran Singh,Prabhsimran Singh,Hyderabad,1,1,0.0,150.12,0.0,130.53,0.0,22.36,0.0,74.76
Prabhsimran Singh,Prabhsimran Singh,Kolkata,2,29,0.0,150.12,234.48,139.66,0.0,22.36,68.0,74.76
Prabhsimran Singh,Prabhsimran Singh,Lucknow,2,11,0.0,150.12,209.09,112.83,0.0,22.36,11.5,74.76
Prabhsimran Singh,Prabhsimran Singh,Mohali,5,65,0.436,150.12,136.92,145.91,-0.09,22.36,14.83,74.76
Prabhsimran Singh,Prabhsimran Singh,Mullanpur,5,60,0.387,150.12,130.0,135.45,-0.159,22.36,13.0,74.76
Prabhsimran Singh,Prabhsimran Singh,Mumbai,2,40,0.311,150.12,137.5,115.79,-0.136,22.36,18.33,74.76
Quinton de Kock,Quinton de Kock,Ahmedabad,1,84,0.702,135.23,171.43,117.77,0.378,31.21,72.0,61.89
Quinton de Kock,Quinton de Kock,Bengaluru,1,57,0.366,135.23,150.88,133.24,0.128,31.21,86.0,61.89
Quinton de Kock,Quinton de Kock,Chennai,1,3,0.0,135.23,0.0,110.29,0.0,31.21,0.0,61.89
Quinton de Kock,Quinton de Kock,Hyderabad,2,24,0.0,135.23,129.17,130.53,0.0,31.21,15.5,61.89
Quinton de Kock,Quinton de Kock,Jaipur,1,5,0.0,135.23,80.0,127.06,0.0,31.21,4.0,61.89
Quinton de Kock,Quinton de Kock,Kolkata,3,40,0.311,135.23,115.0,139.66,-0.15,31.21,15.33,61.89
Quinton de Kock,Quinton de Kock,Lucknow,6,121,0.851,135.23,134.71,112.83,-0.006,31.21,27.17,61.89
Quinton de Kock,Quinton de Kock,Mumbai,11,401,0.95,135.23,159.1,115.79,0.258,31.21,49.08,61.89
Quinton de Kock,Quinton de Kock,Pune,3,78,0.62,135.23,139.74,116.06,0.049,31.21,27.25,61.89
Rachin Ravindra,Rachin Ravindra,Ahmedabad,1,4,0.0,161.45,50.0,117.77,0.0,16.75,0.0,79.1
Rachin Ravindra,Rachin Ravindra,Chennai,3,48,0.326,161.45,214.58,110.29,0.633,16.75,34.33,79.1
Rachin Ravindra,Rachin Ravindra,Hyderabad,1,9,0.0,161.45,133.33,130.53,0.0,16.75,12.0,79.1
Rachin Ravindra,Rachin Ravindra,Lucknow,1,1,0.0,161.45,0.0,112.83,0.0,16.75,0.0,79.1
Rachin Ravindra,Rachin Ravindra,Mumbai,1,18,0.0,161.45,127.78,115.79,0.0,16.75,23.0,79.1
Rachin Ravindra,Rachin Ravindra,Visakhapatnam,1,12,0.0,161.45,16.67,130.42,0.0,16.75,2.0,79.1
Rahmanullah Gurbaz,Rahmanullah Gurbaz,Ahmedabad,1,24,0.0,138.61,125.0,117.77,0.0,21.9,15.0,72.15
Rahmanullah Gurbaz,Rahmanullah Gurbaz,Chennai,1,5,0.0,138.61,40.0,110.29,0.0,21.9,2.0,72.15
Rahmanullah Gurbaz,Rahmanullah Gurbaz,Hyderabad,1,1,0.0,138.61,0.0,130.53,0.0,21.9,0.0,72.15
Rahmanullah Gurbaz,Rahmanullah Gurbaz,Kolkata,6,131,0.861,138.61,154.96,139.66,0.122,21.9,33.83,72.15
Rahmanullah Gurbaz,Rahmanullah Gurbaz,Mohali,1,16,0.0,138.61,137.5,145.91,0.0,21.9,22.0,72.15
Rahul Tripathi,Rahul Tripathi,Ahmedabad,1,4,0.0,140.83,50.0,117.77,0.0,27.85,1.0,62.48
Rahul Tripathi,Rahul Tripathi,Chennai,1,21,0.0,140.83,104.76,110.29,0.0,27.85,22.0,62.48
Rahul Tripathi,Rahul Tripathi,Delhi,1,7,0.0,140.83,157.14,139.7,0.0,27.85,11.0,62.48
Rahul Tripathi,Rahul Tripathi,Hyderabad,7,111,0.84,140.83,139.64,130.53,-0.01,27.85,25.83,62.48
Rahul Tripathi,Rahul Tripathi,Jaipur,1,31,0.304,140.83,158.06,127.06,0.155,27.85,49.0,62.48
Rahul Tripathi,Rahul Tripathi,Kolkata,2,24,0.0,140.83,125.0,139.66,0.0,27.85,15.0,62.48
Rahul Tripathi,Rahul Tripathi,Lucknow,1,41,0.312,140.83,87.8,112.83,-0.604,27.85,36.0,62.48
Rahul Tripathi,Rahul Tripathi,Mullanpur,1,14,0.0,140.83,85.71,135.45,0.0,27.85,12.0,62.48
Rahul Tripathi,Rahul Tripathi,Mumbai,11,333,0.95,140.83,168.17,115.79,0.296,27.85,46.67,62.48
Rahul Tripathi,Rahul Tripathi,Pune,3,17,0.0,140.83,58.82,116.06,0.0,27.85,3.33,62.48
Rajat Patidar,Rajat Patidar,Ahmedabad,1,94,0.791,157.75,151.06,117.77,-0.07,33.6,71.0,66.37
Rajat Patidar,Rajat Patidar,Bengaluru,5,55,0.354,157.75,129.09,133.24,-0.234,33.6,14.2,66.37
Rajat Patidar,Rajat Patidar,Chennai,1,3,0.0,157.75,0.0,110.29,0.0,33.6,0.0,66.37
Rajat Patidar,Rajat Patidar,Dharamsala,1,24,0.0,157.75,233.33,129.46,0.0,33.6,56.0,66.37
Rajat Patidar,Rajat Patidar,Hyderabad,1,21,0.0,157.75,242.86,130.53,0.0,33.6,51.0,66.37
Rajat Patidar,Rajat Patidar,Kolkata,2,78,0.62,157.75,212.82,139.66,0.409,33.6,166.0,66.37
Rajat Patidar,Rajat Patidar,Mumbai,4,124,0.854,157.75,149.19,115.79,-0.093,33.6,46.25,66.37
Rajat Patidar,Rajat Patidar,Pune,2,34,0.306,157.75,123.53,116.06,-0.368,33.6,21.0,66.37
Raj Bawa,Raj Bawa,Mumbai,2,15,0.0,78.57,73.33,115.79,0.0,5.5,3.67,36.36
Ramandeep Singh,Ramandeep Singh,Chennai,1,12,0.0,162.77,108.33,110.29,0.0,25.5,13.0,65.36
Ramandeep Singh,Ramandeep Singh,Kolkata,2,25,0.0,162.77,224.0,139.66,0.0,25.5,56.0,65.36
Ramandeep Singh,Ramandeep Singh,Lucknow,1,4,0.0,162.77,375.0,112.83,0.0,25.5,0.0,65.36
Ramandeep Singh,Ramandeep Singh,Mumbai,4,46,0.321,162.77,102.17,115.79,-0.655,25.5,15.67,65.36
Ramandeep Singh,Ramandeep Singh,Pune,1,12,0.0,162.77,50.0,116.06,0.0,25.5,6.0,65.36
Ravichandran Ashwin,Ravichandran Ashwin,Ahmedabad,2,24,0.0,128.67,133.33,117.77,0.0,17.95,8.0,52.37
Ravichandran Ashwin,Ravichandran Ashwin,Bengaluru,1,6,0.0,128.67,200.0,133.24,0.0,17.95,12.0,52.37
Ravichandran Ashwin,Ravichandran Ashwin,Chennai,1,25,0.0,128.67,132.0,110.29,0.0,17.95,33.0,52.37
Ravichandran Ashwin,Ravichandran Ashwin,Delhi,1,3,0.0,128.67,66.67,139.7,0.0,17.95,2.0,52.37
Ravichandran Ashwin,Ravichandran Ashwin,Guwahati,1,4,0.0,128.67,0.0,105.94,0.0,17.95,0.0,52.37
Ravichandran Ashwin,Ravichandran Ashwin,Hyderabad,2,3,0.0,128.67,200.0,130.53,0.0,17.95,0.0,52.37
Ravichandran Ashwin,Ravichandran Ashwin,Jaipur,4,29,0.0,128.67,127.59,127.06,0.0,17.95,18.5,52.37
Ravichandran Ashwin,Ravichandran Ashwin,Kolkata,1,12,0.0,128.67,75.0,139.66,0.0,17.95,9.0,52.37
Ravichandran Ashwin,Ravichandran Ashwin,Mumbai,11,196,0.926,128.67,139.8,115.79,0.12,17.95,24.91,52.37
Ravichandran Ashwin,Ravichandran Ashwin,Pune,1,9,0.0,128.67,188.89,116.06,0.0,17.95,17.0,52.37
Ravindra Jadeja,Ravindra Jadeja,Ahmedabad,3,36,0.307,137.91,188.89,117.77,0.533,34.23,17.0,51.53
Ravindra Jadeja,Ravindra Jadeja,Bengaluru,1,9,0.0,137.91,133.33,133.24,0.0,34.23,12.0,51.53
Ravindra Jadeja,Ravindra Jadeja,Chennai,10,133,0.863,137.91,122.56,110.29,-0.183,34.23,20.38,51.53
Ravindra Jadeja,Ravindra Jadeja,Delhi,1,7,0.0,137.91,285.71,139.7,0.0,34.23,0.0,51.53
Ravindra Jadeja,Ravindra Jadeja,Dharamsala,1,28,0.0,137.91,160.71,129.46,0.0,34.23,45.0,51.53
Ravindra Jadeja,Ravindra Jadeja,Hyderabad,1,23,0.0,137.91,134.78,130.53,0.0,34.23,0.0,51.53
Ravindra Jadeja,Ravindra Jadeja,Jaipur,1,15,0.0,137.91,153.33,127.06,0.0,34.23,0.0,51.53
Ravindra Jadeja,Ravindra Jadeja,Kolkata,1,8,0.0,137.91,225.0,139.66,0.0,34.23,18.0,51.53
Ravindra Jadeja,Ravindra Jadeja,Lucknow,1,40,0.311,137.91,145.0,112.83,0.081,34.23,0.0,51.53
Ravindra Jadeja,Ravindra Jadeja,Mumbai,7,114,0.843,137.91,109.65,115.79,-0.306,34.23,13.89,51.53
Ravindra Jadeja,Ravindra Jadeja,Pune,3,18,0.0,137.91,144.44,116.06,0.0,34.23,13.0,51.53
Ravindra Jadeja,Ravindra Jadeja,Visakhapatnam,1,18,0.0,137.91,122.22,130.42,0.0,34.23,0.0,51.53
Rinku Singh,Rinku Singh,Ahmedabad,1,46,0.321,150.48,217.39,117.77,0.699,38.9,0.0,62.72
Rinku Singh,Rinku Singh,Bengaluru,2,16,0.0,150.48,150.0,133.24,0.0,38.9,0.0,62.72
Rinku Singh,Rinku Singh,Chennai,2,58,0.372,150.48,115.52,110.29,-0.417,38.9,33.5,62.72
Rinku Singh,Rinku Singh,Delhi,1,8,0.0,150.48,75.0,139.7,0.0,38.9,6.0,62.72
Rinku Singh,Rinku Singh,Hyderabad,1,38,0.309,150.48,131.58,130.53,-0.161,38.9,50.0,62.72
Rinku Singh,Rinku Singh,Kolkata,12,232,0.95,150.48,153.88,139.66,0.025,38.9,59.5,62.72
Rinku Singh,Rinku Singh,Lucknow,1,11,0.0,150.48,145.45,112.83,0.0,38.9,16.0,62.72
Rinku Singh,Rinku Singh,Mohali,1,4,0.0,150.48,100.0,145.91,0.0,38.9,4.0,62.72
Rinku Singh,Rinku Singh,Mumbai,6,178,0.908,150.48,158.43,115.79,0.086,38.9,70.5,62.72
Rinku Singh,Rinku Singh,Pune,2,17,0.0,150.48,70.59,116.06,0.0,38.9,6.0,62.72
Rinku Singh,Rinku Singh,Visakhapatnam,1,7,0.0,150.48,271.43,130.42,0.0,38.9,0.0,62.72
Rishabh Pant,Rishabh Pant,Ahmedabad,1,22,0.0,143.98,145.45,117.77,0.0,35.52,0.0,62.97
Rishabh Pant,Rishabh Pant,Delhi,4,114,0.843,143.98,158.77,139.7,0.11,35.52,60.33,62.97
Rishabh Pant,Rishabh Pant,Jaipur,1,27,0.0,143.98,107.41,127.06,0.0,35.52,29.0,62.97
Rishabh Pant,Rishabh Pant,Kolkata,1,21,0.0,143.98,133.33,139.66,0.0,35.52,28.0,62.97
Rishabh Pant,Rishabh Pant,Lucknow,1,24,0.0,143.98,170.83,112.83,0.0,35.52,41.0,62.97
Rishabh Pant,Rishabh Pant,Mullanpur,1,13,0.0,143.98,138.46,135.45,0.0,35.52,18.0,62.97
Rishabh Pant,Rishabh Pant,Mumbai,13,262,0.95,143.98,150.0,115.79,0.065,35.52,28.07,62.97
Rishabh Pant,Rishabh Pant,Pune,1,30,0.304,143.98,153.33,116.06,0.101,35.52,23.0,62.97
Rishabh Pant,Rishabh Pant,Visakhapatnam,2,59,0.38,143.98,183.05,130.42,0.333,35.52,54.0,62.97
Riyan Parag,Riyan Parag,Ahmedabad,2,44,0.317,141.07,90.91,117.77,-0.524,23.94,6.67,62.03
Riyan Parag,Riyan Parag,Delhi,1,23,0.0,141.07,121.74,139.7,0.0,23.94,28.0,62.03
Riyan Parag,Riyan Parag,Dharamsala,1,13,0.0,141.07,169.23,129.46,0.0,23.94,22.0,62.03
Riyan Parag,Riyan Parag,Guwahati,2,24,0.0,141.07,116.67,105.94,0.0,23.94,14.0,62.03
Riyan Parag,Riyan Parag,Hyderabad,2,62,0.405,141.07,150.0,130.53,0.076,23.94,46.5,62.03
Riyan Parag,Riyan Parag,Jaipur,6,150,0.88,141.07,156.0,127.06,0.134,23.94,58.5,62.03
Riyan Parag,Riyan Parag,Kolkata,2,19,0.0,141.07,215.79,139.66,0.0,23.94,41.0,62.03
Riyan Parag,Riyan Parag,Lucknow,1,11,0.0,141.07,127.27,112.83,0.0,23.94,14.0,62.03
Riyan Parag,Riyan Parag,Mullanpur,1,18,0.0,141.07,127.78,135.45,0.0,23.94,23.0,62.03
Riyan Parag,Riyan Parag,Mumbai,11,145,0.875,141.07,135.17,115.79,-0.064,23.94,19.6,62.03
Riyan Parag,Riyan Parag,Pune,2,38,0.309,141.07,176.32,116.06,0.379,23.94,0.0,62.03
Rohit Sharma,Rohit Sharma,Ahmedabad,3,90,0.763,132.41,120.0,117.77,-0.13,24.36,18.0,68.32
Rohit Sharma,Rohit Sharma,Bengaluru,1,10,0.0,132.41,10.0,133.24,0.0,24.36,1.0,68.32
Rohit Sharma,Rohit Sharma,Chennai,2,13,0.0,132.41,115.38,110.29,0.0,24.36,7.5,68.32
Rohit Sharma,Rohit Sharma,Delhi,2,55,0.354,132.41,152.73,139.7,0.151,24.36,42.0,68.32
Rohit Sharma,Rohit Sharma,Hyderabad,2,31,0.304,132.41,177.42,130.53,0.383,24.36,27.5,68.32
Rohit Sharma,Rohit Sharma,Jaipur,1,5,0.0,132.41,120.0,127.06,0.0,24.36,6.0,68.32
Rohit Sharma,Rohit Sharma,Lucknow,2,32,0.305,132.41,134.38,112.83,0.022,24.36,21.5,68.32
Rohit Sharma,Rohit Sharma,Mohali,1,3,0.0,132.41,0.0,145.91,0.0,24.36,0.0,68.32
Rohit Sharma,Rohit Sharma,Mullanpur,1,26,0.0,132.41,142.31,135.45,0.0,24.36,37.0,68.32
Rohit Sharma,Rohit Sharma,Mumbai,23,460,0.95,132.41,137.39,115.79,0.054,24.36,24.31,68.32
Rohit Sharma,Rohit Sharma,Pune,3,45,0.319,132.41,131.11,116.06,-0.014,24.36,19.67,68.32
Romario Shepherd,Romario Shepherd,Hyderabad,1,5,0.0,183.87,300.0,130.53,0.0,22.8,0.0,77.19
Romario Shepherd,Romario Shepherd,Lucknow,1,1,0.0,183.87,0.0,112.83,0.0,22.8,0.0,77.19
Romario Shepherd,Romario Shepherd,Mullanpur,1,2,0.0,183.87,50.0,135.45,0.0,22.8,1.0,77.19
Romario Shepherd,Romario Shepherd,Mumbai,4,43,0.315,183.87,158.14,115.79,-0.278,22.8,34.0,77.19
Romario Shepherd,Romario Shepherd,Pune,1,18,0.0,183.87,138.89,116.06,0.0,22.8,25.0,77.19
Rovman Powell,Rovman Powell,Delhi,2,13,0.0,152.51,161.54,139.7,0.0,19.65,21.0,70.06
Rovman Powell,Rovman Powell,Guwahati,1,2,0.0,152.51,100.0,105.94,0.0,19.65,2.0,70.06
Rovman Powell,Rovman Powell,Hyderabad,1,12,0.0,152.51,125.0,130.53,0.0,19.65,0.0,70.06
Rovman Powell,Rovman Powell,Kolkata,1,13,0.0,152.51,200.0,139.66,0.0,19.65,26.0,70.06
Rovman Powell,Rovman Powell,Lucknow,1,3,0.0,152.51,33.33,112.83,0.0,19.65,1.0,70.06
Rovman Powell,Rovman Powell,Mullanpur,1,5,0.0,152.51,220.0,135.45,0.0,19.65,11.0,70.06
Rovman Powell,Rovman Powell,Mumbai,11,182,0.912,152.51,133.52,115.79,-0.205,19.65,20.25,70.06
Rovman Powell,Rovman Powell,Pune,1,12,0.0,152.51,166.67,116.06,0.0,19.65,20.0,70.06
Ruturaj Gaikwad,Ruturaj Gaikwad,Ahmedabad,3,138,0.868,139.66,171.01,117.77,0.328,41.04,39.33,60.82
Ruturaj Gaikwad,Ruturaj Gaikwad,Bengaluru,1,6,0.0,139.66,50.0,133.24,0.0,41.04,3.0,60.82
Ruturaj Gaikwad,Ruturaj Gaikwad,Chennai,14,478,0.95,139.66,145.61,110.29,0.071,41.04,63.27,60.82
Ruturaj Gaikwad,Ruturaj Gaikwad,Delhi,1,51,0.336,139.66,156.86,139.7,0.128,41.04,80.0,60.82
Ruturaj Gaikwad,Ruturaj Gaikwad,Dharamsala,1,21,0.0,139.66,152.38,129.46,0.0,41.04,32.0,60.82
Ruturaj Gaikwad,Ruturaj Gaikwad,Hyderabad,1,21,0.0,139.66,123.81,130.53,0.0,41.04,26.0,60.82
Ruturaj Gaikwad,Ruturaj Gaikwad,Jaipur,1,29,0.0,139.66,162.07,127.06,0.0,41.04,47.0,60.82
Ruturaj Gaikwad,Ruturaj Gaikwad,Kolkata,1,20,0.0,139.66,175.0,139.66,0.0,41.04,35.0,60.82
Ruturaj Gaikwad,Ruturaj Gaikwad,Lucknow,1,13,0.0,139.66,130.77,112.83,0.0,41.04,17.0,60.82
Ruturaj Gaikwad,Ruturaj Gaikwad,Mumbai,13,313,0.95,139.66,118.85,115.79,-0.225,41.04,23.25,60.82
Ruturaj Gaikwad,Ruturaj Gaikwad,Pune,3,131,0.861,139.66,154.96,116.06,0.165,41.04,67.67,60.82
Ruturaj Gaikwad,Ruturaj Gaikwad,Visakhapatnam,1,3,0.0,139.66,66.67,130.42,0.0,41.04,2.0,60.82
Sai Kishore,Sai Kishore,Delhi,1,6,0.0,216.67,283.33,139.7,0.0,13.0,17.0,92.31
Sai Sudharsan,Sai Sudharsan,Ahmedabad,12,810,0.95,139.17,156.05,117.77,0.177,47.0,63.2,54.74
Sai Sudharsan,Sai Sudharsan,Bengaluru,1,15,0.0,139.17,46.67,133.24,0.0,47.0,7.0,54.74
Sai Sudharsan,Sai Sudharsan,Chennai,1,35,0.306,139.17,120.0,110.29,-0.228,47.0,42.0,54.74
Sai Sudharsan,Sai Sudharsan,Delhi,2,88,0.745,139.17,146.59,139.7,0.055,47.0,129.0,54.74
Sai Sudharsan,Sai Sudharsan,Jaipur,1,29,0.0,139.17,120.69,127.06,0.0,47.0,35.0,54.74
Sai Sudharsan,Sai Sudharsan,Lucknow,1,24,0.0,139.17,150.0,112.83,0.0,47.0,36.0,54.74
Sai Sudharsan,Sai Sudharsan,Mohali,1,20,0.0,139.17,95.0,145.91,0.0,47.0,19.0,54.74
Sai Sudharsan,Sai Sudharsan,Mullanpur,1,34,0.306,139.17,91.18,135.45,-0.379,47.0,31.0,54.74
Sai Sudharsan,Sai Sudharsan,Mumbai,5,173,0.903,139.17,126.59,115.79,-0.136,47.0,43.8,54.74
Sam Curran,Sam Curran,Ahmedabad,1,16,0.0,130.37,62.5,117.77,0.0,24.0,5.0,53.03
Sam Curran,Sam Curran,Bengaluru,1,19,0.0,130.37,136.84,133.24,0.0,24.0,26.0,53.03
Sam Curran,Sam Curran,Chennai,2,45,0.319,130.37,142.22,110.29,0.141,24.0,64.0,53.03
Sam Curran,Sam Curran,Delhi,1,25,0.0,130.37,84.0,139.7,0.0,24.0,21.0,53.03
Sam Curran,Sam Curran,Dharamsala,3,62,0.405,130.37,132.26,129.46,0.016,24.0,27.33,53.03
Sam Curran,Sam Curran,Hyderabad,1,15,0.0,130.37,146.67,130.53,0.0,24.0,22.0,53.03
Sam Curran,Sam Curran,Kolkata,1,9,0.0,130.37,44.44,139.66,0.0,24.0,4.0,53.03
Sam Curran,Sam Curran,Lucknow,2,7,0.0,130.37,85.71,112.83,0.0,24.0,3.0,53.03
Sam Curran,Sam Curran,Mohali,4,66,0.448,130.37,127.27,145.91,-0.021,24.0,28.0,53.03
Sam Curran,Sam Curran,Mullanpur,5,108,0.836,130.37,123.15,135.45,-0.057,24.0,26.6,53.03
Sam Curran,Sam Curran,Mumbai,1,30,0.304,130.37,193.33,115.79,0.681,24.0,58.0,53.03
Sameer Rizvi,Sameer Rizvi,Chennai,2,29,0.0,102.86,120.69,110.29,0.0,9.0,17.5,44.44
Sameer Rizvi,Sameer Rizvi,Lucknow,1,5,0.0,102.86,20.0,112.83,0.0,9.0,1.0,44.44
Sameer Rizvi,Sameer Rizvi,Visakhapatnam,1,1,0.0,102.86,0.0,130.42,0.0,9.0,0.0,44.44
Sanju Samson,Sanju Samson,Ahmedabad,3,128,0.858,149.16,151.56,117.77,0.025,37.77,32.33,65.8
Sanju Samson,Sanju Samson,Bengaluru,1,15,0.0,149.16,153.33,133.24,0.0,37.77,23.0,65.8
Sanju Samson,Sanju Samson,Chennai,1,2,0.0,149.16,0.0,110.29,0.0,37.77,0.0,65.8
Sanju Samson,Sanju Samson,Delhi,1,52,0.34,149.16,178.85,139.7,0.221,37.77,93.0,65.8
Sanju Samson,Sanju Samson,Dharamsala,1,3,0.0,149.16,66.67,129.46,0.0,37.77,2.0,65.8
Sanju Samson,Sanju Samson,Guwahati,2,30,0.304,149.16,156.67,105.94,0.097,37.77,23.5,65.8
Sanju Samson,Sanju Samson,Hyderabad,2,36,0.307,149.16,155.56,130.53,0.054,37.77,28.0,65.8
Sanju Samson,Sanju Samson,Jaipur,10,264,0.95,149.16,149.62,127.06,0.004,37.77,65.83,65.8
Sanju Samson,Sanju Samson,Kolkata,3,63,0.415,149.16,169.84,139.66,0.154,37.77,53.5,65.8
Sanju Samson,Sanju Samson,Lucknow,1,35,0.306,149.16,208.57,112.83,0.677,37.77,0.0,65.8
Sanju Samson,Sanju Samson,Mullanpur,1,14,0.0,149.16,128.57,135.45,0.0,37.77,18.0,65.8
Sanju Samson,Sanju Samson,Mumbai,14,278,0.95,149.16,145.32,115.79,-0.042,37.77,23.76,65.8
Sanju Samson,Sanju Samson,Pune,2,51,0.336,149.16,168.63,116.06,0.21,37.77,43.0,65.8
Shahbaz Ahmed,Shahbaz Ahmed,Ahmedabad,2,56,0.359,124.32,121.43,117.77,-0.03,21.08,34.0,49.41
Shahbaz Ahmed,Shahbaz Ahmed,Bengaluru,4,33,0.305,124.32,124.24,133.24,-0.001,21.08,13.67,49.41
Shahbaz Ahmed,Shahbaz Ahmed,Chennai,1,5,0.0,124.32,140.0,110.29,0.0,21.08,7.0,49.41
Shahbaz Ahmed,Shahbaz Ahmed,Delhi,1,29,0.0,124.32,203.45,139.7,0.0,21.08,59.0,49.41
Shahbaz Ahmed,Shahbaz Ahmed,Hyderabad,2,55,0.354,124.32,105.45,130.53,-0.161,21.08,58.0,49.41
Shahbaz Ahmed,Shahbaz Ahmed,Kolkata,2,10,0.0,124.32,210.0,139.66,0.0,21.08,10.5,49.41
Shahbaz Ahmed,Shahbaz Ahmed,Mohali,1,3,0.0,124.32,166.67,145.91,0.0,21.08,0.0,49.41
Shahbaz Ahmed,Shahbaz Ahmed,Mullanpur,1,8,0.0,124.32,187.5,135.45,0.0,21.08,0.0,49.41
Shahbaz Ahmed,Shahbaz Ahmed,Mumbai,9,245,0.95,124.32,131.84,115.79,0.081,21.08,40.38,49.41
Shahbaz Ahmed,Shahbaz Ahmed,Pune,2,29,0.0,124.32,68.97,116.06,0.0,21.08,6.67,49.41
Shardul Thakur,Shardul Thakur,Ahmedabad,2,10,0.0,147.59,60.0,117.77,0.0,13.61,3.0,63.67
Shardul Thakur,Shardul Thakur,Dharamsala,1,12,0.0,147.59,150.0,129.46,0.0,13.61,18.0,63.67
Shardul Thakur,Shardul Thakur,Hyderabad,1,7,0.0,147.59,128.57,130.53,0.0,13.61,9.0,63.67
Shardul Thakur,Shardul Thakur,Kolkata,5,49,0.329,147.59,175.51,139.66,0.208,13.61,21.5,63.67
Shardul Thakur,Shardul Thakur,Mohali,1,3,0.0,147.59,266.67,145.91,0.0,13.61,0.0,63.67
Shardul Thakur,Shardul Thakur,Mumbai,9,107,0.835,147.59,139.25,115.79,-0.09,13.61,16.56,63.67
Shardul Thakur,Shardul Thakur,Pune,1,6,0.0,147.59,116.67,116.06,0.0,13.61,7.0,63.67
Shashank Singh,Shashank Singh,Ahmedabad,1,60,0.387,164.45,220.0,117.77,0.581,42.1,0.0,66.98
Shashank Singh,Shashank Singh,Bengaluru,1,8,0.0,164.45,262.5,133.24,0.0,42.1,0.0,66.98
Shashank Singh,Shashank Singh,Chennai,1,27,0.0,164.45,96.3,110.29,0.0,42.1,0.0,66.98
Shashank Singh,Shashank Singh,Dharamsala,2,40,0.311,164.45,165.0,129.46,0.005,42.1,66.0,66.98
Shashank Singh,Shashank Singh,Kolkata,1,29,0.0,164.45,237.93,139.66,0.0,42.1,0.0,66.98
Shashank Singh,Shashank Singh,Lucknow,1,7,0.0,164.45,142.86,112.83,0.0,42.1,0.0,66.98
Shashank Singh,Shashank Singh,Mullanpur,5,77,0.605,164.45,135.06,135.45,-0.232,42.1,26.0,66.98
Shashank Singh,Shashank Singh,Mumbai,3,20,0.0,164.45,190.0,115.79,0.0,42.1,19.0,66.98
Shashank Singh,Shashank Singh,Pune,2,26,0.0,164.45,100.0,116.06,0.0,42.1,13.0,66.98
Sherfane Rutherford,Sherfane Rutherford,Mumbai,2,92,0.778,66.0,78.26,115.79,0.133,16.5,24.0,30.3
Shimron Hetmyer,Shimron Hetmyer,Ahmedabad,3,84,0.702,158.98,166.67,117.77,0.08,37.52,70.0,64.39
Shimron Hetmyer,Shimron Hetmyer,Bengaluru,1,10,0.0,158.98,60.0,133.24,0.0,37.52,6.0,64.39
Shimron Hetmyer,Shimron Hetmyer,Chennai,1,19,0.0,158.98,163.16,110.29,0.0,37.52,0.0,64.39
Shimron Hetmyer,Shimron Hetmyer,Dharamsala,1,32,0.305,158.98,156.25,129.46,-0.024,37.52,50.0,64.39
Shimron Hetmyer,Shimron Hetmyer,Guwahati,2,39,0.31,158.98,194.87,105.94,0.464,37.52,76.0,64.39
Shimron Hetmyer,Shimron Hetmyer,Hyderabad,2,25,0.0,158.98,140.0,130.53,0.0,37.52,35.0,64.39
Shimron Hetmyer,Shimron Hetmyer,Jaipur,9,79,0.635,158.98,135.44,127.06,-0.211,37.52,17.83,64.39
Shimron Hetmyer,Shimron Hetmyer,Kolkata,2,8,0.0,158.98,50.0,139.66,0.0,37.52,2.0,64.39
Shimron Hetmyer,Shimron Hetmyer,Mullanpur,1,10,0.0,158.98,270.0,135.45,0.0,37.52,0.0,64.39
Shimron Hetmyer,Shimron Hetmyer,Mumbai,11,229,0.95,158.98,162.01,115.79,0.033,37.52,61.83,64.39
Shimron Hetmyer,Shimron Hetmyer,Pune,2,21,0.0,158.98,180.95,116.06,0.0,37.52,38.0,64.39
Shivam Dube,Shivam Dube,Ahmedabad,3,106,0.833,152.09,147.17,117.77,-0.051,34.42,39.0,64.22
Shivam Dube,Shivam Dube,Bengaluru,1,28,0.0,152.09,189.29,133.24,0.0,34.42,53.0,64.22
Shivam Dube,Shivam Dube,Chennai,13,244,0.95,152.09,168.03,110.29,0.19,34.42,45.56,64.22
Shivam Dube,Shivam Dube,Delhi,1,12,0.0,152.09,208.33,139.7,0.0,34.42,25.0,64.22
Shivam Dube,Shivam Dube,Dharamsala,1,1,0.0,152.09,0.0,129.46,0.0,34.42,0.0,64.22
Shivam Dube,Shivam Dube,Hyderabad,1,24,0.0,152.09,187.5,130.53,0.0,34.42,45.0,64.22
Shivam Dube,Shivam Dube,Jaipur,1,34,0.306,152.09,158.82,127.06,0.06,34.42,54.0,64.22
Shivam Dube,Shivam Dube,Kolkata,1,21,0.0,152.09,238.1,139.66,0.0,34.42,50.0,64.22
Shivam Dube,Shivam Dube,Lucknow,1,8,0.0,152.09,37.5,112.83,0.0,34.42,3.0,64.22
Shivam Dube,Shivam Dube,Mumbai,12,327,0.95,152.09,161.47,115.79,0.101,34.42,40.62,64.22
Shivam Dube,Shivam Dube,Pune,1,17,0.0,152.09,111.76,116.06,0.0,34.42,0.0,64.22
Shivam Dube,Shivam Dube,Visakhapatnam,1,19,0.0,152.09,110.53,130.42,0.0,34.42,21.0,64.22
Shreyas Iyer,Shreyas Iyer,Bengaluru,1,24,0.0,127.57,162.5,133.24,0.0,32.92,0.0,53.27
Shreyas Iyer,Shreyas Iyer,Chennai,1,33,0.305,127.57,106.06,110.29,-0.256,32.92,35.0,53.27
Shreyas Iyer,Shreyas Iyer,Kolkata,6,122,0.852,127.57,139.34,139.66,0.087,32.92,42.5,53.27
Shreyas Iyer,Shreyas Iyer,Lucknow,1,17,0.0,127.57,152.94,112.83,0.0,32.92,0.0,53.27
Shreyas Iyer,Shreyas Iyer,Mumbai,12,354,0.95,127.57,135.31,115.79,0.084,32.92,31.93,53.27
Shreyas Iyer,Shreyas Iyer,Pune,3,24,0.0,127.57,129.17,116.06,0.0,32.92,10.33,53.27
Shreyas Iyer,Shreyas Iyer,Visakhapatnam,1,11,0.0,127.57,163.64,130.42,0.0,32.92,18.0,53.27
Shubham Dubey,Shubham Dubey,Delhi,1,14,0.0,183.33,192.86,139.7,0.0,33.0,27.0,72.73
Shubham Dubey,Shubham Dubey,Mumbai,1,6,0.0,183.33,133.33,115.79,0.0,33.0,0.0,72.73
Shubman Gill,Shubman Gill,Ahmedabad,16,1132,0.95,140.56,163.6,117.77,0.241,39.95,66.14,57.88
Shubman Gill,Shubman Gill,Bengaluru,2,64,0.425,140.56,175.0,133.24,0.281,39.95,112.0,57.88
Shubman Gill,Shubman Gill,Chennai,2,46,0.321,140.56,117.39,110.29,-0.276,39.95,27.0,57.88
Shubman Gill,Shubman Gill,Delhi,2,18,0.0,140.56,116.67,139.7,0.0,39.95,10.5,57.88
Shubman Gill,Shubman Gill,Jaipur,2,80,0.649,140.56,138.75,127.06,-0.016,39.95,55.5,57.88
Shubman Gill,Shubman Gill,Kolkata,2,58,0.372,140.56,155.17,139.66,0.109,39.95,45.0,57.88
Shubman Gill,Shubman Gill,Lucknow,2,23,0.0,140.56,82.61,112.83,0.0,39.95,9.5,57.88
Shubman Gill,Shubman Gill,Mohali,1,49,0.329,140.56,136.73,145.91,-0.026,39.95,67.0,57.88
Shubman Gill,Shubman Gill,Mullanpur,1,29,0.0,140.56,127.59,135.45,0.0,39.95,37.0,57.88
Shubman Gill,Shubman Gill,Mumbai,12,254,0.95,140.56,124.41,115.79,-0.175,39.95,17.56,57.88
Shubman Gill,Shubman Gill,Pune,3,99,0.814,140.56,152.53,116.06,0.129,39.95,75.5,57.88
Sunil Narine,Sunil Narine,Ahmedabad,1,2,0.0,169.81,0.0,117.77,0.0,18.03,0.0,80.26
Sunil Narine,Sunil Narine,Bengaluru,1,23,0.0,169.81,247.83,133.24,0.0,18.03,57.0,80.26
Sunil Narine,Sunil Narine,Chennai,1,23,0.0,169.81,147.83,110.29,0.0,18.03,34.0,80.26
Sunil Narine,Sunil Narine,Delhi,1,6,0.0,169.81,66.67,139.7,0.0,18.03,4.0,80.26
Sunil Narine,Sunil Narine,Hyderabad,1,2,0.0,169.81,50.0,130.53,0.0,18.03,1.0,80.26
Sunil Narine,Sunil Narine,Kolkata,10,148,0.878,169.81,168.92,139.66,-0.007,18.03,27.78,80.26
Sunil Narine,Sunil Narine,Lucknow,1,40,0.311,169.81,205.0,112.83,0.401,18.03,82.0,80.26
Sunil Narine,Sunil Narine,Mohali,1,2,0.0,169.81,350.0,145.91,0.0,18.03,0.0,80.26
Sunil Narine,Sunil Narine,Mumbai,8,55,0.354,169.81,172.73,115.79,0.032,18.03,9.5,80.26
Sunil Narine,Sunil Narine,Pune,2,14,0.0,169.81,164.29,116.06,0.0,18.03,23.0,80.26
Sunil Narine,Sunil Narine,Visakhapatnam,1,42,0.314,169.81,209.52,130.42,0.339,18.03,88.0,80.26
Suryakumar Yadav,Suryakumar Yadav,Ahmedabad,2,102,0.824,163.54,166.67,117.77,0.033,36.1,42.5,69.26
Suryakumar Yadav,Suryakumar Yadav,Bengaluru,1,17,0.0,163.54,94.12,133.24,0.0,36.1,16.0,69.26
Suryakumar Yadav,Suryakumar Yadav,Chennai,2,43,0.315,163.54,144.19,110.29,-0.231,36.1,31.0,69.26
Suryakumar Yadav,Suryakumar Yadav,Delhi,2,14,0.0,163.54,192.86,139.7,0.0,36.1,13.5,69.26
Suryakumar Yadav,Suryakumar Yadav,Hyderabad,1,3,0.0,163.54,233.33,130.53,0.0,36.1,7.0,69.26
Suryakumar Yadav,Suryakumar Yadav,Jaipur,1,8,0.0,163.54,125.0,127.06,0.0,36.1,10.0,69.26
Suryakumar Yadav,Suryakumar Yadav,Lucknow,2,15,0.0,163.54,113.33,112.83,0.0,36.1,8.5,69.26
Suryakumar Yadav,Suryakumar Yadav,Mohali,1,33,0.305,163.54,206.06,145.91,0.29,36.1,68.0,69.26
Suryakumar Yadav,Suryakumar Yadav,Mullanpur,1,54,0.349,163.54,146.3,135.45,-0.136,36.1,79.0,69.26
Suryakumar Yadav,Suryakumar Yadav,Mumbai,16,436,0.95,163.54,177.29,115.79,0.149,36.1,51.53,69.26
Suryakumar Yadav,Suryakumar Yadav,Pune,3,103,0.827,163.54,163.11,116.06,-0.005,36.1,56.0,69.26
Swapnil Singh,Swapnil Singh,Ahmedabad,1,8,0.0,150.0,50.0,117.77,0.0,30.0,0.0,80.0
Swapnil Singh,Swapnil Singh,Bengaluru,1,9,0.0,150.0,177.78,133.24,0.0,30.0,0.0,80.0
Swapnil Singh,Swapnil Singh,Hyderabad,1,6,0.0,150.0,200.0,130.53,0.0,30.0,12.0,80.0
Tilak Varma,Tilak Varma,Ahmedabad,3,72,0.53,146.26,194.44,117.77,0.504,40.52,23.33,60.69
Tilak Varma,Tilak Varma,Bengaluru,1,50,0.332,146.26,162.0,133.24,0.129,40.52,0.0,60.69
Tilak Varma,Tilak Varma,Chennai,1,25,0.0,146.26,124.0,110.29,0.0,40.52,31.0,60.69
Tilak Varma,Tilak Varma,Delhi,2,64,0.425,146.26,170.31,139.7,0.179,40.52,54.5,60.69
Tilak Varma,Tilak Varma,Hyderabad,2,54,0.349,146.26,196.3,130.53,0.426,40.52,53.0,60.69
Tilak Varma,Tilak Varma,Jaipur,1,50,0.332,146.26,140.0,127.06,-0.056,40.52,70.0,60.69
Tilak Varma,Tilak Varma,Lucknow,1,11,0.0,146.26,63.64,112.83,0.0,40.52,7.0,60.69
Tilak Varma,Tilak Varma,Mohali,1,10,0.0,146.26,260.0,145.91,0.0,40.52,0.0,60.69
Tilak Varma,Tilak Varma,Mullanpur,1,18,0.0,146.26,194.44,135.45,0.0,40.52,0.0,60.69
Tilak Varma,Tilak Varma,Mumbai,20,528,0.95,146.26,131.25,115.79,-0.162,40.52,38.5,60.69
Tilak Varma,Tilak Varma,Pune,3,51,0.336,146.26,147.06,116.06,0.009,40.52,75.0,60.69
Tim David,Tim David,Ahmedabad,3,32,0.305,171.16,87.5,117.77,-0.875,28.86,4.67,64.88
Tim David,Tim David,Bengaluru,1,8,0.0,171.16,62.5,133.24,0.0,28.86,5.0,64.88
Tim David,Tim David,Chennai,2,21,0.0,171.16,90.48,110.29,0.0,28.86,9.5,64.88
Tim David,Tim David,Delhi,2,30,0.304,171.16,173.33,139.7,0.016,28.86,52.0,64.88
Tim David,Tim David,Hyderabad,2,35,0.306,171.16,171.43,130.53,0.002,28.86,0.0,64.88
Tim David,Tim David,Jaipur,1,5,0.0,171.16,100.0,127.06,0.0,28.86,0.0,64.88
Tim David,Tim David,Lucknow,2,36,0.307,171.16,180.56,112.83,0.107,28.86,0.0,64.88
Tim David,Tim David,Mohali,1,10,0.0,171.16,190.0,145.91,0.0,28.86,0.0,64.88
Tim David,Tim David,Mullanpur,1,10,0.0,171.16,220.0,135.45,0.0,28.86,22.0,64.88
Tim David,Tim David,Mumbai,17,243,0.95,171.16,181.89,115.79,0.116,28.86,31.57,64.88
Tim Seifert,Tim Seifert,Mumbai,1,16,0.0,113.04,143.75,115.79,0.0,8.67,23.0,61.54
Tim Seifert,Tim Seifert,Pune,1,5,0.0,113.04,60.0,116.06,0.0,8.67,3.0,61.54
Travis Head,Travis Head,Ahmedabad,1,28,0.0,201.89,135.71,117.77,0.0,53.3,19.0,80.68
Travis Head,Travis Head,Bengaluru,1,45,0.319,201.89,237.78,133.24,0.293,53.3,107.0,80.68
Travis Head,Travis Head,Chennai,1,7,0.0,201.89,185.71,110.29,0.0,53.3,13.0,80.68
Travis Head,Travis Head,Delhi,1,33,0.305,201.89,272.73,139.7,0.526,53.3,90.0,80.68
Travis Head,Travis Head,Hyderabad,5,130,0.86,201.89,191.54,130.53,-0.088,53.3,62.25,80.68
Travis Head,Travis Head,Mullanpur,1,15,0.0,201.89,140.0,135.45,0.0,53.3,21.0,80.68
Travis Head,Travis Head,Mumbai,1,31,0.304,201.89,167.74,115.79,-0.369,53.3,52.0,80.68
Tristan Stubbs,Tristan Stubbs,Chennai,1,21,0.0,169.12,95.24,110.29,0.0,34.5,20.0,64.93
Tristan Stubbs,Tristan Stubbs,Delhi,4,65,0.436,169.12,196.92,139.7,0.207,34.5,64.0,64.93
Tristan Stubbs,Tristan Stubbs,Jaipur,1,24,0.0,169.12,187.5,127.06,0.0,34.5,0.0,64.93
Tristan Stubbs,Tristan Stubbs,Kolkata,1,7,0.0,169.12,57.14,139.66,0.0,34.5,4.0,64.93
Tristan Stubbs,Tristan Stubbs,Lucknow,1,9,0.0,169.12,166.67,112.83,0.0,34.5,0.0,64.93
Tristan Stubbs,Tristan Stubbs,Mullanpur,1,8,0.0,169.12,62.5,135.45,0.0,34.5,5.0,64.93
Tristan Stubbs,Tristan Stubbs,Mumbai,4,39,0.31,169.12,205.13,115.79,0.389,34.5,40.0,64.93
Tristan Stubbs,Tristan Stubbs,Visakhapatnam,2,35,0.306,169.12,162.86,130.42,-0.053,34.5,28.5,64.93
Venkatesh Iyer,Venkatesh Iyer,Ahmedabad,1,82,0.677,128.06,204.88,117.77,0.803,26.92,84.0,61.1
Venkatesh Iyer,Venkatesh Iyer,Bengaluru,2,61,0.396,128.06,145.9,133.24,0.146,26.92,44.5,61.1
Venkatesh Iyer,Venkatesh Iyer,Chennai,2,12,0.0,128.06,100.0,110.29,0.0,26.92,6.0,61.1
Venkatesh Iyer,Venkatesh Iyer,Delhi,1,2,0.0,128.06,0.0,139.7,0.0,26.92,0.0,61.1
Venkatesh Iyer,Venkatesh Iyer,Hyderabad,1,4,0.0,128.06,175.0,130.53,0.0,26.92,7.0,61.1
Venkatesh Iyer,Venkatesh Iyer,Kolkata,12,190,0.92,128.06,125.79,139.66,-0.017,26.92,23.9,61.1
Venkatesh Iyer,Venkatesh Iyer,Mohali,1,29,0.0,128.06,127.59,145.91,0.0,26.92,37.0,61.1
Venkatesh Iyer,Venkatesh Iyer,Mumbai,11,243,0.95,128.06,118.93,115.79,-0.099,26.92,18.06,61.1
Venkatesh Iyer,Venkatesh Iyer,Pune,2,48,0.326,128.06,125.0,116.06,-0.033,26.92,60.0,61.1
Vijay Shankar,Vijay Shankar,Ahmedabad,7,196,0.926,132.85,144.9,117.77,0.126,20.95,35.5,57.27
Vijay Shankar,Vijay Shankar,Bengaluru,2,44,0.317,132.85,161.36,133.24,0.233,20.95,35.5,57.27
Vijay Shankar,Vijay Shankar,Chennai,2,25,0.0,132.85,116.0,110.29,0.0,20.95,14.5,57.27
Vijay Shankar,Vijay Shankar,Delhi,1,24,0.0,132.85,129.17,139.7,0.0,20.95,31.0,57.27
Vijay Shankar,Vijay Shankar,Jaipur,1,11,0.0,132.85,154.55,127.06,0.0,20.95,17.0,57.27
Vijay Shankar,Vijay Shankar,Kolkata,1,26,0.0,132.85,219.23,139.66,0.0,20.95,0.0,57.27
Vijay Shankar,Vijay Shankar,Lucknow,2,30,0.304,132.85,93.33,112.83,-0.45,20.95,14.0,57.27
Vijay Shankar,Vijay Shankar,Mumbai,3,35,0.306,132.85,108.57,115.79,-0.263,20.95,9.5,57.27
Vijay Shankar,Vijay Shankar,Pune,2,22,0.0,132.85,68.18,116.06,0.0,20.95,7.5,57.27
Virat Kohli,Virat Kohli,Ahmedabad,2,106,0.833,134.33,147.17,117.77,0.134,40.38,78.0,57.36
Virat Kohli,Virat Kohli,Bengaluru,12,414,0.95,134.33,154.59,133.24,0.165,40.38,64.0,57.36
Virat Kohli,Virat Kohli,Chennai,1,21,0.0,134.33,104.76,110.29,0.0,40.38,22.0,57.36
Virat Kohli,Virat Kohli,Delhi,1,47,0.323,134.33,119.15,139.7,-0.113,40.38,56.0,57.36
Virat Kohli,Virat Kohli,Dharamsala,1,52,0.34,134.33,186.54,129.46,0.452,40.38,97.0,57.36
Virat Kohli,Virat Kohli,Hyderabad,2,108,0.836,134.33,144.44,130.53,0.086,40.38,78.0,57.36
Virat Kohli,Virat Kohli,Jaipur,2,97,0.806,134.33,146.39,127.06,0.108,40.38,142.0,57.36
Virat Kohli,Virat Kohli,Kolkata,3,51,0.336,134.33,129.41,139.66,-0.037,40.38,22.0,57.36
Virat Kohli,Virat Kohli,Lucknow,1,32,0.305,134.33,103.12,112.83,-0.356,40.38,33.0,57.36
Virat Kohli,Virat Kohli,Mohali,1,48,0.326,134.33,127.08,145.91,-0.049,40.38,61.0,57.36
Virat Kohli,Virat Kohli,Mumbai,13,245,0.95,134.33,120.0,115.79,-0.155,40.38,21.0,57.36
Virat Kohli,Virat Kohli,Pune,3,82,0.677,134.33,114.63,116.06,-0.212,40.38,18.8,57.36
Vishnu Vinod,Vishnu Vinod,Ahmedabad,1,16,0.0,119.35,75.0,117.77,0.0,12.33,6.0,54.05
Vishnu Vinod,Vishnu Vinod,Lucknow,1,4,0.0,119.35,100.0,112.83,0.0,12.33,4.0,54.05
Vishnu Vinod,Vishnu Vinod,Mumbai,1,20,0.0,119.35,150.0,115.79,0.0,12.33,30.0,54.05
Washington Sundar,Washington Sundar,Ahmedabad,1,2,0.0,108.47,0.0,117.77,0.0,12.0,0.0,44.79
Washington Sundar,Washington Sundar,Chennai,1,6,0.0,108.47,150.0,110.29,0.0,12.0,0.0,44.79
Washington Sundar,Washington Sundar,Hyderabad,3,27,0.0,108.47,148.15,130.53,0.0,12.0,20.0,44.79
Washington Sundar,Washington Sundar,Lucknow,1,29,0.0,108.47,58.62,112.83,0.0,12.0,17.0,44.79
Washington Sundar,Washington Sundar,Mumbai,4,63,0.415,108.47,131.75,115.79,0.252,12.0,16.6,44.79
Washington Sundar,Washington Sundar,Pune,3,27,0.0,108.47,177.78,116.06,0.0,12.0,16.0,44.79
Will Jacks,Will Jacks,Ahmedabad,1,84,0.702,185.29,252.38,117.77,0.701,31.5,0.0,78.31
Will Jacks,Will Jacks,Bengaluru,2,7,0.0,185.29,114.29,133.24,0.0,31.5,8.0,78.31
Will Jacks,Will Jacks,Dharamsala,1,7,0.0,185.29,171.43,129.46,0.0,31.5,12.0,78.31
Will Jacks,Will Jacks,Hyderabad,1,9,0.0,185.29,66.67,130.53,0.0,31.5,6.0,78.31
Will Jacks,Will Jacks,Kolkata,1,32,0.305,185.29,178.12,139.66,-0.053,31.5,57.0,78.31
Will Jacks,Will Jacks,Mumbai,1,6,0.0,185.29,133.33,115.79,0.0,31.5,8.0,78.31
Yashasvi Jaiswal,Yashasvi Jaiswal,Ahmedabad,3,74,0.56,153.33,124.32,117.77,-0.303,33.77,15.33,73.55
Yashasvi Jaiswal,Yashasvi Jaiswal,Bengaluru,1,37,0.308,153.33,129.73,133.24,-0.193,33.77,48.0,73.55
Yashasvi Jaiswal,Yashasvi Jaiswal,Chennai,1,8,0.0,153.33,125.0,110.29,0.0,33.77,10.0,73.55
Yashasvi Jaiswal,Yashasvi Jaiswal,Delhi,1,2,0.0,153.33,200.0,139.7,0.0,33.77,4.0,73.55
Yashasvi Jaiswal,Yashasvi Jaiswal,Dharamsala,1,38,0.309,153.33,139.47,129.46,-0.12,33.77,53.0,73.55
Yashasvi Jaiswal,Yashasvi Jaiswal,Guwahati,2,43,0.315,153.33,176.74,105.94,0.303,33.77,38.0,73.55
Yashasvi Jaiswal,Yashasvi Jaiswal,Hyderabad,2,78,0.62,153.33,157.69,130.53,0.037,33.77,61.5,73.55
Yashasvi Jaiswal,Yashasvi Jaiswal,Jaipur,10,216,0.946,153.33,156.02,127.06,0.024,33.77,42.12,73.55
Yashasvi Jaiswal,Yashasvi Jaiswal,Kolkata,3,66,0.448,153.33,186.36,139.66,0.246,33.77,61.5,73.55
Yashasvi Jaiswal,Yashasvi Jaiswal,Lucknow,1,18,0.0,153.33,138.89,112.83,0.0,33.77,25.0,73.55
Yashasvi Jaiswal,Yashasvi Jaiswal,Mullanpur,1,30,0.304,153.33,136.67,135.45,-0.132,33.77,41.0,73.55
Yashasvi Jaiswal,Yashasvi Jaiswal,Mumbai,8,232,0.95,153.33,154.31,115.79,0.011,33.77,39.78,73.55
Yashasvi Jaiswal,Yashasvi Jaiswal,Pune,1,17,0.0,153.33,135.29,116.06,0.0,33.77,23.0,73.55
Yudhvir Singh,Yudhvir Singh,Jaipur,1,1,0.0,88.89,100.0,127.06,0.0,2.67,1.0,75.0
Yudhvir Singh,Yudhvir Singh,Lucknow,2,8,0.0,88.89,87.5,112.83,0.0,2.67,3.5,75.0
