,PLAYER_ID,PLAYER_NAME,PLAYER_TYPE,PLAYER_IPL_TEAM,TOTAL_RUNS,BATTING_AVG,30+RUNS,50+RUNS,70+RUNS,S/R_vs_SPIN,S/R_vs_PACE,HIGHEST_SCORED,NOT_OUTS,BOUNDARY_%,DOT_BALLS_%,BALLS_FACED,CATCHES_TAKEN,CATCHES_DROPPED,RUN_OUT_(%),RUNS_SAVED,BOUNDARIES_SAVED,CAUGHT_BEHIND,STUMPING,RUN_OUTS
1040,f2b24e33-c644-4490-ad2d-41bade1e0c5d_IPL,Ajinkya Rahane,Batter,KKR,0.0,0.0,0.0,0.0,0.0,0.0,0.0,0.0,0.0,0.0,0.0,0.0,0.0,0.0,0.0,0.0,0.0,0.0,0.0,0.0
1041,f2b24e33-c644-4490-ad2d-41bade1e0c5d_T20I,Ajinkya Rahane,Batter,KKR,0.0,0.0,0.0,0.0,0.0,0.0,0.0,0.0,0.0,0.0,0.0,0.0,0.0,0.0,0.0,0.0,0.0,0.0,0.0,0.0
1042,f2b24e33-c644-4490-ad2d-41bade1e0c5d_ODI,Ajinkya Rahane,Batter,KKR,0.0,0.0,0.0,0.0,0.0,0.0,0.0,0.0,0.0,0.0,0.0,0.0,0.0,0.0,0.0,0.0,0.0,0.0,0.0,0.0
1043,f2b24e33-c644-4490-ad2d-41bade1e0c5d_STATE_T20,Ajinkya Rahane,Batter,KKR,0.0,0.0,0.0,0.0,0.0,0.0,0.0,0.0,0.0,0.0,0.0,0.0,0.0,0.0,0.0,0.0,0.0,0.0,0.0,0.0
1044,f2b24e33-c644-4490-ad2d-41bade1e0c5d_SMAT_ELITE,Ajinkya Rahane,Batter,KKR,0.0,0.0,0.0,0.0,0.0,0.0,0.0,0.0,0.0,0.0,0.0,0.0,0.0,0.0,0.0,0.0,0.0,0.0,0.0,0.0
1045,f2b24e33-c644-4490-ad2d-41bade1e0c5d_VIJAY_HAZARE,Ajinkya Rahane,Batter,KKR,0.0,0.0,0.0,0.0,0.0,0.0,0.0,0.0,0.0,0.0,0.0,0.0,0.0,0.0,0.0,0.0,0.0,0.0,0.0,0.0
1046,f2b24e33-c644-4490-ad2d-41bade1e0c5d_VINOO_MANKAD,Ajinkya Rahane,Batter,KKR,0.0,0.0,0.0,0.0,0.0,0.0,0.0,0.0,0.0,0.0,0.0,0.0,0.0,0.0,0.0,0.0,0.0,0.0,0.0,0.0
1047,f2b24e33-c644-4490-ad2d-41bade1e0c5d_DULEEP_TROPHY,Ajinkya Rahane,Batter,KKR,0.0,0.0,0.0,0.0,0.0,0.0,0.0,0.0,0.0,0.0,0.0,0.0,0.0,0.0,0.0,0.0,0.0,0.0,0.0,0.0
1048,f2b24e33-c644-4490-ad2d-41bade1e0c5d_RANJI_TROPHY,Ajinkya Rahane,Batter,KKR,0.0,0.0,0.0,0.0,0.0,0.0,0.0,0.0,0.0,0.0,0.0,0.0,0.0,0.0,0.0,0.0,0.0,0.0,0.0,0.0
1049,f2b24e33-c644-4490-ad2d-41bade1e0c5d_BBL,Ajinkya Rahane,Batter,KKR,0.0,0.0,0.0,0.0,0.0,0.0,0.0,0.0,0.0,0.0,0.0,0.0,0.0,0.0,0.0,0.0,0.0,0.0,0.0,0.0
1050,f2b24e33-c644-4490-ad2d-41bade1e0c5d_CPL,Ajinkya Rahane,Batter,KKR,0.0,0.0,0.0,0.0,0.0,0.0,0.0,0.0,0.0,0.0,0.0,0.0,0.0,0.0,0.0,0.0,0.0,0.0,0.0,0.0
1051,f2b24e33-c644-4490-ad2d-41bade1e0c5d_SA20,Ajinkya Rahane,Batter,KKR,0.0,0.0,0.0,0.0,0.0,0.0,0.0,0.0,0.0,0.0,0.0,0.0,0.0,0.0,0.0,0.0,0.0,0.0,0.0,0.0
1052,f2b24e33-c644-4490-ad2d-41bade1e0c5d_ILT20,Ajinkya Rahane,Batter,KKR,0.0,0.0,0.0,0.0,0.0,0.0,0.0,0.0,0.0,0.0,0.0,0.0,0.0,0.0,0.0,0.0,0.0,0.0,0.0,0.0
1053,1a7c2c75-581f-4f2f-9350-a0902bcd2238_IPL,Rinku Singh,Batter,KKR,0.0,0.0,0.0,0.0,0.0,0.0,0.0,0.0,0.0,0.0,0.0,0.0,0.0,0.0,0.0,0.0,0.0,0.0,0.0,0.0
1054,1a7c2c75-581f-4f2f-9350-a0902bcd2238_T20I,Rinku Singh,Batter,KKR,0.0,0.0,0.0,0.0,0.0,0.0,0.0,0.0,0.0,0.0,0.0,0.0,0.0,0.0,0.0,0.0,0.0,0.0,0.0,0.0
1055,1a7c2c75-581f-4f2f-9350-a0902bcd2238_ODI,Rinku Singh,Batter,KKR,0.0,0.0,0.0,0.0,0.0,0.0,0.0,0.0,0.0,0.0,0.0,0.0,0.0,0.0,0.0,0.0,0.0,0.0,0.0,0.0
1056,1a7c2c75-581f-4f2f-9350-a0902bcd2238_STATE_T20,Rinku Singh,Batter,KKR,0.0,0.0,0.0,0.0,0.0,0.0,0.0,0.0,0.0,0.0,0.0,0.0,0.0,0.0,0.0,0.0,0.0,0.0,0.0,0.0
1057,1a7c2c75-581f-4f2f-9350-a0902bcd2238_SMAT_ELITE,Rinku Singh,Batter,KKR,0.0,0.0,0.0,0.0,0.0,0.0,0.0,0.0,0.0,0.0,0.0,0.0,0.0,0.0,0.0,0.0,0.0,0.0,0.0,0.0
1058,1a7c2c75-581f-4f2f-9350-a0902bcd2238_VIJAY_HAZARE,Rinku Singh,Batter,KKR,0.0,0.0,0.0,0.0,0.0,0.0,0.0,0.0,0.0,0.0,0.0,0.0,0.0,0.0,0.0,0.0,0.0,0.0,0.0,0.0
1059,1a7c2c75-581f-4f2f-9350-a0902bcd2238_VINOO_MANKAD,Rinku Singh,Batter,KKR,0.0,0.0,0.0,0.0,0.0,0.0,0.0,0.0,0.0,0.0,0.0,0.0,0.0,0.0,0.0,0.0,0.0,0.0,0.0,0.0
1060,1a7c2c75-581f-4f2f-9350-a0902bcd2238_DULEEP_TROPHY,Rinku Singh,Batter,KKR,0.0,0.0,0.0,0.0,0.0,0.0,0.0,0.0,0.0,0.0,0.0,0.0,0.0,0.0,0.0,0.0,0.0,0.0,0.0,0.0
1061,1a7c2c75-581f-4f2f-9350-a0902bcd2238_RANJI_TROPHY,Rinku Singh,Batter,KKR,0.0,0.0,0.0,0.0,0.0,0.0,0.0,0.0,0.0,0.0,0.0,0.0,0.0,0.0,0.0,0.0,0.0,0.0,0.0,0.0
1062,1a7c2c75-581f-4f2f-9350-a0902bcd2238_BBL,Rinku Singh,Batter,KKR,0.0,0.0,0.0,0.0,0.0,0.0,0.0,0.0,0.0,0.0,0.0,0.0,0.0,0.0,0.0,0.0,0.0,0.0,0.0,0.0
1063,1a7c2c75-581f-4f2f-9350-a0902bcd2238_CPL,Rinku Singh,Batter,KKR,0.0,0.0,0.0,0.0,0.0,0.0,0.0,0.0,0.0,0.0,0.0,0.0,0.0,0.0,0.0,0.0,0.0,0.0,0.0,0.0
1064,1a7c2c75-581f-4f2f-9350-a0902bcd2238_SA20,Rinku Singh,Batter,KKR,0.0,0.0,0.0,0.0,0.0,0.0,0.0,0.0,0.0,0.0,0.0,0.0,0.0,0.0,0.0,0.0,0.0,0.0,0.0,0.0
1065,1a7c2c75-581f-4f2f-9350-a0902bcd2238_ILT20,Rinku Singh,Batter,KKR,0.0,0.0,0.0,0.0,0.0,0.0,0.0,0.0,0.0,0.0,0.0,0.0,0.0,0.0,0.0,0.0,0.0,0.0,0.0,0.0
1066,9857e517-fc1f-41f0-a653-1e9fcd593653_IPL,Quinton de Kock,WK-Batter,KKR,0.0,0.0,0.0,0.0,0.0,0.0,0.0,0.0,0.0,0.0,0.0,0.0,0.0,0.0,0.0,0.0,0.0,0.0,0.0,0.0
1067,9857e517-fc1f-41f0-a653-1e9fcd593653_T20I,Quinton de Kock,WK-Batter,KKR,0.0,0.0,0.0,0.0,0.0,0.0,0.0,0.0,0.0,0.0,0.0,0.0,0.0,0.0,0.0,0.0,0.0,0.0,0.0,0.0
1068,9857e517-fc1f-41f0-a653-1e9fcd593653_ODI,Quinton de Kock,WK-Batter,KKR,0.0,0.0,0.0,0.0,0.0,0.0,0.0,0.0,0.0,0.0,0.0,0.0,0.0,0.0,0.0,0.0,0.0,0.0,0.0,0.0
1069,9857e517-fc1f-41f0-a653-1e9fcd593653_STATE_T20,Quinton de Kock,WK-Batter,KKR,0.0,0.0,0.0,0.0,0.0,0.0,0.0,0.0,0.0,0.0,0.0,0.0,0.0,0.0,0.0,0.0,0.0,0.0,0.0,0.0
1070,9857e517-fc1f-41f0-a653-1e9fcd593653_SMAT_ELITE,Quinton de Kock,WK-Batter,KKR,0.0,0.0,0.0,0.0,0.0,0.0,0.0,0.0,0.0,0.0,0.0,0.0,0.0,0.0,0.0,0.0,0.0,0.0,0.0,0.0
1071,9857e517-fc1f-41f0-a653-1e9fcd593653_VIJAY_HAZARE,Quinton de Kock,WK-Batter,KKR,0.0,0.0,0.0,0.0,0.0,0.0,0.0,0.0,0.0,0.0,0.0,0.0,0.0,0.0,0.0,0.0,0.0,0.0,0.0,0.0
1072,9857e517-fc1f-41f0-a653-1e9fcd593653_VINOO_MANKAD,Quinton de Kock,WK-Batter,KKR,0.0,0.0,0.0,0.0,0.0,0.0,0.0,0.0,0.0,0.0,0.0,0.0,0.0,0.0,0.0,0.0,0.0,0.0,0.0,0.0
1073,9857e517-fc1f-41f0-a653-1e9fcd593653_DULEEP_TROPHY,Quinton de Kock,WK-Batter,KKR,0.0,0.0,0.0,0.0,0.0,0.0,0.0,0.0,0.0,0.0,0.0,0.0,0.0,0.0,0.0,0.0,0.0,0.0,0.0,0.0
1074,9857e517-fc1f-41f0-a653-1e9fcd593653_RANJI_TROPHY,Quinton de Kock,WK-Batter,KKR,0.0,0.0,0.0,0.0,0.0,0.0,0.0,0.0,0.0,0.0,0.0,0.0,0.0,0.0,0.0,0.0,0.0,0.0,0.0,0.0
1075,9857e517-fc1f-41f0-a653-1e9fcd593653_BBL,Quinton de Kock,WK-Batter,KKR,0.0,0.0,0.0,0.0,0.0,0.0,0.0,0.0,0.0,0.0,0.0,0.0,0.0,0.0,0.0,0.0,0.0,0.0,0.0,0.0
1076,9857e517-fc1f-41f0-a653-1e9fcd593653_CPL,Quinton de Kock,WK-Batter,KKR,0.0,0.0,0.0,0.0,0.0,0.0,0.0,0.0,0.0,0.0,0.0,0.0,0.0,0.0,0.0,0.0,0.0,0.0,0.0,0.0
1077,9857e517-fc1f-41f0-a653-1e9fcd593653_SA20,Quinton de Kock,WK-Batter,KKR,0.0,0.0,0.0,0.0,0.0,0.0,0.0,0.0,0.0,0.0,0.0,0.0,0.0,0.0,0.0,0.0,0.0,0.0,0.0,0.0
1078,9857e517-fc1f-41f0-a653-1e9fcd593653_ILT20,Quinton de Kock,WK-Batter,KKR,0.0,0.0,0.0,0.0,0.0,0.0,0.0,0.0,0.0,0.0,0.0,0.0,0.0,0.0,0.0,0.0,0.0,0.0,0.0,0.0
1079,19ed3549-6947-4368-bb26-5b2b3498f0a5_IPL,Rahmanullah Gurbaz,WK-Batter,KKR,0.0,0.0,0.0,0.0,0.0,0.0,0.0,0.0,0.0,0.0,0.0,0.0,0.0,0.0,0.0,0.0,0.0,0.0,0.0,0.0
1080,19ed3549-6947-4368-bb26-5b2b3498f0a5_T20I,Rahmanullah Gurbaz,WK-Batter,KKR,0.0,0.0,0.0,0.0,0.0,0.0,0.0,0.0,0.0,0.0,0.0,0.0,0.0,0.0,0.0,0.0,0.0,0.0,0.0,0.0
1081,19ed3549-6947-4368-bb26-5b2b3498f0a5_ODI,Rahmanullah Gurbaz,WK-Batter,KKR,0.0,0.0,0.0,0.0,0.0,0.0,0.0,0.0,0.0,0.0,0.0,0.0,0.0,0.0,0.0,0.0,0.0,0.0,0.0,0.0
1082,19ed3549-6947-4368-bb26-5b2b3498f0a5_STATE_T20,Rahmanullah Gurbaz,WK-Batter,KKR,0.0,0.0,0.0,0.0,0.0,0.0,0.0,0.0,0.0,0.0,0.0,0.0,0.0,0.0,0.0,0.0,0.0,0.0,0.0,0.0
1083,19ed3549-6947-4368-bb26-5b2b3498f0a5_SMAT_ELITE,Rahmanullah Gurbaz,WK-Batter,KKR,0.0,0.0,0.0,0.0,0.0,0.0,0.0,0.0,0.0,0.0,0.0,0.0,0.0,0.0,0.0,0.0,0.0,0.0,0.0,0.0
1084,19ed3549-6947-4368-bb26-5b2b3498f0a5_VIJAY_HAZARE,Rahmanullah Gurbaz,WK-Batter,KKR,0.0,0.0,0.0,0.0,0.0,0.0,0.0,0.0,0.0,0.0,0.0,0.0,0.0,0.0,0.0,0.0,0.0,0.0,0.0,0.0
1085,19ed3549-6947-4368-bb26-5b2b3498f0a5_VINOO_MANKAD,Rahmanullah Gurbaz,WK-Batter,KKR,0.0,0.0,0.0,0.0,0.0,0.0,0.0,0.0,0.0,0.0,0.0,0.0,0.0,0.0,0.0,0.0,0.0,0.0,0.0,0.0
1086,19ed3549-6947-4368-bb26-5b2b3498f0a5_DULEEP_TROPHY,Rahmanullah Gurbaz,WK-Batter,KKR,0.0,0.0,0.0,0.0,0.0,0.0,0.0,0.0,0.0,0.0,0.0,0.0,0.0,0.0,0.0,0.0,0.0,0.0,0.0,0.0
1087,19ed3549-6947-4368-bb26-5b2b3498f0a5_RANJI_TROPHY,Rahmanullah Gurbaz,WK-Batter,KKR,0.0,0.0,0.0,0.0,0.0,0.0,0.0,0.0,0.0,0.0,0.0,0.0,0.0,0.0,0.0,0.0,0.0,0.0,0.0,0.0
1088,19ed3549-6947-4368-bb26-5b2b3498f0a5_BBL,Rahmanullah Gurbaz,WK-Batter,KKR,0.0,0.0,0.0,0.0,0.0,0.0,0.0,0.0,0.0,0.0,0.0,0.0,0.0,0.0,0.0,0.0,0.0,0.0,0.0,0.0
1089,19ed3549-6947-4368-bb26-5b2b3498f0a5_CPL,Rahmanullah Gurbaz,WK-Batter,KKR,0.0,0.0,0.0,0.0,0.0,0.0,0.0,0.0,0.0,0.0,0.0,0.0,0.0,0.0,0.0,0.0,0.0,0.0,0.0,0.0
1090,19ed3549-6947-4368-bb26-5b2b3498f0a5_SA20,Rahmanullah Gurbaz,WK-Batter,KKR,0.0,0.0,0.0,0.0,0.0,0.0,0.0,0.0,0.0,0.0,0.0,0.0,0.0,0.0,0.0,0.0,0.0,0.0,0.0,0.0
1091,19ed3549-6947-4368-bb26-5b2b3498f0a5_ILT20,Rahmanullah Gurbaz,WK-Batter,KKR,0.0,0.0,0.0,0.0,0.0,0.0,0.0,0.0,0.0,0.0,0.0,0.0,0.0,0.0,0.0,0.0,0.0,0.0,0.0,0.0
1092,125db0c4-eaff-42ad-b5a2-fd6e70e1d62c_IPL,Angkrish Raghuvanshi,Batter,KKR,0.0,0.0,0.0,0.0,0.0,0.0,0.0,0.0,0.0,0.0,0.0,0.0,0.0,0.0,0.0,0.0,0.0,0.0,0.0,0.0
1093,125db0c4-eaff-42ad-b5a2-fd6e70e1d62c_T20I,Angkrish Raghuvanshi,Batter,KKR,0.0,0.0,0.0,0.0,0.0,0.0,0.0,0.0,0.0,0.0,0.0,0.0,0.0,0.0,0.0,0.0,0.0,0.0,0.0,0.0
1094,125db0c4-eaff-42ad-b5a2-fd6e70e1d62c_ODI,Angkrish Raghuvanshi,Batter,KKR,0.0,0.0,0.0,0.0,0.0,0.0,0.0,0.0,0.0,0.0,0.0,0.0,0.0,0.0,0.0,0.0,0.0,0.0,0.0,0.0
1095,125db0c4-eaff-42ad-b5a2-fd6e70e1d62c_STATE_T20,Angkrish Raghuvanshi,Batter,KKR,0.0,0.0,0.0,0.0,0.0,0.0,0.0,0.0,0.0,0.0,0.0,0.0,0.0,0.0,0.0,0.0,0.0,0.0,0.0,0.0
1096,125db0c4-eaff-42ad-b5a2-fd6e70e1d62c_SMAT_ELITE,Angkrish Raghuvanshi,Batter,KKR,0.0,0.0,0.0,0.0,0.0,0.0,0.0,0.0,0.0,0.0,0.0,0.0,0.0,0.0,0.0,0.0,0.0,0.0,0.0,0.0
1097,125db0c4-eaff-42ad-b5a2-fd6e70e1d62c_VIJAY_HAZARE,Angkrish Raghuvanshi,Batter,KKR,0.0,0.0,0.0,0.0,0.0,0.0,0.0,0.0,0.0,0.0,0.0,0.0,0.0,0.0,0.0,0.0,0.0,0.0,0.0,0.0
1098,125db0c4-eaff-42ad-b5a2-fd6e70e1d62c_VINOO_MANKAD,Angkrish Raghuvanshi,Batter,KKR,0.0,0.0,0.0,0.0,0.0,0.0,0.0,0.0,0.0,0.0,0.0,0.0,0.0,0.0,0.0,0.0,0.0,0.0,0.0,0.0
1099,125db0c4-eaff-42ad-b5a2-fd6e70e1d62c_DULEEP_TROPHY,Angkrish Raghuvanshi,Batter,KKR,0.0,0.0,0.0,0.0,0.0,0.0,0.0,0.0,0.0,0.0,0.0,0.0,0.0,0.0,0.0,0.0,0.0,0.0,0.0,0.0
1100,125db0c4-eaff-42ad-b5a2-fd6e70e1d62c_RANJI_TROPHY,Angkrish Raghuvanshi,Batter,KKR,0.0,0.0,0.0,0.0,0.0,0.0,0.0,0.0,0.0,0.0,0.0,0.0,0.0,0.0,0.0,0.0,0.0,0.0,0.0,0.0
1101,125db0c4-eaff-42ad-b5a2-fd6e70e1d62c_BBL,Angkrish Raghuvanshi,Batter,KKR,0.0,0.0,0.0,0.0,0.0,0.0,0.0,0.0,0.0,0.0,0.0,0.0,0.0,0.0,0.0,0.0,0.0,0.0,0.0,0.0
1102,125db0c4-eaff-42ad-b5a2-fd6e70e1d62c_CPL,Angkrish Raghuvanshi,Batter,KKR,0.0,0.0,0.0,0.0,0.0,0.0,0.0,0.0,0.0,0.0,0.0,0.0,0.0,0.0,0.0,0.0,0.0,0.0,0.0,0.0
1103,125db0c4-eaff-42ad-b5a2-fd6e70e1d62c_SA20,Angkrish Raghuvanshi,Batter,KKR,0.0,0.0,0.0,0.0,0.0,0.0,0.0,0.0,0.0,0.0,0.0,0.0,0.0,0.0,0.0,0.0,0.0,0.0,0.0,0.0
1104,125db0c4-eaff-42ad-b5a2-fd6e70e1d62c_ILT20,Angkrish Raghuvanshi,Batter,KKR,0.0,0.0,0.0,0.0,0.0,0.0,0.0,0.0,0.0,0.0,0.0,0.0,0.0,0.0,0.0,0.0,0.0,0.0,0.0,0.0
1105,37585c86-63d4-4e41-8bfc-022c3f64d0e6_IPL,Manish Pandey,Batter,KKR,0.0,0.0,0.0,0.0,0.0,0.0,0.0,0.0,0.0,0.0,0.0,0.0,0.0,0.0,0.0,0.0,0.0,0.0,0.0,0.0
1106,37585c86-63d4-4e41-8bfc-022c3f64d0e6_T20I,Manish Pandey,Batter,KKR,0.0,0.0,0.0,0.0,0.0,0.0,0.0,0.0,0.0,0.0,0.0,0.0,0.0,0.0,0.0,0.0,0.0,0.0,0.0,0.0
1107,37585c86-63d4-4e41-8bfc-022c3f64d0e6_ODI,Manish Pandey,Batter,KKR,0.0,0.0,0.0,0.0,0.0,0.0,0.0,0.0,0.0,0.0,0.0,0.0,0.0,0.0,0.0,0.0,0.0,0.0,0.0,0.0
1108,37585c86-63d4-4e41-8bfc-022c3f64d0e6_STATE_T20,Manish Pandey,Batter,KKR,0.0,0.0,0.0,0.0,0.0,0.0,0.0,0.0,0.0,0.0,0.0,0.0,0.0,0.0,0.0,0.0,0.0,0.0,0.0,0.0
1109,37585c86-63d4-4e41-8bfc-022c3f64d0e6_SMAT_ELITE,Manish Pandey,Batter,KKR,0.0,0.0,0.0,0.0,0.0,0.0,0.0,0.0,0.0,0.0,0.0,0.0,0.0,0.0,0.0,0.0,0.0,0.0,0.0,0.0
1110,37585c86-63d4-4e41-8bfc-022c3f64d0e6_VIJAY_HAZARE,Manish Pandey,Batter,KKR,0.0,0.0,0.0,0.0,0.0,0.0,0.0,0.0,0.0,0.0,0.0,0.0,0.0,0.0,0.0,0.0,0.0,0.0,0.0,0.0
1111,37585c86-63d4-4e41-8bfc-022c3f64d0e6_VINOO_MANKAD,Manish Pandey,Batter,KKR,0.0,0.0,0.0,0.0,0.0,0.0,0.0,0.0,0.0,0.0,0.0,0.0,0.0,0.0,0.0,0.0,0.0,0.0,0.0,0.0
1112,37585c86-63d4-4e41-8bfc-022c3f64d0e6_DULEEP_TROPHY,Manish Pandey,Batter,KKR,0.0,0.0,0.0,0.0,0.0,0.0,0.0,0.0,0.0,0.0,0.0,0.0,0.0,0.0,0.0,0.0,0.0,0.0,0.0,0.0
1113,37585c86-63d4-4e41-8bfc-022c3f64d0e6_RANJI_TROPHY,Manish Pandey,Batter,KKR,0.0,0.0,0.0,0.0,0.0,0.0,0.0,0.0,0.0,0.0,0.0,0.0,0.0,0.0,0.0,0.0,0.0,0.0,0.0,0.0
1114,37585c86-63d4-4e41-8bfc-022c3f64d0e6_BBL,Manish Pandey,Batter,KKR,0.0,0.0,0.0,0.0,0.0,0.0,0.0,0.0,0.0,0.0,0.0,0.0,0.0,0.0,0.0,0.0,0.0,0.0,0.0,0.0
1115,37585c86-63d4-4e41-8bfc-022c3f64d0e6_CPL,Manish Pandey,Batter,KKR,0.0,0.0,0.0,0.0,0.0,0.0,0.0,0.0,0.0,0.0,0.0,0.0,0.0,0.0,0.0,0.0,0.0,0.0,0.0,0.0
1116,37585c86-63d4-4e41-8bfc-022c3f64d0e6_SA20,Manish Pandey,Batter,KKR,0.0,0.0,0.0,0.0,0.0,0.0,0.0,0.0,0.0,0.0,0.0,0.0,0.0,0.0,0.0,0.0,0.0,0.0,0.0,0.0
1117,37585c86-63d4-4e41-8bfc-022c3f64d0e6_ILT20,Manish Pandey,Batter,KKR,0.0,0.0,0.0,0.0,0.0,0.0,0.0,0.0,0.0,0.0,0.0,0.0,0.0,0.0,0.0,0.0,0.0,0.0,0.0,0.0
1118,0a39ac8a-cb3c-45ec-8383-a895237b98c3_IPL,Luvnith Sisodia,WK-Batter,KKR,0.0,0.0,0.0,0.0,0.0,0.0,0.0,0.0,0.0,0.0,0.0,0.0,0.0,0.0,0.0,0.0,0.0,0.0,0.0,0.0
1119,0a39ac8a-cb3c-45ec-8383-a895237b98c3_T20I,Luvnith Sisodia,WK-Batter,KKR,0.0,0.0,0.0,0.0,0.0,0.0,0.0,0.0,0.0,0.0,0.0,0.0,0.0,0.0,0.0,0.0,0.0,0.0,0.0,0.0
1120,0a39ac8a-cb3c-45ec-8383-a895237b98c3_ODI,Luvnith Sisodia,WK-Batter,KKR,0.0,0.0,0.0,0.0,0.0,0.0,0.0,0.0,0.0,0.0,0.0,0.0,0.0,0.0,0.0,0.0,0.0,0.0,0.0,0.0
1121,0a39ac8a-cb3c-45ec-8383-a895237b98c3_STATE_T20,Luvnith Sisodia,WK-Batter,KKR,0.0,0.0,0.0,0.0,0.0,0.0,0.0,0.0,0.0,0.0,0.0,0.0,0.0,0.0,0.0,0.0,0.0,0.0,0.0,0.0
1122,0a39ac8a-cb3c-45ec-8383-a895237b98c3_SMAT_ELITE,Luvnith Sisodia,WK-Batter,KKR,0.0,0.0,0.0,0.0,0.0,0.0,0.0,0.0,0.0,0.0,0.0,0.0,0.0,0.0,0.0,0.0,0.0,0.0,0.0,0.0
1123,0a39ac8a-cb3c-45ec-8383-a895237b98c3_VIJAY_HAZARE,Luvnith Sisodia,WK-Batter,KKR,0.0,0.0,0.0,0.0,0.0,0.0,0.0,0.0,0.0,0.0,0.0,0.0,0.0,0.0,0.0,0.0,0.0,0.0,0.0,0.0
1124,0a39ac8a-cb3c-45ec-8383-a895237b98c3_VINOO_MANKAD,Luvnith Sisodia,WK-Batter,KKR,0.0,0.0,0.0,0.0,0.0,0.0,0.0,0.0,0.0,0.0,0.0,0.0,0.0,0.0,0.0,0.0,0.0,0.0,0.0,0.0
1125,0a39ac8a-cb3c-45ec-8383-a895237b98c3_DULEEP_TROPHY,Luvnith Sisodia,WK-Batter,KKR,0.0,0.0,0.0,0.0,0.0,0.0,0.0,0.0,0.0,0.0,0.0,0.0,0.0,0.0,0.0,0.0,0.0,0.0,0.0,0.0
1126,0a39ac8a-cb3c-45ec-8383-a895237b98c3_RANJI_TROPHY,Luvnith Sisodia,WK-Batter,KKR,0.0,0.0,0.0,0.0,0.0,0.0,0.0,0.0,0.0,0.0,0.0,0.0,0.0,0.0,0.0,0.0,0.0,0.0,0.0,0.0
1127,0a39ac8a-cb3c-45ec-8383-a895237b98c3_BBL,Luvnith Sisodia,WK-Batter,KKR,0.0,0.0,0.0,0.0,0.0,0.0,0.0,0.0,0.0,0.0,0.0,0.0,0.0,0.0,0.0,0.0,0.0,0.0,0.0,0.0
1128,0a39ac8a-cb3c-45ec-8383-a895237b98c3_CPL,Luvnith Sisodia,WK-Batter,KKR,0.0,0.0,0.0,0.0,0.0,0.0,0.0,0.0,0.0,0.0,0.0,0.0,0.0,0.0,0.0,0.0,0.0,0.0,0.0,0.0
1129,0a39ac8a-cb3c-45ec-8383-a895237b98c3_SA20,Luvnith Sisodia,WK-Batter,KKR,0.0,0.0,0.0,0.0,0.0,0.0,0.0,0.0,0.0,0.0,0.0,0.0,0.0,0.0,0.0,0.0,0.0,0.0,0.0,0.0
1130,0a39ac8a-cb3c-45ec-8383-a895237b98c3_ILT20,Luvnith Sisodia,WK-Batter,KKR,0.0,0.0,0.0,0.0,0.0,0.0,0.0,0.0,0.0,0.0,0.0,0.0,0.0,0.0,0.0,0.0,0.0,0.0,0.0,0.0
1131,6ee8accf-8831-4eb0-ba4d-7c9353b720ec_IPL,Venkatesh Iyer,All-Rounder,KKR,0.0,0.0,0.0,0.0,0.0,0.0,0.0,0.0,0.0,0.0,0.0,0.0,0.0,0.0,0.0,0.0,0.0,0.0,0.0,0.0
1132,6ee8accf-8831-4eb0-ba4d-7c9353b720ec_T20I,Venkatesh Iyer,All-Rounder,KKR,0.0,0.0,0.0,0.0,0.0,0.0,0.0,0.0,0.0,0.0,0.0,0.0,0.0,0.0,0.0,0.0,0.0,0.0,0.0,0.0
1133,6ee8accf-8831-4eb0-ba4d-7c9353b720ec_ODI,Venkatesh Iyer,All-Rounder,KKR,0.0,0.0,0.0,0.0,0.0,0.0,0.0,0.0,0.0,0.0,0.0,0.0,0.0,0.0,0.0,0.0,0.0,0.0,0.0,0.0
1134,6ee8accf-8831-4eb0-ba4d-7c9353b720ec_STATE_T20,Venkatesh Iyer,All-Rounder,KKR,0.0,0.0,0.0,0.0,0.0,0.0,0.0,0.0,0.0,0.0,0.0,0.0,0.0,0.0,0.0,0.0,0.0,0.0,0.0,0.0
1135,6ee8accf-8831-4eb0-ba4d-7c9353b720ec_SMAT_ELITE,Venkatesh Iyer,All-Rounder,KKR,0.0,0.0,0.0,0.0,0.0,0.0,0.0,0.0,0.0,0.0,0.0,0.0,0.0,0.0,0.0,0.0,0.0,0.0,0.0,0.0
1136,6ee8accf-8831-4eb0-ba4d-7c9353b720ec_VIJAY_HAZARE,Venkatesh Iyer,All-Rounder,KKR,0.0,0.0,0.0,0.0,0.0,0.0,0.0,0.0,0.0,0.0,0.0,0.0,0.0,0.0,0.0,0.0,0.0,0.0,0.0,0.0
1137,6ee8accf-8831-4eb0-ba4d-7c9353b720ec_VINOO_MANKAD,Venkatesh Iyer,All-Rounder,KKR,0.0,0.0,0.0,0.0,0.0,0.0,0.0,0.0,0.0,0.0,0.0,0.0,0.0,0.0,0.0,0.0,0.0,0.0,0.0,0.0
1138,6ee8accf-8831-4eb0-ba4d-7c9353b720ec_DULEEP_TROPHY,Venkatesh Iyer,All-Rounder,KKR,0.0,0.0,0.0,0.0,0.0,0.0,0.0,0.0,0.0,0.0,0.0,0.0,0.0,0.0,0.0,0.0,0.0,0.0,0.0,0.0
1139,6ee8accf-8831-4eb0-ba4d-7c9353b720ec_RANJI_TROPHY,Venkatesh Iyer,All-Rounder,KKR,0.0,0.0,0.0,0.0,0.0,0.0,0.0,0.0,0.0,0.0,0.0,0.0,0.0,0.0,0.0,0.0,0.0,0.0,0.0,0.0
1140,6ee8accf-8831-4eb0-ba4d-7c9353b720ec_BBL,Venkatesh Iyer,All-Rounder,KKR,0.0,0.0,0.0,0.0,0.0,0.0,0.0,0.0,0.0,0.0,0.0,0.0,0.0,0.0,0.0,0.0,0.0,0.0,0.0,0.0
1141,6ee8accf-8831-4eb0-ba4d-7c9353b720ec_CPL,Venkatesh Iyer,All-Rounder,KKR,0.0,0.0,0.0,0.0,0.0,0.0,0.0,0.0,0.0,0.0,0.0,0.0,0.0,0.0,0.0,0.0,0.0,0.0,0.0,0.0
1142,6ee8accf-8831-4eb0-ba4d-7c9353b720ec_SA20,Venkatesh Iyer,All-Rounder,KKR,0.0,0.0,0.0,0.0,0.0,0.0,0.0,0.0,0.0,0.0,0.0,0.0,0.0,0.0,0.0,0.0,0.0,0.0,0.0,0.0
1143,6ee8accf-8831-4eb0-ba4d-7c9353b720ec_ILT20,Venkatesh Iyer,All-Rounder,KKR,0.0,0.0,0.0,0.0,0.0,0.0,0.0,0.0,0.0,0.0,0.0,0.0,0.0,0.0,0.0,0.0,0.0,0.0,0.0,0.0
1144,34a2630f-1ddd-4040-a088-6291509d23d3_IPL,Anukul Roy,All-Rounder,KKR,0.0,0.0,0.0,0.0,0.0,0.0,0.0,0.0,0.0,0.0,0.0,0.0,0.0,0.0,0.0,0.0,0.0,0.0,0.0,0.0
1145,34a2630f-1ddd-4040-a088-6291509d23d3_T20I,Anukul Roy,All-Rounder,KKR,0.0,0.0,0.0,0.0,0.0,0.0,0.0,0.0,0.0,0.0,0.0,0.0,0.0,0.0,0.0,0.0,0.0,0.0,0.0,0.0
1146,34a2630f-1ddd-4040-a088-6291509d23d3_ODI,Anukul Roy,All-Rounder,KKR,0.0,0.0,0.0,0.0,0.0,0.0,0.0,0.0,0.0,0.0,0.0,0.0,0.0,0.0,0.0,0.0,0.0,0.0,0.0,0.0
1147,34a2630f-1ddd-4040-a088-6291509d23d3_STATE_T20,Anukul Roy,All-Rounder,KKR,0.0,0.0,0.0,0.0,0.0,0.0,0.0,0.0,0.0,0.0,0.0,0.0,0.0,0.0,0.0,0.0,0.0,0.0,0.0,0.0
1148,34a2630f-1ddd-4040-a088-6291509d23d3_SMAT_ELITE,Anukul Roy,All-Rounder,KKR,0.0,0.0,0.0,0.0,0.0,0.0,0.0,0.0,0.0,0.0,0.0,0.0,0.0,0.0,0.0,0.0,0.0,0.0,0.0,0.0
1149,34a2630f-1ddd-4040-a088-6291509d23d3_VIJAY_HAZARE,Anukul Roy,All-Rounder,KKR,0.0,0.0,0.0,0.0,0.0,0.0,0.0,0.0,0.0,0.0,0.0,0.0,0.0,0.0,0.0,0.0,0.0,0.0,0.0,0.0
1150,34a2630f-1ddd-4040-a088-6291509d23d3_VINOO_MANKAD,Anukul Roy,All-Rounder,KKR,0.0,0.0,0.0,0.0,0.0,0.0,0.0,0.0,0.0,0.0,0.0,0.0,0.0,0.0,0.0,0.0,0.0,0.0,0.0,0.0
1151,34a2630f-1ddd-4040-a088-6291509d23d3_DULEEP_TROPHY,Anukul Roy,All-Rounder,KKR,0.0,0.0,0.0,0.0,0.0,0.0,0.0,0.0,0.0,0.0,0.0,0.0,0.0,0.0,0.0,0.0,0.0,0.0,0.0,0.0
1152,34a2630f-1ddd-4040-a088-6291509d23d3_RANJI_TROPHY,Anukul Roy,All-Rounder,KKR,0.0,0.0,0.0,0.0,0.0,0.0,0.0,0.0,0.0,0.0,0.0,0.0,0.0,0.0,0.0,0.0,0.0,0.0,0.0,0.0
1153,34a2630f-1ddd-4040-a088-6291509d23d3_BBL,Anukul Roy,All-Rounder,KKR,0.0,0.0,0.0,0.0,0.0,0.0,0.0,0.0,0.0,0.0,0.0,0.0,0.0,0.0,0.0,0.0,0.0,0.0,0.0,0.0
1154,34a2630f-1ddd-4040-a088-6291509d23d3_CPL,Anukul Roy,All-Rounder,KKR,0.0,0.0,0.0,0.0,0.0,0.0,0.0,0.0,0.0,0.0,0.0,0.0,0.0,0.0,0.0,0.0,0.0,0.0,0.0,0.0
1155,34a2630f-1ddd-4040-a088-6291509d23d3_SA20,Anukul Roy,All-Rounder,KKR,0.0,0.0,0.0,0.0,0.0,0.0,0.0,0.0,0.0,0.0,0.0,0.0,0.0,0.0,0.0,0.0,0.0,0.0,0.0,0.0
1156,34a2630f-1ddd-4040-a088-6291509d23d3_ILT20,Anukul Roy,All-Rounder,KKR,0.0,0.0,0.0,0.0,0.0,0.0,0.0,0.0,0.0,0.0,0.0,0.0,0.0,0.0,0.0,0.0,0.0,0.0,0.0,0.0
1157,f4716ba5-c08e-4558-9d95-111e0a8ffac5_IPL,Moeen Ali,All-Rounder,KKR,0.0,0.0,0.0,0.0,0.0,0.0,0.0,0.0,0.0,0.0,0.0,0.0,0.0,0.0,0.0,0.0,0.0,0.0,0.0,0.0
1158,f4716ba5-c08e-4558-9d95-111e0a8ffac5_T20I,Moeen Ali,All-Rounder,KKR,0.0,0.0,0.0,0.0,0.0,0.0,0.0,0.0,0.0,0.0,0.0,0.0,0.0,0.0,0.0,0.0,0.0,0.0,0.0,0.0
1159,f4716ba5-c08e-4558-9d95-111e0a8ffac5_ODI,Moeen Ali,All-Rounder,KKR,0.0,0.0,0.0,0.0,0.0,0.0,0.0,0.0,0.0,0.0,0.0,0.0,0.0,0.0,0.0,0.0,0.0,0.0,0.0,0.0
1160,f4716ba5-c08e-4558-9d95-111e0a8ffac5_STATE_T20,Moeen Ali,All-Rounder,KKR,0.0,0.0,0.0,0.0,0.0,0.0,0.0,0.0,0.0,0.0,0.0,0.0,0.0,0.0,0.0,0.0,0.0,0.0,0.0,0.0
1161,f4716ba5-c08e-4558-9d95-111e0a8ffac5_SMAT_ELITE,Moeen Ali,All-Rounder,KKR,0.0,0.0,0.0,0.0,0.0,0.0,0.0,0.0,0.0,0.0,0.0,0.0,0.0,0.0,0.0,0.0,0.0,0.0,0.0,0.0
1162,f4716ba5-c08e-4558-9d95-111e0a8ffac5_VIJAY_HAZARE,Moeen Ali,All-Rounder,KKR,0.0,0.0,0.0,0.0,0.0,0.0,0.0,0.0,0.0,0.0,0.0,0.0,0.0,0.0,0.0,0.0,0.0,0.0,0.0,0.0
1163,f4716ba5-c08e-4558-9d95-111e0a8ffac5_VINOO_MANKAD,Moeen Ali,All-Rounder,KKR,0.0,0.0,0.0,0.0,0.0,0.0,0.0,0.0,0.0,0.0,0.0,0.0,0.0,0.0,0.0,0.0,0.0,0.0,0.0,0.0
1164,f4716ba5-c08e-4558-9d95-111e0a8ffac5_DULEEP_TROPHY,Moeen Ali,All-Rounder,KKR,0.0,0.0,0.0,0.0,0.0,0.0,0.0,0.0,0.0,0.0,0.0,0.0,0.0,0.0,0.0,0.0,0.0,0.0,0.0,0.0
1165,f4716ba5-c08e-4558-9d95-111e0a8ffac5_RANJI_TROPHY,Moeen Ali,All-Rounder,KKR,0.0,0.0,0.0,0.0,0.0,0.0,0.0,0.0,0.0,0.0,0.0,0.0,0.0,0.0,0.0,0.0,0.0,0.0,0.0,0.0
1166,f4716ba5-c08e-4558-9d95-111e0a8ffac5_BBL,Moeen Ali,All-Rounder,KKR,0.0,0.0,0.0,0.0,0.0,0.0,0.0,0.0,0.0,0.0,0.0,0.0,0.0,0.0,0.0,0.0,0.0,0.0,0.0,0.0
1167,f4716ba5-c08e-4558-9d95-111e0a8ffac5_CPL,Moeen Ali,All-Rounder,KKR,0.0,0.0,0.0,0.0,0.0,0.0,0.0,0.0,0.0,0.0,0.0,0.0,0.0,0.0,0.0,0.0,0.0,0.0,0.0,0.0
1168,f4716ba5-c08e-4558-9d95-111e0a8ffac5_SA20,Moeen Ali,All-Rounder,KKR,0.0,0.0,0.0,0.0,0.0,0.0,0.0,0.0,0.0,0.0,0.0,0.0,0.0,0.0,0.0,0.0,0.0,0.0,0.0,0.0
1169,f4716ba5-c08e-4558-9d95-111e0a8ffac5_ILT20,Moeen Ali,All-Rounder,KKR,0.0,0.0,0.0,0.0,0.0,0.0,0.0,0.0,0.0,0.0,0.0,0.0,0.0,0.0,0.0,0.0,0.0,0.0,0.0,0.0
1170,b87baeaa-b6a0-4aef-b426-ec1e4ef1ec7f_IPL,Ramandeep Singh,All-Rounder,KKR,0.0,0.0,0.0,0.0,0.0,0.0,0.0,0.0,0.0,0.0,0.0,0.0,0.0,0.0,0.0,0.0,0.0,0.0,0.0,0.0
1171,b87baeaa-b6a0-4aef-b426-ec1e4ef1ec7f_T20I,Ramandeep Singh,All-Rounder,KKR,0.0,0.0,0.0,0.0,0.0,0.0,0.0,0.0,0.0,0.0,0.0,0.0,0.0,0.0,0.0,0.0,0.0,0.0,0.0,0.0
1172,b87baeaa-b6a0-4aef-b426-ec1e4ef1ec7f_ODI,Ramandeep Singh,All-Rounder,KKR,0.0,0.0,0.0,0.0,0.0,0.0,0.0,0.0,0.0,0.0,0.0,0.0,0.0,0.0,0.0,0.0,0.0,0.0,0.0,0.0
1173,b87baeaa-b6a0-4aef-b426-ec1e4ef1ec7f_STATE_T20,Ramandeep Singh,All-Rounder,KKR,0.0,0.0,0.0,0.0,0.0,0.0,0.0,0.0,0.0,0.0,0.0,0.0,0.0,0.0,0.0,0.0,0.0,0.0,0.0,0.0
1174,b87baeaa-b6a0-4aef-b426-ec1e4ef1ec7f_SMAT_ELITE,Ramandeep Singh,All-Rounder,KKR,0.0,0.0,0.0,0.0,0.0,0.0,0.0,0.0,0.0,0.0,0.0,0.0,0.0,0.0,0.0,0.0,0.0,0.0,0.0,0.0
1175,b87baeaa-b6a0-4aef-b426-ec1e4ef1ec7f_VIJAY_HAZARE,Ramandeep Singh,All-Rounder,KKR,0.0,0.0,0.0,0.0,0.0,0.0,0.0,0.0,0.0,0.0,0.0,0.0,0.0,0.0,0.0,0.0,0.0,0.0,0.0,0.0
1176,b87baeaa-b6a0-4aef-b426-ec1e4ef1ec7f_VINOO_MANKAD,Ramandeep Singh,All-Rounder,KKR,0.0,0.0,0.0,0.0,0.0,0.0,0.0,0.0,0.0,0.0,0.0,0.0,0.0,0.0,0.0,0.0,0.0,0.0,0.0,0.0
1177,b87baeaa-b6a0-4aef-b426-ec1e4ef1ec7f_DULEEP_TROPHY,Ramandeep Singh,All-Rounder,KKR,0.0,0.0,0.0,0.0,0.0,0.0,0.0,0.0,0.0,0.0,0.0,0.0,0.0,0.0,0.0,0.0,0.0,0.0,0.0,0.0
1178,b87baeaa-b6a0-4aef-b426-ec1e4ef1ec7f_RANJI_TROPHY,Ramandeep Singh,All-Rounder,KKR,0.0,0.0,0.0,0.0,0.0,0.0,0.0,0.0,0.0,0.0,0.0,0.0,0.0,0.0,0.0,0.0,0.0,0.0,0.0,0.0
1179,b87baeaa-b6a0-4aef-b426-ec1e4ef1ec7f_BBL,Ramandeep Singh,All-Rounder,KKR,0.0,0.0,0.0,0.0,0.0,0.0,0.0,0.0,0.0,0.0,0.0,0.0,0.0,0.0,0.0,0.0,0.0,0.0,0.0,0.0
1180,b87baeaa-b6a0-4aef-b426-ec1e4ef1ec7f_CPL,Ramandeep Singh,All-Rounder,KKR,0.0,0.0,0.0,0.0,0.0,0.0,0.0,0.0,0.0,0.0,0.0,0.0,0.0,0.0,0.0,0.0,0.0,0.0,0.0,0.0
1181,b87baeaa-b6a0-4aef-b426-ec1e4ef1ec7f_SA20,Ramandeep Singh,All-Rounder,KKR,0.0,0.0,0.0,0.0,0.0,0.0,0.0,0.0,0.0,0.0,0.0,0.0,0.0,0.0,0.0,0.0,0.0,0.0,0.0,0.0
1182,b87baeaa-b6a0-4aef-b426-ec1e4ef1ec7f_ILT20,Ramandeep Singh,All-Rounder,KKR,0.0,0.0,0.0,0.0,0.0,0.0,0.0,0.0,0.0,0.0,0.0,0.0,0.0,0.0,0.0,0.0,0.0,0.0,0.0,0.0
1183,42b74ae6-8625-47e8-b0e9-c2450e4892be_IPL,Andre Russell,All-Rounder,KKR,0.0,0.0,0.0,0.0,0.0,0.0,0.0,0.0,0.0,0.0,0.0,0.0,0.0,0.0,0.0,0.0,0.0,0.0,0.0,0.0
1184,42b74ae6-8625-47e8-b0e9-c2450e4892be_T20I,Andre Russell,All-Rounder,KKR,0.0,0.0,0.0,0.0,0.0,0.0,0.0,0.0,0.0,0.0,0.0,0.0,0.0,0.0,0.0,0.0,0.0,0.0,0.0,0.0
1185,42b74ae6-8625-47e8-b0e9-c2450e4892be_ODI,Andre Russell,All-Rounder,KKR,0.0,0.0,0.0,0.0,0.0,0.0,0.0,0.0,0.0,0.0,0.0,0.0,0.0,0.0,0.0,0.0,0.0,0.0,0.0,0.0
1186,42b74ae6-8625-47e8-b0e9-c2450e4892be_STATE_T20,Andre Russell,All-Rounder,KKR,0.0,0.0,0.0,0.0,0.0,0.0,0.0,0.0,0.0,0.0,0.0,0.0,0.0,0.0,0.0,0.0,0.0,0.0,0.0,0.0
1187,42b74ae6-8625-47e8-b0e9-c2450e4892be_SMAT_ELITE,Andre Russell,All-Rounder,KKR,0.0,0.0,0.0,0.0,0.0,0.0,0.0,0.0,0.0,0.0,0.0,0.0,0.0,0.0,0.0,0.0,0.0,0.0,0.0,0.0
1188,42b74ae6-8625-47e8-b0e9-c2450e4892be_VIJAY_HAZARE,Andre Russell,All-Rounder,KKR,0.0,0.0,0.0,0.0,0.0,0.0,0.0,0.0,0.0,0.0,0.0,0.0,0.0,0.0,0.0,0.0,0.0,0.0,0.0,0.0
1189,42b74ae6-8625-47e8-b0e9-c2450e4892be_VINOO_MANKAD,Andre Russell,All-Rounder,KKR,0.0,0.0,0.0,0.0,0.0,0.0,0.0,0.0,0.0,0.0,0.0,0.0,0.0,0.0,0.0,0.0,0.0,0.0,0.0,0.0
1190,42b74ae6-8625-47e8-b0e9-c2450e4892be_DULEEP_TROPHY,Andre Russell,All-Rounder,KKR,0.0,0.0,0.0,0.0,0.0,0.0,0.0,0.0,0.0,0.0,0.0,0.0,0.0,0.0,0.0,0.0,0.0,0.0,0.0,0.0
1191,42b74ae6-8625-47e8-b0e9-c2450e4892be_RANJI_TROPHY,Andre Russell,All-Rounder,KKR,0.0,0.0,0.0,0.0,0.0,0.0,0.0,0.0,0.0,0.0,0.0,0.0,0.0,0.0,0.0,0.0,0.0,0.0,0.0,0.0
1192,42b74ae6-8625-47e8-b0e9-c2450e4892be_BBL,Andre Russell,All-Rounder,KKR,0.0,0.0,0.0,0.0,0.0,0.0,0.0,0.0,0.0,0.0,0.0,0.0,0.0,0.0,0.0,0.0,0.0,0.0,0.0,0.0
1193,42b74ae6-8625-47e8-b0e9-c2450e4892be_CPL,Andre Russell,All-Rounder,KKR,0.0,0.0,0.0,0.0,0.0,0.0,0.0,0.0,0.0,0.0,0.0,0.0,0.0,0.0,0.0,0.0,0.0,0.0,0.0,0.0
1194,42b74ae6-8625-47e8-b0e9-c2450e4892be_SA20,Andre Russell,All-Rounder,KKR,0.0,0.0,0.0,0.0,0.0,0.0,0.0,0.0,0.0,0.0,0.0,0.0,0.0,0.0,0.0,0.0,0.0,0.0,0.0,0.0
1195,42b74ae6-8625-47e8-b0e9-c2450e4892be_ILT20,Andre Russell,All-Rounder,KKR,0.0,0.0,0.0,0.0,0.0,0.0,0.0,0.0,0.0,0.0,0.0,0.0,0.0,0.0,0.0,0.0,0.0,0.0,0.0,0.0
1196,544eaefa-5830-4e7b-ac7b-187d8d0a820a_IPL,Rohit Sharma,Batter,MI,0.0,0.0,0.0,0.0,0.0,0.0,0.0,0.0,0.0,0.0,0.0,0.0,0.0,0.0,0.0,0.0,0.0,0.0,0.0,0.0
1197,544eaefa-5830-4e7b-ac7b-187d8d0a820a_T20I,Rohit Sharma,Batter,MI,0.0,0.0,0.0,0.0,0.0,0.0,0.0,0.0,0.0,0.0,0.0,0.0,0.0,0.0,0.0,0.0,0.0,0.0,0.0,0.0
1198,544eaefa-5830-4e7b-ac7b-187d8d0a820a_ODI,Rohit Sharma,Batter,MI,0.0,0.0,0.0,0.0,0.0,0.0,0.0,0.0,0.0,0.0,0.0,0.0,0.0,0.0,0.0,0.0,0.0,0.0,0.0,0.0
1199,544eaefa-5830-4e7b-ac7b-187d8d0a820a_STATE_T20,Rohit Sharma,Batter,MI,0.0,0.0,0.0,0.0,0.0,0.0,0.0,0.0,0.0,0.0,0.0,0.0,0.0,0.0,0.0,0.0,0.0,0.0,0.0,0.0
1200,544eaefa-5830-4e7b-ac7b-187d8d0a820a_SMAT_ELITE,Rohit Sharma,Batter,MI,0.0,0.0,0.0,0.0,0.0,0.0,0.0,0.0,0.0,0.0,0.0,0.0,0.0,0.0,0.0,0.0,0.0,0.0,0.0,0.0
1201,544eaefa-5830-4e7b-ac7b-187d8d0a820a_VIJAY_HAZARE,Rohit Sharma,Batter,MI,0.0,0.0,0.0,0.0,0.0,0.0,0.0,0.0,0.0,0.0,0.0,0.0,0.0,0.0,0.0,0.0,0.0,0.0,0.0,0.0
1202,544eaefa-5830-4e7b-ac7b-187d8d0a820a_VINOO_MANKAD,Rohit Sharma,Batter,MI,0.0,0.0,0.0,0.0,0.0,0.0,0.0,0.0,0.0,0.0,0.0,0.0,0.0,0.0,0.0,0.0,0.0,0.0,0.0,0.0
1203,544eaefa-5830-4e7b-ac7b-187d8d0a820a_DULEEP_TROPHY,Rohit Sharma,Batter,MI,0.0,0.0,0.0,0.0,0.0,0.0,0.0,0.0,0.0,0.0,0.0,0.0,0.0,0.0,0.0,0.0,0.0,0.0,0.0,0.0
1204,544eaefa-5830-4e7b-ac7b-187d8d0a820a_RANJI_TROPHY,Rohit Sharma,Batter,MI,0.0,0.0,0.0,0.0,0.0,0.0,0.0,0.0,0.0,0.0,0.0,0.0,0.0,0.0,0.0,0.0,0.0,0.0,0.0,0.0
1205,544eaefa-5830-4e7b-ac7b-187d8d0a820a_BBL,Rohit Sharma,Batter,MI,0.0,0.0,0.0,0.0,0.0,0.0,0.0,0.0,0.0,0.0,0.0,0.0,0.0,0.0,0.0,0.0,0.0,0.0,0.0,0.0
1206,544eaefa-5830-4e7b-ac7b-187d8d0a820a_CPL,Rohit Sharma,Batter,MI,0.0,0.0,0.0,0.0,0.0,0.0,0.0,0.0,0.0,0.0,0.0,0.0,0.0,0.0,0.0,0.0,0.0,0.0,0.0,0.0
1207,544eaefa-5830-4e7b-ac7b-187d8d0a820a_SA20,Rohit Sharma,Batter,MI,0.0,0.0,0.0,0.0,0.0,0.0,0.0,0.0,0.0,0.0,0.0,0.0,0.0,0.0,0.0,0.0,0.0,0.0,0.0,0.0
1208,544eaefa-5830-4e7b-ac7b-187d8d0a820a_ILT20,Rohit Sharma,Batter,MI,0.0,0.0,0.0,0.0,0.0,0.0,0.0,0.0,0.0,0.0,0.0,0.0,0.0,0.0,0.0,0.0,0.0,0.0,0.0,0.0
1209,4805af8e-3fd2-4396-a52b-e179ac93cf05_IPL,Surya Kumar Yadav,Batter,MI,0.0,0.0,0.0,0.0,0.0,0.0,0.0,0.0,0.0,0.0,0.0,0.0,0.0,0.0,0.0,0.0,0.0,0.0,0.0,0.0
1210,4805af8e-3fd2-4396-a52b-e179ac93cf05_T20I,Surya Kumar Yadav,Batter,MI,0.0,0.0,0.0,0.0,0.0,0.0,0.0,0.0,0.0,0.0,0.0,0.0,0.0,0.0,0.0,0.0,0.0,0.0,0.0,0.0
1211,4805af8e-3fd2-4396-a52b-e179ac93cf05_ODI,Surya Kumar Yadav,Batter,MI,0.0,0.0,0.0,0.0,0.0,0.0,0.0,0.0,0.0,0.0,0.0,0.0,0.0,0.0,0.0,0.0,0.0,0.0,0.0,0.0
1212,4805af8e-3fd2-4396-a52b-e179ac93cf05_STATE_T20,Surya Kumar Yadav,Batter,MI,0.0,0.0,0.0,0.0,0.0,0.0,0.0,0.0,0.0,0.0,0.0,0.0,0.0,0.0,0.0,0.0,0.0,0.0,0.0,0.0
1213,4805af8e-3fd2-4396-a52b-e179ac93cf05_SMAT_ELITE,Surya Kumar Yadav,Batter,MI,0.0,0.0,0.0,0.0,0.0,0.0,0.0,0.0,0.0,0.0,0.0,0.0,0.0,0.0,0.0,0.0,0.0,0.0,0.0,0.0
1214,4805af8e-3fd2-4396-a52b-e179ac93cf05_VIJAY_HAZARE,Surya Kumar Yadav,Batter,MI,0.0,0.0,0.0,0.0,0.0,0.0,0.0,0.0,0.0,0.0,0.0,0.0,0.0,0.0,0.0,0.0,0.0,0.0,0.0,0.0
1215,4805af8e-3fd2-4396-a52b-e179ac93cf05_VINOO_MANKAD,Surya Kumar Yadav,Batter,MI,0.0,0.0,0.0,0.0,0.0,0.0,0.0,0.0,0.0,0.0,0.0,0.0,0.0,0.0,0.0,0.0,0.0,0.0,0.0,0.0
1216,4805af8e-3fd2-4396-a52b-e179ac93cf05_DULEEP_TROPHY,Surya Kumar Yadav,Batter,MI,0.0,0.0,0.0,0.0,0.0,0.0,0.0,0.0,0.0,0.0,0.0,0.0,0.0,0.0,0.0,0.0,0.0,0.0,0.0,0.0
1217,4805af8e-3fd2-4396-a52b-e179ac93cf05_RANJI_TROPHY,Surya Kumar Yadav,Batter,MI,0.0,0.0,0.0,0.0,0.0,0.0,0.0,0.0,0.0,0.0,0.0,0.0,0.0,0.0,0.0,0.0,0.0,0.0,0.0,0.0
1218,4805af8e-3fd2-4396-a52b-e179ac93cf05_BBL,Surya Kumar Yadav,Batter,MI,0.0,0.0,0.0,0.0,0.0,0.0,0.0,0.0,0.0,0.0,0.0,0.0,0.0,0.0,0.0,0.0,0.0,0.0,0.0,0.0
1219,4805af8e-3fd2-4396-a52b-e179ac93cf05_CPL,Surya Kumar Yadav,Batter,MI,0.0,0.0,0.0,0.0,0.0,0.0,0.0,0.0,0.0,0.0,0.0,0.0,0.0,0.0,0.0,0.0,0.0,0.0,0.0,0.0
1220,4805af8e-3fd2-4396-a52b-e179ac93cf05_SA20,Surya Kumar Yadav,Batter,MI,0.0,0.0,0.0,0.0,0.0,0.0,0.0,0.0,0.0,0.0,0.0,0.0,0.0,0.0,0.0,0.0,0.0,0.0,0.0,0.0
1221,4805af8e-3fd2-4396-a52b-e179ac93cf05_ILT20,Surya Kumar Yadav,Batter,MI,0.0,0.0,0.0,0.0,0.0,0.0,0.0,0.0,0.0,0.0,0.0,0.0,0.0,0.0,0.0,0.0,0.0,0.0,0.0,0.0
1222,c1fe21f7-26b1-4c2c-ad5a-29eefe1f93fd_IPL,Robin Minz,WK-Batter,MI,0.0,0.0,0.0,0.0,0.0,0.0,0.0,0.0,0.0,0.0,0.0,0.0,0.0,0.0,0.0,0.0,0.0,0.0,0.0,0.0
1223,c1fe21f7-26b1-4c2c-ad5a-29eefe1f93fd_T20I,Robin Minz,WK-Batter,MI,0.0,0.0,0.0,0.0,0.0,0.0,0.0,0.0,0.0,0.0,0.0,0.0,0.0,0.0,0.0,0.0,0.0,0.0,0.0,0.0
1224,c1fe21f7-26b1-4c2c-ad5a-29eefe1f93fd_ODI,Robin Minz,WK-Batter,MI,0.0,0.0,0.0,0.0,0.0,0.0,0.0,0.0,0.0,0.0,0.0,0.0,0.0,0.0,0.0,0.0,0.0,0.0,0.0,0.0
1225,c1fe21f7-26b1-4c2c-ad5a-29eefe1f93fd_STATE_T20,Robin Minz,WK-Batter,MI,0.0,0.0,0.0,0.0,0.0,0.0,0.0,0.0,0.0,0.0,0.0,0.0,0.0,0.0,0.0,0.0,0.0,0.0,0.0,0.0
1226,c1fe21f7-26b1-4c2c-ad5a-29eefe1f93fd_SMAT_ELITE,Robin Minz,WK-Batter,MI,0.0,0.0,0.0,0.0,0.0,0.0,0.0,0.0,0.0,0.0,0.0,0.0,0.0,0.0,0.0,0.0,0.0,0.0,0.0,0.0
1227,c1fe21f7-26b1-4c2c-ad5a-29eefe1f93fd_VIJAY_HAZARE,Robin Minz,WK-Batter,MI,0.0,0.0,0.0,0.0,0.0,0.0,0.0,0.0,0.0,0.0,0.0,0.0,0.0,0.0,0.0,0.0,0.0,0.0,0.0,0.0
1228,c1fe21f7-26b1-4c2c-ad5a-29eefe1f93fd_VINOO_MANKAD,Robin Minz,WK-Batter,MI,0.0,0.0,0.0,0.0,0.0,0.0,0.0,0.0,0.0,0.0,0.0,0.0,0.0,0.0,0.0,0.0,0.0,0.0,0.0,0.0
1229,c1fe21f7-26b1-4c2c-ad5a-29eefe1f93fd_DULEEP_TROPHY,Robin Minz,WK-Batter,MI,0.0,0.0,0.0,0.0,0.0,0.0,0.0,0.0,0.0,0.0,0.0,0.0,0.0,0.0,0.0,0.0,0.0,0.0,0.0,0.0
1230,c1fe21f7-26b1-4c2c-ad5a-29eefe1f93fd_RANJI_TROPHY,Robin Minz,WK-Batter,MI,0.0,0.0,0.0,0.0,0.0,0.0,0.0,0.0,0.0,0.0,0.0,0.0,0.0,0.0,0.0,0.0,0.0,0.0,0.0,0.0
1231,c1fe21f7-26b1-4c2c-ad5a-29eefe1f93fd_BBL,Robin Minz,WK-Batter,MI,0.0,0.0,0.0,0.0,0.0,0.0,0.0,0.0,0.0,0.0,0.0,0.0,0.0,0.0,0.0,0.0,0.0,0.0,0.0,0.0
1232,c1fe21f7-26b1-4c2c-ad5a-29eefe1f93fd_CPL,Robin Minz,WK-Batter,MI,0.0,0.0,0.0,0.0,0.0,0.0,0.0,0.0,0.0,0.0,0.0,0.0,0.0,0.0,0.0,0.0,0.0,0.0,0.0,0.0
1233,c1fe21f7-26b1-4c2c-ad5a-29eefe1f93fd_SA20,Robin Minz,WK-Batter,MI,0.0,0.0,0.0,0.0,0.0,0.0,0.0,0.0,0.0,0.0,0.0,0.0,0.0,0.0,0.0,0.0,0.0,0.0,0.0,0.0
1234,c1fe21f7-26b1-4c2c-ad5a-29eefe1f93fd_ILT20,Robin Minz,WK-Batter,MI,0.0,0.0,0.0,0.0,0.0,0.0,0.0,0.0,0.0,0.0,0.0,0.0,0.0,0.0,0.0,0.0,0.0,0.0,0.0,0.0
1235,466dbe16-f717-49a2-98cf-177319619358_IPL,Shrijith Krishnan,WK-Batter,MI,0.0,0.0,0.0,0.0,0.0,0.0,0.0,0.0,0.0,0.0,0.0,0.0,0.0,0.0,0.0,0.0,0.0,0.0,0.0,0.0
1236,466dbe16-f717-49a2-98cf-177319619358_T20I,Shrijith Krishnan,WK-Batter,MI,0.0,0.0,0.0,0.0,0.0,0.0,0.0,0.0,0.0,0.0,0.0,0.0,0.0,0.0,0.0,0.0,0.0,0.0,0.0,0.0
1237,466dbe16-f717-49a2-98cf-177319619358_ODI,Shrijith Krishnan,WK-Batter,MI,0.0,0.0,0.0,0.0,0.0,0.0,0.0,0.0,0.0,0.0,0.0,0.0,0.0,0.0,0.0,0.0,0.0,0.0,0.0,0.0
1238,466dbe16-f717-49a2-98cf-177319619358_STATE_T20,Shrijith Krishnan,WK-Batter,MI,0.0,0.0,0.0,0.0,0.0,0.0,0.0,0.0,0.0,0.0,0.0,0.0,0.0,0.0,0.0,0.0,0.0,0.0,0.0,0.0
1239,466dbe16-f717-49a2-98cf-177319619358_SMAT_ELITE,Shrijith Krishnan,WK-Batter,MI,0.0,0.0,0.0,0.0,0.0,0.0,0.0,0.0,0.0,0.0,0.0,0.0,0.0,0.0,0.0,0.0,0.0,0.0,0.0,0.0
1240,466dbe16-f717-49a2-98cf-177319619358_VIJAY_HAZARE,Shrijith Krishnan,WK-Batter,MI,0.0,0.0,0.0,0.0,0.0,0.0,0.0,0.0,0.0,0.0,0.0,0.0,0.0,0.0,0.0,0.0,0.0,0.0,0.0,0.0
1241,466dbe16-f717-49a2-98cf-177319619358_VINOO_MANKAD,Shrijith Krishnan,WK-Batter,MI,0.0,0.0,0.0,0.0,0.0,0.0,0.0,0.0,0.0,0.0,0.0,0.0,0.0,0.0,0.0,0.0,0.0,0.0,0.0,0.0
1242,466dbe16-f717-49a2-98cf-177319619358_DULEEP_TROPHY,Shrijith Krishnan,WK-Batter,MI,0.0,0.0,0.0,0.0,0.0,0.0,0.0,0.0,0.0,0.0,0.0,0.0,0.0,0.0,0.0,0.0,0.0,0.0,0.0,0.0
1243,466dbe16-f717-49a2-98cf-177319619358_RANJI_TROPHY,Shrijith Krishnan,WK-Batter,MI,0.0,0.0,0.0,0.0,0.0,0.0,0.0,0.0,0.0,0.0,0.0,0.0,0.0,0.0,0.0,0.0,0.0,0.0,0.0,0.0
1244,466dbe16-f717-49a2-98cf-177319619358_BBL,Shrijith Krishnan,WK-Batter,MI,0.0,0.0,0.0,0.0,0.0,0.0,0.0,0.0,0.0,0.0,0.0,0.0,0.0,0.0,0.0,0.0,0.0,0.0,0.0,0.0
1245,466dbe16-f717-49a2-98cf-177319619358_CPL,Shrijith Krishnan,WK-Batter,MI,0.0,0.0,0.0,0.0,0.0,0.0,0.0,0.0,0.0,0.0,0.0,0.0,0.0,0.0,0.0,0.0,0.0,0.0,0.0,0.0
1246,466dbe16-f717-49a2-98cf-177319619358_SA20,Shrijith Krishnan,WK-Batter,MI,0.0,0.0,0.0,0.0,0.0,0.0,0.0,0.0,0.0,0.0,0.0,0.0,0.0,0.0,0.0,0.0,0.0,0.0,0.0,0.0
1247,466dbe16-f717-49a2-98cf-177319619358_ILT20,Shrijith Krishnan,WK-Batter,MI,0.0,0.0,0.0,0.0,0.0,0.0,0.0,0.0,0.0,0.0,0.0,0.0,0.0,0.0,0.0,0.0,0.0,0.0,0.0,0.0
1248,ca3f6e9b-d8a7-444a-bbbf-feee4af83cf4_IPL,Bevon Jacobs,Batter,MI,0.0,0.0,0.0,0.0,0.0,0.0,0.0,0.0,0.0,0.0,0.0,0.0,0.0,0.0,0.0,0.0,0.0,0.0,0.0,0.0
1249,ca3f6e9b-d8a7-444a-bbbf-feee4af83cf4_T20I,Bevon Jacobs,Batter,MI,0.0,0.0,0.0,0.0,0.0,0.0,0.0,0.0,0.0,0.0,0.0,0.0,0.0,0.0,0.0,0.0,0.0,0.0,0.0,0.0
1250,ca3f6e9b-d8a7-444a-bbbf-feee4af83cf4_ODI,Bevon Jacobs,Batter,MI,0.0,0.0,0.0,0.0,0.0,0.0,0.0,0.0,0.0,0.0,0.0,0.0,0.0,0.0,0.0,0.0,0.0,0.0,0.0,0.0
1251,ca3f6e9b-d8a7-444a-bbbf-feee4af83cf4_STATE_T20,Bevon Jacobs,Batter,MI,0.0,0.0,0.0,0.0,0.0,0.0,0.0,0.0,0.0,0.0,0.0,0.0,0.0,0.0,0.0,0.0,0.0,0.0,0.0,0.0
1252,ca3f6e9b-d8a7-444a-bbbf-feee4af83cf4_SMAT_ELITE,Bevon Jacobs,Batter,MI,0.0,0.0,0.0,0.0,0.0,0.0,0.0,0.0,0.0,0.0,0.0,0.0,0.0,0.0,0.0,0.0,0.0,0.0,0.0,0.0
1253,ca3f6e9b-d8a7-444a-bbbf-feee4af83cf4_VIJAY_HAZARE,Bevon Jacobs,Batter,MI,0.0,0.0,0.0,0.0,0.0,0.0,0.0,0.0,0.0,0.0,0.0,0.0,0.0,0.0,0.0,0.0,0.0,0.0,0.0,0.0
1254,ca3f6e9b-d8a7-444a-bbbf-feee4af83cf4_VINOO_MANKAD,Bevon Jacobs,Batter,MI,0.0,0.0,0.0,0.0,0.0,0.0,0.0,0.0,0.0,0.0,0.0,0.0,0.0,0.0,0.0,0.0,0.0,0.0,0.0,0.0
1255,ca3f6e9b-d8a7-444a-bbbf-feee4af83cf4_DULEEP_TROPHY,Bevon Jacobs,Batter,MI,0.0,0.0,0.0,0.0,0.0,0.0,0.0,0.0,0.0,0.0,0.0,0.0,0.0,0.0,0.0,0.0,0.0,0.0,0.0,0.0
1256,ca3f6e9b-d8a7-444a-bbbf-feee4af83cf4_RANJI_TROPHY,Bevon Jacobs,Batter,MI,0.0,0.0,0.0,0.0,0.0,0.0,0.0,0.0,0.0,0.0,0.0,0.0,0.0,0.0,0.0,0.0,0.0,0.0,0.0,0.0
1257,ca3f6e9b-d8a7-444a-bbbf-feee4af83cf4_BBL,Bevon Jacobs,Batter,MI,0.0,0.0,0.0,0.0,0.0,0.0,0.0,0.0,0.0,0.0,0.0,0.0,0.0,0.0,0.0,0.0,0.0,0.0,0.0,0.0
1258,ca3f6e9b-d8a7-444a-bbbf-feee4af83cf4_CPL,Bevon Jacobs,Batter,MI,0.0,0.0,0.0,0.0,0.0,0.0,0.0,0.0,0.0,0.0,0.0,0.0,0.0,0.0,0.0,0.0,0.0,0.0,0.0,0.0
1259,ca3f6e9b-d8a7-444a-bbbf-feee4af83cf4_SA20,Bevon Jacobs,Batter,MI,0.0,0.0,0.0,0.0,0.0,0.0,0.0,0.0,0.0,0.0,0.0,0.0,0.0,0.0,0.0,0.0,0.0,0.0,0.0,0.0
1260,ca3f6e9b-d8a7-444a-bbbf-feee4af83cf4_ILT20,Bevon Jacobs,Batter,MI,0.0,0.0,0.0,0.0,0.0,0.0,0.0,0.0,0.0,0.0,0.0,0.0,0.0,0.0,0.0,0.0,0.0,0.0,0.0,0.0
1261,990543a8-5ff0-45ea-917e-dd4638fff342_IPL,Jonny Bairstow,WK-Batter,MI,0.0,0.0,0.0,0.0,0.0,0.0,0.0,0.0,0.0,0.0,0.0,0.0,0.0,0.0,0.0,0.0,0.0,0.0,0.0,0.0
1262,990543a8-5ff0-45ea-917e-dd4638fff342_T20I,Jonny Bairstow,WK-Batter,MI,0.0,0.0,0.0,0.0,0.0,0.0,0.0,0.0,0.0,0.0,0.0,0.0,0.0,0.0,0.0,0.0,0.0,0.0,0.0,0.0
1263,990543a8-5ff0-45ea-917e-dd4638fff342_ODI,Jonny Bairstow,WK-Batter,MI,0.0,0.0,0.0,0.0,0.0,0.0,0.0,0.0,0.0,0.0,0.0,0.0,0.0,0.0,0.0,0.0,0.0,0.0,0.0,0.0
1264,990543a8-5ff0-45ea-917e-dd4638fff342_STATE_T20,Jonny Bairstow,WK-Batter,MI,0.0,0.0,0.0,0.0,0.0,0.0,0.0,0.0,0.0,0.0,0.0,0.0,0.0,0.0,0.0,0.0,0.0,0.0,0.0,0.0
1265,990543a8-5ff0-45ea-917e-dd4638fff342_SMAT_ELITE,Jonny Bairstow,WK-Batter,MI,0.0,0.0,0.0,0.0,0.0,0.0,0.0,0.0,0.0,0.0,0.0,0.0,0.0,0.0,0.0,0.0,0.0,0.0,0.0,0.0
1266,990543a8-5ff0-45ea-917e-dd4638fff342_VIJAY_HAZARE,Jonny Bairstow,WK-Batter,MI,0.0,0.0,0.0,0.0,0.0,0.0,0.0,0.0,0.0,0.0,0.0,0.0,0.0,0.0,0.0,0.0,0.0,0.0,0.0,0.0
1267,990543a8-5ff0-45ea-917e-dd4638fff342_VINOO_MANKAD,Jonny Bairstow,WK-Batter,MI,0.0,0.0,0.0,0.0,0.0,0.0,0.0,0.0,0.0,0.0,0.0,0.0,0.0,0.0,0.0,0.0,0.0,0.0,0.0,0.0
1268,990543a8-5ff0-45ea-917e-dd4638fff342_DULEEP_TROPHY,Jonny Bairstow,WK-Batter,MI,0.0,0.0,0.0,0.0,0.0,0.0,0.0,0.0,0.0,0.0,0.0,0.0,0.0,0.0,0.0,0.0,0.0,0.0,0.0,0.0
1269,990543a8-5ff0-45ea-917e-dd4638fff342_RANJI_TROPHY,Jonny Bairstow,WK-Batter,MI,0.0,0.0,0.0,0.0,0.0,0.0,0.0,0.0,0.0,0.0,0.0,0.0,0.0,0.0,0.0,0.0,0.0,0.0,0.0,0.0
1270,990543a8-5ff0-45ea-917e-dd4638fff342_BBL,Jonny Bairstow,WK-Batter,MI,0.0,0.0,0.0,0.0,0.0,0.0,0.0,0.0,0.0,0.0,0.0,0.0,0.0,0.0,0.0,0.0,0.0,0.0,0.0,0.0
1271,990543a8-5ff0-45ea-917e-dd4638fff342_CPL,Jonny Bairstow,WK-Batter,MI,0.0,0.0,0.0,0.0,0.0,0.0,0.0,0.0,0.0,0.0,0.0,0.0,0.0,0.0,0.0,0.0,0.0,0.0,0.0,0.0
1272,990543a8-5ff0-45ea-917e-dd4638fff342_SA20,Jonny Bairstow,WK-Batter,MI,0.0,0.0,0.0,0.0,0.0,0.0,0.0,0.0,0.0,0.0,0.0,0.0,0.0,0.0,0.0,0.0,0.0,0.0,0.0,0.0
1273,990543a8-5ff0-45ea-917e-dd4638fff342_ILT20,Jonny Bairstow,WK-Batter,MI,0.0,0.0,0.0,0.0,0.0,0.0,0.0,0.0,0.0,0.0,0.0,0.0,0.0,0.0,0.0,0.0,0.0,0.0,0.0,0.0
1274,2f99ccf8-e54a-47ff-aac9-f911a2e18bca_IPL,N. Tilak Varma,Batter,MI,0.0,0.0,0.0,0.0,0.0,0.0,0.0,0.0,0.0,0.0,0.0,0.0,0.0,0.0,0.0,0.0,0.0,0.0,0.0,0.0
1275,2f99ccf8-e54a-47ff-aac9-f911a2e18bca_T20I,N. Tilak Varma,Batter,MI,0.0,0.0,0.0,0.0,0.0,0.0,0.0,0.0,0.0,0.0,0.0,0.0,0.0,0.0,0.0,0.0,0.0,0.0,0.0,0.0
1276,2f99ccf8-e54a-47ff-aac9-f911a2e18bca_ODI,N. Tilak Varma,Batter,MI,0.0,0.0,0.0,0.0,0.0,0.0,0.0,0.0,0.0,0.0,0.0,0.0,0.0,0.0,0.0,0.0,0.0,0.0,0.0,0.0
1277,2f99ccf8-e54a-47ff-aac9-f911a2e18bca_STATE_T20,N. Tilak Varma,Batter,MI,0.0,0.0,0.0,0.0,0.0,0.0,0.0,0.0,0.0,0.0,0.0,0.0,0.0,0.0,0.0,0.0,0.0,0.0,0.0,0.0
1278,2f99ccf8-e54a-47ff-aac9-f911a2e18bca_SMAT_ELITE,N. Tilak Varma,Batter,MI,0.0,0.0,0.0,0.0,0.0,0.0,0.0,0.0,0.0,0.0,0.0,0.0,0.0,0.0,0.0,0.0,0.0,0.0,0.0,0.0
1279,2f99ccf8-e54a-47ff-aac9-f911a2e18bca_VIJAY_HAZARE,N. Tilak Varma,Batter,MI,0.0,0.0,0.0,0.0,0.0,0.0,0.0,0.0,0.0,0.0,0.0,0.0,0.0,0.0,0.0,0.0,0.0,0.0,0.0,0.0
1280,2f99ccf8-e54a-47ff-aac9-f911a2e18bca_VINOO_MANKAD,N. Tilak Varma,Batter,MI,0.0,0.0,0.0,0.0,0.0,0.0,0.0,0.0,0.0,0.0,0.0,0.0,0.0,0.0,0.0,0.0,0.0,0.0,0.0,0.0
1281,2f99ccf8-e54a-47ff-aac9-f911a2e18bca_DULEEP_TROPHY,N. Tilak Varma,Batter,MI,0.0,0.0,0.0,0.0,0.0,0.0,0.0,0.0,0.0,0.0,0.0,0.0,0.0,0.0,0.0,0.0,0.0,0.0,0.0,0.0
1282,2f99ccf8-e54a-47ff-aac9-f911a2e18bca_RANJI_TROPHY,N. Tilak Varma,Batter,MI,0.0,0.0,0.0,0.0,0.0,0.0,0.0,0.0,0.0,0.0,0.0,0.0,0.0,0.0,0.0,0.0,0.0,0.0,0.0,0.0
1283,2f99ccf8-e54a-47ff-aac9-f911a2e18bca_BBL,N. Tilak Varma,Batter,MI,0.0,0.0,0.0,0.0,0.0,0.0,0.0,0.0,0.0,0.0,0.0,0.0,0.0,0.0,0.0,0.0,0.0,0.0,0.0,0.0
1284,2f99ccf8-e54a-47ff-aac9-f911a2e18bca_CPL,N. Tilak Varma,Batter,MI,0.0,0.0,0.0,0.0,0.0,0.0,0.0,0.0,0.0,0.0,0.0,0.0,0.0,0.0,0.0,0.0,0.0,0.0,0.0,0.0
1285,2f99ccf8-e54a-47ff-aac9-f911a2e18bca_SA20,N. Tilak Varma,Batter,MI,0.0,0.0,0.0,0.0,0.0,0.0,0.0,0.0,0.0,0.0,0.0,0.0,0.0,0.0,0.0,0.0,0.0,0.0,0.0,0.0
1286,2f99ccf8-e54a-47ff-aac9-f911a2e18bca_ILT20,N. Tilak Varma,Batter,MI,0.0,0.0,0.0,0.0,0.0,0.0,0.0,0.0,0.0,0.0,0.0,0.0,0.0,0.0,0.0,0.0,0.0,0.0,0.0,0.0
1287,f7878ee0-2659-4afe-b6a9-b94bacb813a1_IPL,Hardik Pandya,All-Rounder,MI,0.0,0.0,0.0,0.0,0.0,0.0,0.0,0.0,0.0,0.0,0.0,0.0,0.0,0.0,0.0,0.0,0.0,0.0,0.0,0.0
1288,f7878ee0-2659-4afe-b6a9-b94bacb813a1_T20I,Hardik Pandya,All-Rounder,MI,0.0,0.0,0.0,0.0,0.0,0.0,0.0,0.0,0.0,0.0,0.0,0.0,0.0,0.0,0.0,0.0,0.0,0.0,0.0,0.0
1289,f7878ee0-2659-4afe-b6a9-b94bacb813a1_ODI,Hardik Pandya,All-Rounder,MI,0.0,0.0,0.0,0.0,0.0,0.0,0.0,0.0,0.0,0.0,0.0,0.0,0.0,0.0,0.0,0.0,0.0,0.0,0.0,0.0
1290,f7878ee0-2659-4afe-b6a9-b94bacb813a1_STATE_T20,Hardik Pandya,All-Rounder,MI,0.0,0.0,0.0,0.0,0.0,0.0,0.0,0.0,0.0,0.0,0.0,0.0,0.0,0.0,0.0,0.0,0.0,0.0,0.0,0.0
1291,f7878ee0-2659-4afe-b6a9-b94bacb813a1_SMAT_ELITE,Hardik Pandya,All-Rounder,MI,0.0,0.0,0.0,0.0,0.0,0.0,0.0,0.0,0.0,0.0,0.0,0.0,0.0,0.0,0.0,0.0,0.0,0.0,0.0,0.0
1292,f7878ee0-2659-4afe-b6a9-b94bacb813a1_VIJAY_HAZARE,Hardik Pandya,All-Rounder,MI,0.0,0.0,0.0,0.0,0.0,0.0,0.0,0.0,0.0,0.0,0.0,0.0,0.0,0.0,0.0,0.0,0.0,0.0,0.0,0.0
1293,f7878ee0-2659-4afe-b6a9-b94bacb813a1_VINOO_MANKAD,Hardik Pandya,All-Rounder,MI,0.0,0.0,0.0,0.0,0.0,0.0,0.0,0.0,0.0,0.0,0.0,0.0,0.0,0.0,0.0,0.0,0.0,0.0,0.0,0.0
1294,f7878ee0-2659-4afe-b6a9-b94bacb813a1_DULEEP_TROPHY,Hardik Pandya,All-Rounder,MI,0.0,0.0,0.0,0.0,0.0,0.0,0.0,0.0,0.0,0.0,0.0,0.0,0.0,0.0,0.0,0.0,0.0,0.0,0.0,0.0
1295,f7878ee0-2659-4afe-b6a9-b94bacb813a1_RANJI_TROPHY,Hardik Pandya,All-Rounder,MI,0.0,0.0,0.0,0.0,0.0,0.0,0.0,0.0,0.0,0.0,0.0,0.0,0.0,0.0,0.0,0.0,0.0,0.0,0.0,0.0
1296,f7878ee0-2659-4afe-b6a9-b94bacb813a1_BBL,Hardik Pandya,All-Rounder,MI,0.0,0.0,0.0,0.0,0.0,0.0,0.0,0.0,0.0,0.0,0.0,0.0,0.0,0.0,0.0,0.0,0.0,0.0,0.0,0.0
1297,f7878ee0-2659-4afe-b6a9-b94bacb813a1_CPL,Hardik Pandya,All-Rounder,MI,0.0,0.0,0.0,0.0,0.0,0.0,0.0,0.0,0.0,0.0,0.0,0.0,0.0,0.0,0.0,0.0,0.0,0.0,0.0,0.0
1298,f7878ee0-2659-4afe-b6a9-b94bacb813a1_SA20,Hardik Pandya,All-Rounder,MI,0.0,0.0,0.0,0.0,0.0,0.0,0.0,0.0,0.0,0.0,0.0,0.0,0.0,0.0,0.0,0.0,0.0,0.0,0.0,0.0
1299,f7878ee0-2659-4afe-b6a9-b94bacb813a1_ILT20,Hardik Pandya,All-Rounder,MI,0.0,0.0,0.0,0.0,0.0,0.0,0.0,0.0,0.0,0.0,0.0,0.0,0.0,0.0,0.0,0.0,0.0,0.0,0.0,0.0
1300,6fce330e-32d5-43a4-95e6-c8961df1181c_IPL,Naman Dhir,All-Rounder,MI,0.0,0.0,0.0,0.0,0.0,0.0,0.0,0.0,0.0,0.0,0.0,0.0,0.0,0.0,0.0,0.0,0.0,0.0,0.0,0.0
1301,6fce330e-32d5-43a4-95e6-c8961df1181c_T20I,Naman Dhir,All-Rounder,MI,0.0,0.0,0.0,0.0,0.0,0.0,0.0,0.0,0.0,0.0,0.0,0.0,0.0,0.0,0.0,0.0,0.0,0.0,0.0,0.0
1302,6fce330e-32d5-43a4-95e6-c8961df1181c_ODI,Naman Dhir,All-Rounder,MI,0.0,0.0,0.0,0.0,0.0,0.0,0.0,0.0,0.0,0.0,0.0,0.0,0.0,0.0,0.0,0.0,0.0,0.0,0.0,0.0
1303,6fce330e-32d5-43a4-95e6-c8961df1181c_STATE_T20,Naman Dhir,All-Rounder,MI,0.0,0.0,0.0,0.0,0.0,0.0,0.0,0.0,0.0,0.0,0.0,0.0,0.0,0.0,0.0,0.0,0.0,0.0,0.0,0.0
1304,6fce330e-32d5-43a4-95e6-c8961df1181c_SMAT_ELITE,Naman Dhir,All-Rounder,MI,0.0,0.0,0.0,0.0,0.0,0.0,0.0,0.0,0.0,0.0,0.0,0.0,0.0,0.0,0.0,0.0,0.0,0.0,0.0,0.0
1305,6fce330e-32d5-43a4-95e6-c8961df1181c_VIJAY_HAZARE,Naman Dhir,All-Rounder,MI,0.0,0.0,0.0,0.0,0.0,0.0,0.0,0.0,0.0,0.0,0.0,0.0,0.0,0.0,0.0,0.0,0.0,0.0,0.0,0.0
1306,6fce330e-32d5-43a4-95e6-c8961df1181c_VINOO_MANKAD,Naman Dhir,All-Rounder,MI,0.0,0.0,0.0,0.0,0.0,0.0,0.0,0.0,0.0,0.0,0.0,0.0,0.0,0.0,0.0,0.0,0.0,0.0,0.0,0.0
1307,6fce330e-32d5-43a4-95e6-c8961df1181c_DULEEP_TROPHY,Naman Dhir,All-Rounder,MI,0.0,0.0,0.0,0.0,0.0,0.0,0.0,0.0,0.0,0.0,0.0,0.0,0.0,0.0,0.0,0.0,0.0,0.0,0.0,0.0
1308,6fce330e-32d5-43a4-95e6-c8961df1181c_RANJI_TROPHY,Naman Dhir,All-Rounder,MI,0.0,0.0,0.0,0.0,0.0,0.0,0.0,0.0,0.0,0.0,0.0,0.0,0.0,0.0,0.0,0.0,0.0,0.0,0.0,0.0
1309,6fce330e-32d5-43a4-95e6-c8961df1181c_BBL,Naman Dhir,All-Rounder,MI,0.0,0.0,0.0,0.0,0.0,0.0,0.0,0.0,0.0,0.0,0.0,0.0,0.0,0.0,0.0,0.0,0.0,0.0,0.0,0.0
1310,6fce330e-32d5-43a4-95e6-c8961df1181c_CPL,Naman Dhir,All-Rounder,MI,0.0,0.0,0.0,0.0,0.0,0.0,0.0,0.0,0.0,0.0,0.0,0.0,0.0,0.0,0.0,0.0,0.0,0.0,0.0,0.0
1311,6fce330e-32d5-43a4-95e6-c8961df1181c_SA20,Naman Dhir,All-Rounder,MI,0.0,0.0,0.0,0.0,0.0,0.0,0.0,0.0,0.0,0.0,0.0,0.0,0.0,0.0,0.0,0.0,0.0,0.0,0.0,0.0
1312,6fce330e-32d5-43a4-95e6-c8961df1181c_ILT20,Naman Dhir,All-Rounder,MI,0.0,0.0,0.0,0.0,0.0,0.0,0.0,0.0,0.0,0.0,0.0,0.0,0.0,0.0,0.0,0.0,0.0,0.0,0.0,0.0
1313,09b73381-6cf8-4731-acf4-b5e2d0447b5d_IPL,Mitchell Santner,All-Rounder,MI,0.0,0.0,0.0,0.0,0.0,0.0,0.0,0.0,0.0,0.0,0.0,0.0,0.0,0.0,0.0,0.0,0.0,0.0,0.0,0.0
1314,09b73381-6cf8-4731-acf4-b5e2d0447b5d_T20I,Mitchell Santner,All-Rounder,MI,0.0,0.0,0.0,0.0,0.0,0.0,0.0,0.0,0.0,0.0,0.0,0.0,0.0,0.0,0.0,0.0,0.0,0.0,0.0,0.0
1315,09b73381-6cf8-4731-acf4-b5e2d0447b5d_ODI,Mitchell Santner,All-Rounder,MI,0.0,0.0,0.0,0.0,0.0,0.0,0.0,0.0,0.0,0.0,0.0,0.0,0.0,0.0,0.0,0.0,0.0,0.0,0.0,0.0
1316,09b73381-6cf8-4731-acf4-b5e2d0447b5d_STATE_T20,Mitchell Santner,All-Rounder,MI,0.0,0.0,0.0,0.0,0.0,0.0,0.0,0.0,0.0,0.0,0.0,0.0,0.0,0.0,0.0,0.0,0.0,0.0,0.0,0.0
1317,09b73381-6cf8-4731-acf4-b5e2d0447b5d_SMAT_ELITE,Mitchell Santner,All-Rounder,MI,0.0,0.0,0.0,0.0,0.0,0.0,0.0,0.0,0.0,0.0,0.0,0.0,0.0,0.0,0.0,0.0,0.0,0.0,0.0,0.0
1318,09b73381-6cf8-4731-acf4-b5e2d0447b5d_VIJAY_HAZARE,Mitchell Santner,All-Rounder,MI,0.0,0.0,0.0,0.0,0.0,0.0,0.0,0.0,0.0,0.0,0.0,0.0,0.0,0.0,0.0,0.0,0.0,0.0,0.0,0.0
1319,09b73381-6cf8-4731-acf4-b5e2d0447b5d_VINOO_MANKAD,Mitchell Santner,All-Rounder,MI,0.0,0.0,0.0,0.0,0.0,0.0,0.0,0.0,0.0,0.0,0.0,0.0,0.0,0.0,0.0,0.0,0.0,0.0,0.0,0.0
1320,09b73381-6cf8-4731-acf4-b5e2d0447b5d_DULEEP_TROPHY,Mitchell Santner,All-Rounder,MI,0.0,0.0,0.0,0.0,0.0,0.0,0.0,0.0,0.0,0.0,0.0,0.0,0.0,0.0,0.0,0.0,0.0,0.0,0.0,0.0
1321,09b73381-6cf8-4731-acf4-b5e2d0447b5d_RANJI_TROPHY,Mitchell Santner,All-Rounder,MI,0.0,0.0,0.0,0.0,0.0,0.0,0.0,0.0,0.0,0.0,0.0,0.0,0.0,0.0,0.0,0.0,0.0,0.0,0.0,0.0
1322,09b73381-6cf8-4731-acf4-b5e2d0447b5d_BBL,Mitchell Santner,All-Rounder,MI,0.0,0.0,0.0,0.0,0.0,0.0,0.0,0.0,0.0,0.0,0.0,0.0,0.0,0.0,0.0,0.0,0.0,0.0,0.0,0.0
1323,09b73381-6cf8-4731-acf4-b5e2d0447b5d_CPL,Mitchell Santner,All-Rounder,MI,0.0,0.0,0.0,0.0,0.0,0.0,0.0,0.0,0.0,0.0,0.0,0.0,0.0,0.0,0.0,0.0,0.0,0.0,0.0,0.0
1324,09b73381-6cf8-4731-acf4-b5e2d0447b5d_SA20,Mitchell Santner,All-Rounder,MI,0.0,0.0,0.0,0.0,0.0,0.0,0.0,0.0,0.0,0.0,0.0,0.0,0.0,0.0,0.0,0.0,0.0,0.0,0.0,0.0
1325,09b73381-6cf8-4731-acf4-b5e2d0447b5d_ILT20,Mitchell Santner,All-Rounder,MI,0.0,0.0,0.0,0.0,0.0,0.0,0.0,0.0,0.0,0.0,0.0,0.0,0.0,0.0,0.0,0.0,0.0,0.0,0.0,0.0
1326,93e642d5-cdc8-4243-b939-d26e077f9895_IPL,Raj Angad Bawa,All-Rounder,MI,0.0,0.0,0.0,0.0,0.0,0.0,0.0,0.0,0.0,0.0,0.0,0.0,0.0,0.0,0.0,0.0,0.0,0.0,0.0,0.0
1327,93e642d5-cdc8-4243-b939-d26e077f9895_T20I,Raj Angad Bawa,All-Rounder,MI,0.0,0.0,0.0,0.0,0.0,0.0,0.0,0.0,0.0,0.0,0.0,0.0,0.0,0.0,0.0,0.0,0.0,0.0,0.0,0.0
1328,93e642d5-cdc8-4243-b939-d26e077f9895_ODI,Raj Angad Bawa,All-Rounder,MI,0.0,0.0,0.0,0.0,0.0,0.0,0.0,0.0,0.0,0.0,0.0,0.0,0.0,0.0,0.0,0.0,0.0,0.0,0.0,0.0
1329,93e642d5-cdc8-4243-b939-d26e077f9895_STATE_T20,Raj Angad Bawa,All-Rounder,MI,0.0,0.0,0.0,0.0,0.0,0.0,0.0,0.0,0.0,0.0,0.0,0.0,0.0,0.0,0.0,0.0,0.0,0.0,0.0,0.0
1330,93e642d5-cdc8-4243-b939-d26e077f9895_SMAT_ELITE,Raj Angad Bawa,All-Rounder,MI,0.0,0.0,0.0,0.0,0.0,0.0,0.0,0.0,0.0,0.0,0.0,0.0,0.0,0.0,0.0,0.0,0.0,0.0,0.0,0.0
1331,93e642d5-cdc8-4243-b939-d26e077f9895_VIJAY_HAZARE,Raj Angad Bawa,All-Rounder,MI,0.0,0.0,0.0,0.0,0.0,0.0,0.0,0.0,0.0,0.0,0.0,0.0,0.0,0.0,0.0,0.0,0.0,0.0,0.0,0.0
1332,93e642d5-cdc8-4243-b939-d26e077f9895_VINOO_MANKAD,Raj Angad Bawa,All-Rounder,MI,0.0,0.0,0.0,0.0,0.0,0.0,0.0,0.0,0.0,0.0,0.0,0.0,0.0,0.0,0.0,0.0,0.0,0.0,0.0,0.0
1333,93e642d5-cdc8-4243-b939-d26e077f9895_DULEEP_TROPHY,Raj Angad Bawa,All-Rounder,MI,0.0,0.0,0.0,0.0,0.0,0.0,0.0,0.0,0.0,0.0,0.0,0.0,0.0,0.0,0.0,0.0,0.0,0.0,0.0,0.0
1334,93e642d5-cdc8-4243-b939-d26e077f9895_RANJI_TROPHY,Raj Angad Bawa,All-Rounder,MI,0.0,0.0,0.0,0.0,0.0,0.0,0.0,0.0,0.0,0.0,0.0,0.0,0.0,0.0,0.0,0.0,0.0,0.0,0.0,0.0
1335,93e642d5-cdc8-4243-b939-d26e077f9895_BBL,Raj Angad Bawa,All-Rounder,MI,0.0,0.0,0.0,0.0,0.0,0.0,0.0,0.0,0.0,0.0,0.0,0.0,0.0,0.0,0.0,0.0,0.0,0.0,0.0,0.0
1336,93e642d5-cdc8-4243-b939-d26e077f9895_CPL,Raj Angad Bawa,All-Rounder,MI,0.0,0.0,0.0,0.0,0.0,0.0,0.0,0.0,0.0,0.0,0.0,0.0,0.0,0.0,0.0,0.0,0.0,0.0,0.0,0.0
1337,93e642d5-cdc8-4243-b939-d26e077f9895_SA20,Raj Angad Bawa,All-Rounder,MI,0.0,0.0,0.0,0.0,0.0,0.0,0.0,0.0,0.0,0.0,0.0,0.0,0.0,0.0,0.0,0.0,0.0,0.0,0.0,0.0
1338,93e642d5-cdc8-4243-b939-d26e077f9895_ILT20,Raj Angad Bawa,All-Rounder,MI,0.0,0.0,0.0,0.0,0.0,0.0,0.0,0.0,0.0,0.0,0.0,0.0,0.0,0.0,0.0,0.0,0.0,0.0,0.0,0.0
1742,a8688a69-c164-4417-93f3-2fb619d2b5c7_IPL,Rajat Patidar,Batter,RCB,0.0,0.0,0.0,0.0,0.0,0.0,0.0,0.0,0.0,0.0,0.0,0.0,0.0,0.0,0.0,0.0,0.0,0.0,0.0,0.0
1743,a8688a69-c164-4417-93f3-2fb619d2b5c7_T20I,Rajat Patidar,Batter,RCB,0.0,0.0,0.0,0.0,0.0,0.0,0.0,0.0,0.0,0.0,0.0,0.0,0.0,0.0,0.0,0.0,0.0,0.0,0.0,0.0
1744,a8688a69-c164-4417-93f3-2fb619d2b5c7_ODI,Rajat Patidar,Batter,RCB,0.0,0.0,0.0,0.0,0.0,0.0,0.0,0.0,0.0,0.0,0.0,0.0,0.0,0.0,0.0,0.0,0.0,0.0,0.0,0.0
1745,a8688a69-c164-4417-93f3-2fb619d2b5c7_STATE_T20,Rajat Patidar,Batter,RCB,0.0,0.0,0.0,0.0,0.0,0.0,0.0,0.0,0.0,0.0,0.0,0.0,0.0,0.0,0.0,0.0,0.0,0.0,0.0,0.0
1746,a8688a69-c164-4417-93f3-2fb619d2b5c7_SMAT_ELITE,Rajat Patidar,Batter,RCB,0.0,0.0,0.0,0.0,0.0,0.0,0.0,0.0,0.0,0.0,0.0,0.0,0.0,0.0,0.0,0.0,0.0,0.0,0.0,0.0
1747,a8688a69-c164-4417-93f3-2fb619d2b5c7_VIJAY_HAZARE,Rajat Patidar,Batter,RCB,0.0,0.0,0.0,0.0,0.0,0.0,0.0,0.0,0.0,0.0,0.0,0.0,0.0,0.0,0.0,0.0,0.0,0.0,0.0,0.0
1748,a8688a69-c164-4417-93f3-2fb619d2b5c7_VINOO_MANKAD,Rajat Patidar,Batter,RCB,0.0,0.0,0.0,0.0,0.0,0.0,0.0,0.0,0.0,0.0,0.0,0.0,0.0,0.0,0.0,0.0,0.0,0.0,0.0,0.0
1749,a8688a69-c164-4417-93f3-2fb619d2b5c7_DULEEP_TROPHY,Rajat Patidar,Batter,RCB,0.0,0.0,0.0,0.0,0.0,0.0,0.0,0.0,0.0,0.0,0.0,0.0,0.0,0.0,0.0,0.0,0.0,0.0,0.0,0.0
1750,a8688a69-c164-4417-93f3-2fb619d2b5c7_RANJI_TROPHY,Rajat Patidar,Batter,RCB,0.0,0.0,0.0,0.0,0.0,0.0,0.0,0.0,0.0,0.0,0.0,0.0,0.0,0.0,0.0,0.0,0.0,0.0,0.0,0.0
1751,a8688a69-c164-4417-93f3-2fb619d2b5c7_BBL,Rajat Patidar,Batter,RCB,0.0,0.0,0.0,0.0,0.0,0.0,0.0,0.0,0.0,0.0,0.0,0.0,0.0,0.0,0.0,0.0,0.0,0.0,0.0,0.0
1752,a8688a69-c164-4417-93f3-2fb619d2b5c7_CPL,Rajat Patidar,Batter,RCB,0.0,0.0,0.0,0.0,0.0,0.0,0.0,0.0,0.0,0.0,0.0,0.0,0.0,0.0,0.0,0.0,0.0,0.0,0.0,0.0
1753,a8688a69-c164-4417-93f3-2fb619d2b5c7_SA20,Rajat Patidar,Batter,RCB,0.0,0.0,0.0,0.0,0.0,0.0,0.0,0.0,0.0,0.0,0.0,0.0,0.0,0.0,0.0,0.0,0.0,0.0,0.0,0.0
1754,a8688a69-c164-4417-93f3-2fb619d2b5c7_ILT20,Rajat Patidar,Batter,RCB,0.0,0.0,0.0,0.0,0.0,0.0,0.0,0.0,0.0,0.0,0.0,0.0,0.0,0.0,0.0,0.0,0.0,0.0,0.0,0.0
1755,197e72b1-98b8-49bf-b452-daa02138c219_IPL,Virat Kohli,Batter,RCB,0.0,0.0,0.0,0.0,0.0,0.0,0.0,0.0,0.0,0.0,0.0,0.0,0.0,0.0,0.0,0.0,0.0,0.0,0.0,0.0
1756,197e72b1-98b8-49bf-b452-daa02138c219_T20I,Virat Kohli,Batter,RCB,0.0,0.0,0.0,0.0,0.0,0.0,0.0,0.0,0.0,0.0,0.0,0.0,0.0,0.0,0.0,0.0,0.0,0.0,0.0,0.0
1757,197e72b1-98b8-49bf-b452-daa02138c219_ODI,Virat Kohli,Batter,RCB,0.0,0.0,0.0,0.0,0.0,0.0,0.0,0.0,0.0,0.0,0.0,0.0,0.0,0.0,0.0,0.0,0.0,0.0,0.0,0.0
1758,197e72b1-98b8-49bf-b452-daa02138c219_STATE_T20,Virat Kohli,Batter,RCB,0.0,0.0,0.0,0.0,0.0,0.0,0.0,0.0,0.0,0.0,0.0,0.0,0.0,0.0,0.0,0.0,0.0,0.0,0.0,0.0
1759,197e72b1-98b8-49bf-b452-daa02138c219_SMAT_ELITE,Virat Kohli,Batter,RCB,0.0,0.0,0.0,0.0,0.0,0.0,0.0,0.0,0.0,0.0,0.0,0.0,0.0,0.0,0.0,0.0,0.0,0.0,0.0,0.0
1760,197e72b1-98b8-49bf-b452-daa02138c219_VIJAY_HAZARE,Virat Kohli,Batter,RCB,0.0,0.0,0.0,0.0,0.0,0.0,0.0,0.0,0.0,0.0,0.0,0.0,0.0,0.0,0.0,0.0,0.0,0.0,0.0,0.0
1761,197e72b1-98b8-49bf-b452-daa02138c219_VINOO_MANKAD,Virat Kohli,Batter,RCB,0.0,0.0,0.0,0.0,0.0,0.0,0.0,0.0,0.0,0.0,0.0,0.0,0.0,0.0,0.0,0.0,0.0,0.0,0.0,0.0
1762,197e72b1-98b8-49bf-b452-daa02138c219_DULEEP_TROPHY,Virat Kohli,Batter,RCB,0.0,0.0,0.0,0.0,0.0,0.0,0.0,0.0,0.0,0.0,0.0,0.0,0.0,0.0,0.0,0.0,0.0,0.0,0.0,0.0
1763,197e72b1-98b8-49bf-b452-daa02138c219_RANJI_TROPHY,Virat Kohli,Batter,RCB,0.0,0.0,0.0,0.0,0.0,0.0,0.0,0.0,0.0,0.0,0.0,0.0,0.0,0.0,0.0,0.0,0.0,0.0,0.0,0.0
1764,197e72b1-98b8-49bf-b452-daa02138c219_BBL,Virat Kohli,Batter,RCB,0.0,0.0,0.0,0.0,0.0,0.0,0.0,0.0,0.0,0.0,0.0,0.0,0.0,0.0,0.0,0.0,0.0,0.0,0.0,0.0
1765,197e72b1-98b8-49bf-b452-daa02138c219_CPL,Virat Kohli,Batter,RCB,0.0,0.0,0.0,0.0,0.0,0.0,0.0,0.0,0.0,0.0,0.0,0.0,0.0,0.0,0.0,0.0,0.0,0.0,0.0,0.0
1766,197e72b1-98b8-49bf-b452-daa02138c219_SA20,Virat Kohli,Batter,RCB,0.0,0.0,0.0,0.0,0.0,0.0,0.0,0.0,0.0,0.0,0.0,0.0,0.0,0.0,0.0,0.0,0.0,0.0,0.0,0.0
1767,197e72b1-98b8-49bf-b452-daa02138c219_ILT20,Virat Kohli,Batter,RCB,0.0,0.0,0.0,0.0,0.0,0.0,0.0,0.0,0.0,0.0,0.0,0.0,0.0,0.0,0.0,0.0,0.0,0.0,0.0,0.0
1768,8311a83c-65c5-450d-8821-66cb29e7a7ac_IPL,Phil Salt,WK-Batter,RCB,0.0,0.0,0.0,0.0,0.0,0.0,0.0,0.0,0.0,0.0,0.0,0.0,0.0,0.0,0.0,0.0,0.0,0.0,0.0,0.0
1769,8311a83c-65c5-450d-8821-66cb29e7a7ac_T20I,Phil Salt,WK-Batter,RCB,0.0,0.0,0.0,0.0,0.0,0.0,0.0,0.0,0.0,0.0,0.0,0.0,0.0,0.0,0.0,0.0,0.0,0.0,0.0,0.0
1770,8311a83c-65c5-450d-8821-66cb29e7a7ac_ODI,Phil Salt,WK-Batter,RCB,0.0,0.0,0.0,0.0,0.0,0.0,0.0,0.0,0.0,0.0,0.0,0.0,0.0,0.0,0.0,0.0,0.0,0.0,0.0,0.0
1771,8311a83c-65c5-450d-8821-66cb29e7a7ac_STATE_T20,Phil Salt,WK-Batter,RCB,0.0,0.0,0.0,0.0,0.0,0.0,0.0,0.0,0.0,0.0,0.0,0.0,0.0,0.0,0.0,0.0,0.0,0.0,0.0,0.0
1772,8311a83c-65c5-450d-8821-66cb29e7a7ac_SMAT_ELITE,Phil Salt,WK-Batter,RCB,0.0,0.0,0.0,0.0,0.0,0.0,0.0,0.0,0.0,0.0,0.0,0.0,0.0,0.0,0.0,0.0,0.0,0.0,0.0,0.0
1773,8311a83c-65c5-450d-8821-66cb29e7a7ac_VIJAY_HAZARE,Phil Salt,WK-Batter,RCB,0.0,0.0,0.0,0.0,0.0,0.0,0.0,0.0,0.0,0.0,0.0,0.0,0.0,0.0,0.0,0.0,0.0,0.0,0.0,0.0
1774,8311a83c-65c5-450d-8821-66cb29e7a7ac_VINOO_MANKAD,Phil Salt,WK-Batter,RCB,0.0,0.0,0.0,0.0,0.0,0.0,0.0,0.0,0.0,0.0,0.0,0.0,0.0,0.0,0.0,0.0,0.0,0.0,0.0,0.0
1775,8311a83c-65c5-450d-8821-66cb29e7a7ac_DULEEP_TROPHY,Phil Salt,WK-Batter,RCB,0.0,0.0,0.0,0.0,0.0,0.0,0.0,0.0,0.0,0.0,0.0,0.0,0.0,0.0,0.0,0.0,0.0,0.0,0.0,0.0
1776,8311a83c-65c5-450d-8821-66cb29e7a7ac_RANJI_TROPHY,Phil Salt,WK-Batter,RCB,0.0,0.0,0.0,0.0,0.0,0.0,0.0,0.0,0.0,0.0,0.0,0.0,0.0,0.0,0.0,0.0,0.0,0.0,0.0,0.0
1777,8311a83c-65c5-450d-8821-66cb29e7a7ac_BBL,Phil Salt,WK-Batter,RCB,0.0,0.0,0.0,0.0,0.0,0.0,0.0,0.0,0.0,0.0,0.0,0.0,0.0,0.0,0.0,0.0,0.0,0.0,0.0,0.0
1778,8311a83c-65c5-450d-8821-66cb29e7a7ac_CPL,Phil Salt,WK-Batter,RCB,0.0,0.0,0.0,0.0,0.0,0.0,0.0,0.0,0.0,0.0,0.0,0.0,0.0,0.0,0.0,0.0,0.0,0.0,0.0,0.0
1779,8311a83c-65c5-450d-8821-66cb29e7a7ac_SA20,Phil Salt,WK-Batter,RCB,0.0,0.0,0.0,0.0,0.0,0.0,0.0,0.0,0.0,0.0,0.0,0.0,0.0,0.0,0.0,0.0,0.0,0.0,0.0,0.0
1780,8311a83c-65c5-450d-8821-66cb29e7a7ac_ILT20,Phil Salt,WK-Batter,RCB,0.0,0.0,0.0,0.0,0.0,0.0,0.0,0.0,0.0,0.0,0.0,0.0,0.0,0.0,0.0,0.0,0.0,0.0,0.0,0.0
1781,4f49dd72-ab91-4df1-9de8-900314eb38d9_IPL,Jitesh Sharma,WK-Batter,RCB,0.0,0.0,0.0,0.0,0.0,0.0,0.0,0.0,0.0,0.0,0.0,0.0,0.0,0.0,0.0,0.0,0.0,0.0,0.0,0.0
1782,4f49dd72-ab91-4df1-9de8-900314eb38d9_T20I,Jitesh Sharma,WK-Batter,RCB,0.0,0.0,0.0,0.0,0.0,0.0,0.0,0.0,0.0,0.0,0.0,0.0,0.0,0.0,0.0,0.0,0.0,0.0,0.0,0.0
1783,4f49dd72-ab91-4df1-9de8-900314eb38d9_ODI,Jitesh Sharma,WK-Batter,RCB,0.0,0.0,0.0,0.0,0.0,0.0,0.0,0.0,0.0,0.0,0.0,0.0,0.0,0.0,0.0,0.0,0.0,0.0,0.0,0.0
1784,4f49dd72-ab91-4df1-9de8-900314eb38d9_STATE_T20,Jitesh Sharma,WK-Batter,RCB,0.0,0.0,0.0,0.0,0.0,0.0,0.0,0.0,0.0,0.0,0.0,0.0,0.0,0.0,0.0,0.0,0.0,0.0,0.0,0.0
1785,4f49dd72-ab91-4df1-9de8-900314eb38d9_SMAT_ELITE,Jitesh Sharma,WK-Batter,RCB,0.0,0.0,0.0,0.0,0.0,0.0,0.0,0.0,0.0,0.0,0.0,0.0,0.0,0.0,0.0,0.0,0.0,0.0,0.0,0.0
1786,4f49dd72-ab91-4df1-9de8-900314eb38d9_VIJAY_HAZARE,Jitesh Sharma,WK-Batter,RCB,0.0,0.0,0.0,0.0,0.0,0.0,0.0,0.0,0.0,0.0,0.0,0.0,0.0,0.0,0.0,0.0,0.0,0.0,0.0,0.0
1787,4f49dd72-ab91-4df1-9de8-900314eb38d9_VINOO_MANKAD,Jitesh Sharma,WK-Batter,RCB,0.0,0.0,0.0,0.0,0.0,0.0,0.0,0.0,0.0,0.0,0.0,0.0,0.0,0.0,0.0,0.0,0.0,0.0,0.0,0.0
1788,4f49dd72-ab91-4df1-9de8-900314eb38d9_DULEEP_TROPHY,Jitesh Sharma,WK-Batter,RCB,0.0,0.0,0.0,0.0,0.0,0.0,0.0,0.0,0.0,0.0,0.0,0.0,0.0,0.0,0.0,0.0,0.0,0.0,0.0,0.0
1789,4f49dd72-ab91-4df1-9de8-900314eb38d9_RANJI_TROPHY,Jitesh Sharma,WK-Batter,RCB,0.0,0.0,0.0,0.0,0.0,0.0,0.0,0.0,0.0,0.0,0.0,0.0,0.0,0.0,0.0,0.0,0.0,0.0,0.0,0.0
1790,4f49dd72-ab91-4df1-9de8-900314eb38d9_BBL,Jitesh Sharma,WK-Batter,RCB,0.0,0.0,0.0,0.0,0.0,0.0,0.0,0.0,0.0,0.0,0.0,0.0,0.0,0.0,0.0,0.0,0.0,0.0,0.0,0.0
1791,4f49dd72-ab91-4df1-9de8-900314eb38d9_CPL,Jitesh Sharma,WK-Batter,RCB,0.0,0.0,0.0,0.0,0.0,0.0,0.0,0.0,0.0,0.0,0.0,0.0,0.0,0.0,0.0,0.0,0.0,0.0,0.0,0.0
1792,4f49dd72-ab91-4df1-9de8-900314eb38d9_SA20,Jitesh Sharma,WK-Batter,RCB,0.0,0.0,0.0,0.0,0.0,0.0,0.0,0.0,0.0,0.0,0.0,0.0,0.0,0.0,0.0,0.0,0.0,0.0,0.0,0.0
1793,4f49dd72-ab91-4df1-9de8-900314eb38d9_ILT20,Jitesh Sharma,WK-Batter,RCB,0.0,0.0,0.0,0.0,0.0,0.0,0.0,0.0,0.0,0.0,0.0,0.0,0.0,0.0,0.0,0.0,0.0,0.0,0.0,0.0
1794,270fdf0c-b6aa-448c-a2e3-291ffefffb32_IPL,Swastik Chhikara,Batter,RCB,0.0,0.0,0.0,0.0,0.0,0.0,0.0,0.0,0.0,0.0,0.0,0.0,0.0,0.0,0.0,0.0,0.0,0.0,0.0,0.0
1795,270fdf0c-b6aa-448c-a2e3-291ffefffb32_T20I,Swastik Chhikara,Batter,RCB,0.0,0.0,0.0,0.0,0.0,0.0,0.0,0.0,0.0,0.0,0.0,0.0,0.0,0.0,0.0,0.0,0.0,0.0,0.0,0.0
1796,270fdf0c-b6aa-448c-a2e3-291ffefffb32_ODI,Swastik Chhikara,Batter,RCB,0.0,0.0,0.0,0.0,0.0,0.0,0.0,0.0,0.0,0.0,0.0,0.0,0.0,0.0,0.0,0.0,0.0,0.0,0.0,0.0
1797,270fdf0c-b6aa-448c-a2e3-291ffefffb32_STATE_T20,Swastik Chhikara,Batter,RCB,0.0,0.0,0.0,0.0,0.0,0.0,0.0,0.0,0.0,0.0,0.0,0.0,0.0,0.0,0.0,0.0,0.0,0.0,0.0,0.0
1798,270fdf0c-b6aa-448c-a2e3-291ffefffb32_SMAT_ELITE,Swastik Chhikara,Batter,RCB,0.0,0.0,0.0,0.0,0.0,0.0,0.0,0.0,0.0,0.0,0.0,0.0,0.0,0.0,0.0,0.0,0.0,0.0,0.0,0.0
1799,270fdf0c-b6aa-448c-a2e3-291ffefffb32_VIJAY_HAZARE,Swastik Chhikara,Batter,RCB,0.0,0.0,0.0,0.0,0.0,0.0,0.0,0.0,0.0,0.0,0.0,0.0,0.0,0.0,0.0,0.0,0.0,0.0,0.0,0.0
1800,270fdf0c-b6aa-448c-a2e3-291ffefffb32_VINOO_MANKAD,Swastik Chhikara,Batter,RCB,0.0,0.0,0.0,0.0,0.0,0.0,0.0,0.0,0.0,0.0,0.0,0.0,0.0,0.0,0.0,0.0,0.0,0.0,0.0,0.0
1801,270fdf0c-b6aa-448c-a2e3-291ffefffb32_DULEEP_TROPHY,Swastik Chhikara,Batter,RCB,0.0,0.0,0.0,0.0,0.0,0.0,0.0,0.0,0.0,0.0,0.0,0.0,0.0,0.0,0.0,0.0,0.0,0.0,0.0,0.0
1802,270fdf0c-b6aa-448c-a2e3-291ffefffb32_RANJI_TROPHY,Swastik Chhikara,Batter,RCB,0.0,0.0,0.0,0.0,0.0,0.0,0.0,0.0,0.0,0.0,0.0,0.0,0.0,0.0,0.0,0.0,0.0,0.0,0.0,0.0
1803,270fdf0c-b6aa-448c-a2e3-291ffefffb32_BBL,Swastik Chhikara,Batter,RCB,0.0,0.0,0.0,0.0,0.0,0.0,0.0,0.0,0.0,0.0,0.0,0.0,0.0,0.0,0.0,0.0,0.0,0.0,0.0,0.0
1804,270fdf0c-b6aa-448c-a2e3-291ffefffb32_CPL,Swastik Chhikara,Batter,RCB,0.0,0.0,0.0,0.0,0.0,0.0,0.0,0.0,0.0,0.0,0.0,0.0,0.0,0.0,0.0,0.0,0.0,0.0,0.0,0.0
1805,270fdf0c-b6aa-448c-a2e3-291ffefffb32_SA20,Swastik Chhikara,Batter,RCB,0.0,0.0,0.0,0.0,0.0,0.0,0.0,0.0,0.0,0.0,0.0,0.0,0.0,0.0,0.0,0.0,0.0,0.0,0.0,0.0
1806,270fdf0c-b6aa-448c-a2e3-291ffefffb32_ILT20,Swastik Chhikara,Batter,RCB,0.0,0.0,0.0,0.0,0.0,0.0,0.0,0.0,0.0,0.0,0.0,0.0,0.0,0.0,0.0,0.0,0.0,0.0,0.0,0.0
1807,a6f80f54-927c-4337-99c5-049e465a3092_IPL,Tim Seifert,WK-Batter,RCB,0.0,0.0,0.0,0.0,0.0,0.0,0.0,0.0,0.0,0.0,0.0,0.0,0.0,0.0,0.0,0.0,0.0,0.0,0.0,0.0
1808,a6f80f54-927c-4337-99c5-049e465a3092_T20I,Tim Seifert,WK-Batter,RCB,0.0,0.0,0.0,0.0,0.0,0.0,0.0,0.0,0.0,0.0,0.0,0.0,0.0,0.0,0.0,0.0,0.0,0.0,0.0,0.0
1809,a6f80f54-927c-4337-99c5-049e465a3092_ODI,Tim Seifert,WK-Batter,RCB,0.0,0.0,0.0,0.0,0.0,0.0,0.0,0.0,0.0,0.0,0.0,0.0,0.0,0.0,0.0,0.0,0.0,0.0,0.0,0.0
1810,a6f80f54-927c-4337-99c5-049e465a3092_STATE_T20,Tim Seifert,WK-Batter,RCB,0.0,0.0,0.0,0.0,0.0,0.0,0.0,0.0,0.0,0.0,0.0,0.0,0.0,0.0,0.0,0.0,0.0,0.0,0.0,0.0
1811,a6f80f54-927c-4337-99c5-049e465a3092_SMAT_ELITE,Tim Seifert,WK-Batter,RCB,0.0,0.0,0.0,0.0,0.0,0.0,0.0,0.0,0.0,0.0,0.0,0.0,0.0,0.0,0.0,0.0,0.0,0.0,0.0,0.0
1812,a6f80f54-927c-4337-99c5-049e465a3092_VIJAY_HAZARE,Tim Seifert,WK-Batter,RCB,0.0,0.0,0.0,0.0,0.0,0.0,0.0,0.0,0.0,0.0,0.0,0.0,0.0,0.0,0.0,0.0,0.0,0.0,0.0,0.0
1813,a6f80f54-927c-4337-99c5-049e465a3092_VINOO_MANKAD,Tim Seifert,WK-Batter,RCB,0.0,0.0,0.0,0.0,0.0,0.0,0.0,0.0,0.0,0.0,0.0,0.0,0.0,0.0,0.0,0.0,0.0,0.0,0.0,0.0
1814,a6f80f54-927c-4337-99c5-049e465a3092_DULEEP_TROPHY,Tim Seifert,WK-Batter,RCB,0.0,0.0,0.0,0.0,0.0,0.0,0.0,0.0,0.0,0.0,0.0,0.0,0.0,0.0,0.0,0.0,0.0,0.0,0.0,0.0
1815,a6f80f54-927c-4337-99c5-049e465a3092_RANJI_TROPHY,Tim Seifert,WK-Batter,RCB,0.0,0.0,0.0,0.0,0.0,0.0,0.0,0.0,0.0,0.0,0.0,0.0,0.0,0.0,0.0,0.0,0.0,0.0,0.0,0.0
1816,a6f80f54-927c-4337-99c5-049e465a3092_BBL,Tim Seifert,WK-Batter,RCB,0.0,0.0,0.0,0.0,0.0,0.0,0.0,0.0,0.0,0.0,0.0,0.0,0.0,0.0,0.0,0.0,0.0,0.0,0.0,0.0
1817,a6f80f54-927c-4337-99c5-049e465a3092_CPL,Tim Seifert,WK-Batter,RCB,0.0,0.0,0.0,0.0,0.0,0.0,0.0,0.0,0.0,0.0,0.0,0.0,0.0,0.0,0.0,0.0,0.0,0.0,0.0,0.0
1818,a6f80f54-927c-4337-99c5-049e465a3092_SA20,Tim Seifert,WK-Batter,RCB,0.0,0.0,0.0,0.0,0.0,0.0,0.0,0.0,0.0,0.0,0.0,0.0,0.0,0.0,0.0,0.0,0.0,0.0,0.0,0.0
1819,a6f80f54-927c-4337-99c5-049e465a3092_ILT20,Tim Seifert,WK-Batter,RCB,0.0,0.0,0.0,0.0,0.0,0.0,0.0,0.0,0.0,0.0,0.0,0.0,0.0,0.0,0.0,0.0,0.0,0.0,0.0,0.0
1820,4d005e1c-af18-4c2b-8271-ece44b1cafa8_IPL,Mayank Agarwal,Batter,RCB,0.0,0.0,0.0,0.0,0.0,0.0,0.0,0.0,0.0,0.0,0.0,0.0,0.0,0.0,0.0,0.0,0.0,0.0,0.0,0.0
1821,4d005e1c-af18-4c2b-8271-ece44b1cafa8_T20I,Mayank Agarwal,Batter,RCB,0.0,0.0,0.0,0.0,0.0,0.0,0.0,0.0,0.0,0.0,0.0,0.0,0.0,0.0,0.0,0.0,0.0,0.0,0.0,0.0
1822,4d005e1c-af18-4c2b-8271-ece44b1cafa8_ODI,Mayank Agarwal,Batter,RCB,0.0,0.0,0.0,0.0,0.0,0.0,0.0,0.0,0.0,0.0,0.0,0.0,0.0,0.0,0.0,0.0,0.0,0.0,0.0,0.0
1823,4d005e1c-af18-4c2b-8271-ece44b1cafa8_STATE_T20,Mayank Agarwal,Batter,RCB,0.0,0.0,0.0,0.0,0.0,0.0,0.0,0.0,0.0,0.0,0.0,0.0,0.0,0.0,0.0,0.0,0.0,0.0,0.0,0.0
1824,4d005e1c-af18-4c2b-8271-ece44b1cafa8_SMAT_ELITE,Mayank Agarwal,Batter,RCB,0.0,0.0,0.0,0.0,0.0,0.0,0.0,0.0,0.0,0.0,0.0,0.0,0.0,0.0,0.0,0.0,0.0,0.0,0.0,0.0
1825,4d005e1c-af18-4c2b-8271-ece44b1cafa8_VIJAY_HAZARE,Mayank Agarwal,Batter,RCB,0.0,0.0,0.0,0.0,0.0,0.0,0.0,0.0,0.0,0.0,0.0,0.0,0.0,0.0,0.0,0.0,0.0,0.0,0.0,0.0
1826,4d005e1c-af18-4c2b-8271-ece44b1cafa8_VINOO_MANKAD,Mayank Agarwal,Batter,RCB,0.0,0.0,0.0,0.0,0.0,0.0,0.0,0.0,0.0,0.0,0.0,0.0,0.0,0.0,0.0,0.0,0.0,0.0,0.0,0.0
1827,4d005e1c-af18-4c2b-8271-ece44b1cafa8_DULEEP_TROPHY,Mayank Agarwal,Batter,RCB,0.0,0.0,0.0,0.0,0.0,0.0,0.0,0.0,0.0,0.0,0.0,0.0,0.0,0.0,0.0,0.0,0.0,0.0,0.0,0.0
1828,4d005e1c-af18-4c2b-8271-ece44b1cafa8_RANJI_TROPHY,Mayank Agarwal,Batter,RCB,0.0,0.0,0.0,0.0,0.0,0.0,0.0,0.0,0.0,0.0,0.0,0.0,0.0,0.0,0.0,0.0,0.0,0.0,0.0,0.0
1829,4d005e1c-af18-4c2b-8271-ece44b1cafa8_BBL,Mayank Agarwal,Batter,RCB,0.0,0.0,0.0,0.0,0.0,0.0,0.0,0.0,0.0,0.0,0.0,0.0,0.0,0.0,0.0,0.0,0.0,0.0,0.0,0.0
1830,4d005e1c-af18-4c2b-8271-ece44b1cafa8_CPL,Mayank Agarwal,Batter,RCB,0.0,0.0,0.0,0.0,0.0,0.0,0.0,0.0,0.0,0.0,0.0,0.0,0.0,0.0,0.0,0.0,0.0,0.0,0.0,0.0
1831,4d005e1c-af18-4c2b-8271-ece44b1cafa8_SA20,Mayank Agarwal,Batter,RCB,0.0,0.0,0.0,0.0,0.0,0.0,0.0,0.0,0.0,0.0,0.0,0.0,0.0,0.0,0.0,0.0,0.0,0.0,0.0,0.0
1832,4d005e1c-af18-4c2b-8271-ece44b1cafa8_ILT20,Mayank Agarwal,Batter,RCB,0.0,0.0,0.0,0.0,0.0,0.0,0.0,0.0,0.0,0.0,0.0,0.0,0.0,0.0,0.0,0.0,0.0,0.0,0.0,0.0
1833,d8b203f8-0cd4-4d5c-9ae6-4fa467c0d8f1_IPL,Liam Livingstone,All-Rounder,RCB,0.0,0.0,0.0,0.0,0.0,0.0,0.0,0.0,0.0,0.0,0.0,0.0,0.0,0.0,0.0,0.0,0.0,0.0,0.0,0.0
1834,d8b203f8-0cd4-4d5c-9ae6-4fa467c0d8f1_T20I,Liam Livingstone,All-Rounder,RCB,0.0,0.0,0.0,0.0,0.0,0.0,0.0,0.0,0.0,0.0,0.0,0.0,0.0,0.0,0.0,0.0,0.0,0.0,0.0,0.0
1835,d8b203f8-0cd4-4d5c-9ae6-4fa467c0d8f1_ODI,Liam Livingstone,All-Rounder,RCB,0.0,0.0,0.0,0.0,0.0,0.0,0.0,0.0,0.0,0.0,0.0,0.0,0.0,0.0,0.0,0.0,0.0,0.0,0.0,0.0
1836,d8b203f8-0cd4-4d5c-9ae6-4fa467c0d8f1_STATE_T20,Liam Livingstone,All-Rounder,RCB,0.0,0.0,0.0,0.0,0.0,0.0,0.0,0.0,0.0,0.0,0.0,0.0,0.0,0.0,0.0,0.0,0.0,0.0,0.0,0.0
1837,d8b203f8-0cd4-4d5c-9ae6-4fa467c0d8f1_SMAT_ELITE,Liam Livingstone,All-Rounder,RCB,0.0,0.0,0.0,0.0,0.0,0.0,0.0,0.0,0.0,0.0,0.0,0.0,0.0,0.0,0.0,0.0,0.0,0.0,0.0,0.0
1838,d8b203f8-0cd4-4d5c-9ae6-4fa467c0d8f1_VIJAY_HAZARE,Liam Livingstone,All-Rounder,RCB,0.0,0.0,0.0,0.0,0.0,0.0,0.0,0.0,0.0,0.0,0.0,0.0,0.0,0.0,0.0,0.0,0.0,0.0,0.0,0.0
1839,d8b203f8-0cd4-4d5c-9ae6-4fa467c0d8f1_VINOO_MANKAD,Liam Livingstone,All-Rounder,RCB,0.0,0.0,0.0,0.0,0.0,0.0,0.0,0.0,0.0,0.0,0.0,0.0,0.0,0.0,0.0,0.0,0.0,0.0,0.0,0.0
1840,d8b203f8-0cd4-4d5c-9ae6-4fa467c0d8f1_DULEEP_TROPHY,Liam Livingstone,All-Rounder,RCB,0.0,0.0,0.0,0.0,0.0,0.0,0.0,0.0,0.0,0.0,0.0,0.0,0.0,0.0,0.0,0.0,0.0,0.0,0.0,0.0
1841,d8b203f8-0cd4-4d5c-9ae6-4fa467c0d8f1_RANJI_TROPHY,Liam Livingstone,All-Rounder,RCB,0.0,0.0,0.0,0.0,0.0,0.0,0.0,0.0,0.0,0.0,0.0,0.0,0.0,0.0,0.0,0.0,0.0,0.0,0.0,0.0
1842,d8b203f8-0cd4-4d5c-9ae6-4fa467c0d8f1_BBL,Liam Livingstone,All-Rounder,RCB,0.0,0.0,0.0,0.0,0.0,0.0,0.0,0.0,0.0,0.0,0.0,0.0,0.0,0.0,0.0,0.0,0.0,0.0,0.0,0.0
1843,d8b203f8-0cd4-4d5c-9ae6-4fa467c0d8f1_CPL,Liam Livingstone,All-Rounder,RCB,0.0,0.0,0.0,0.0,0.0,0.0,0.0,0.0,0.0,0.0,0.0,0.0,0.0,0.0,0.0,0.0,0.0,0.0,0.0,0.0
1844,d8b203f8-0cd4-4d5c-9ae6-4fa467c0d8f1_SA20,Liam Livingstone,All-Rounder,RCB,0.0,0.0,0.0,0.0,0.0,0.0,0.0,0.0,0.0,0.0,0.0,0.0,0.0,0.0,0.0,0.0,0.0,0.0,0.0,0.0
1845,d8b203f8-0cd4-4d5c-9ae6-4fa467c0d8f1_ILT20,Liam Livingstone,All-Rounder,RCB,0.0,0.0,0.0,0.0,0.0,0.0,0.0,0.0,0.0,0.0,0.0,0.0,0.0,0.0,0.0,0.0,0.0,0.0,0.0,0.0
1846,6ceb7c73-920f-4041-89e4-1295968bdc1e_IPL,Krunal Pandya,All-Rounder,RCB,0.0,0.0,0.0,0.0,0.0,0.0,0.0,0.0,0.0,0.0,0.0,0.0,0.0,0.0,0.0,0.0,0.0,0.0,0.0,0.0
1847,6ceb7c73-920f-4041-89e4-1295968bdc1e_T20I,Krunal Pandya,All-Rounder,RCB,0.0,0.0,0.0,0.0,0.0,0.0,0.0,0.0,0.0,0.0,0.0,0.0,0.0,0.0,0.0,0.0,0.0,0.0,0.0,0.0
1848,6ceb7c73-920f-4041-89e4-1295968bdc1e_ODI,Krunal Pandya,All-Rounder,RCB,0.0,0.0,0.0,0.0,0.0,0.0,0.0,0.0,0.0,0.0,0.0,0.0,0.0,0.0,0.0,0.0,0.0,0.0,0.0,0.0
1849,6ceb7c73-920f-4041-89e4-1295968bdc1e_STATE_T20,Krunal Pandya,All-Rounder,RCB,0.0,0.0,0.0,0.0,0.0,0.0,0.0,0.0,0.0,0.0,0.0,0.0,0.0,0.0,0.0,0.0,0.0,0.0,0.0,0.0
1850,6ceb7c73-920f-4041-89e4-1295968bdc1e_SMAT_ELITE,Krunal Pandya,All-Rounder,RCB,0.0,0.0,0.0,0.0,0.0,0.0,0.0,0.0,0.0,0.0,0.0,0.0,0.0,0.0,0.0,0.0,0.0,0.0,0.0,0.0
1851,6ceb7c73-920f-4041-89e4-1295968bdc1e_VIJAY_HAZARE,Krunal Pandya,All-Rounder,RCB,0.0,0.0,0.0,0.0,0.0,0.0,0.0,0.0,0.0,0.0,0.0,0.0,0.0,0.0,0.0,0.0,0.0,0.0,0.0,0.0
1852,6ceb7c73-920f-4041-89e4-1295968bdc1e_VINOO_MANKAD,Krunal Pandya,All-Rounder,RCB,0.0,0.0,0.0,0.0,0.0,0.0,0.0,0.0,0.0,0.0,0.0,0.0,0.0,0.0,0.0,0.0,0.0,0.0,0.0,0.0
1853,6ceb7c73-920f-4041-89e4-1295968bdc1e_DULEEP_TROPHY,Krunal Pandya,All-Rounder,RCB,0.0,0.0,0.0,0.0,0.0,0.0,0.0,0.0,0.0,0.0,0.0,0.0,0.0,0.0,0.0,0.0,0.0,0.0,0.0,0.0
1854,6ceb7c73-920f-4041-89e4-1295968bdc1e_RANJI_TROPHY,Krunal Pandya,All-Rounder,RCB,0.0,0.0,0.0,0.0,0.0,0.0,0.0,0.0,0.0,0.0,0.0,0.0,0.0,0.0,0.0,0.0,0.0,0.0,0.0,0.0
1855,6ceb7c73-920f-4041-89e4-1295968bdc1e_BBL,Krunal Pandya,All-Rounder,RCB,0.0,0.0,0.0,0.0,0.0,0.0,0.0,0.0,0.0,0.0,0.0,0.0,0.0,0.0,0.0,0.0,0.0,0.0,0.0,0.0
1856,6ceb7c73-920f-4041-89e4-1295968bdc1e_CPL,Krunal Pandya,All-Rounder,RCB,0.0,0.0,0.0,0.0,0.0,0.0,0.0,0.0,0.0,0.0,0.0,0.0,0.0,0.0,0.0,0.0,0.0,0.0,0.0,0.0
1857,6ceb7c73-920f-4041-89e4-1295968bdc1e_SA20,Krunal Pandya,All-Rounder,RCB,0.0,0.0,0.0,0.0,0.0,0.0,0.0,0.0,0.0,0.0,0.0,0.0,0.0,0.0,0.0,0.0,0.0,0.0,0.0,0.0
1858,6ceb7c73-920f-4041-89e4-1295968bdc1e_ILT20,Krunal Pandya,All-Rounder,RCB,0.0,0.0,0.0,0.0,0.0,0.0,0.0,0.0,0.0,0.0,0.0,0.0,0.0,0.0,0.0,0.0,0.0,0.0,0.0,0.0
1859,4fe83158-d66c-4b53-a342-abd94c267642_IPL,Swapnil Singh,All-Rounder,RCB,0.0,0.0,0.0,0.0,0.0,0.0,0.0,0.0,0.0,0.0,0.0,0.0,0.0,0.0,0.0,0.0,0.0,0.0,0.0,0.0
1860,4fe83158-d66c-4b53-a342-abd94c267642_T20I,Swapnil Singh,All-Rounder,RCB,0.0,0.0,0.0,0.0,0.0,0.0,0.0,0.0,0.0,0.0,0.0,0.0,0.0,0.0,0.0,0.0,0.0,0.0,0.0,0.0
1861,4fe83158-d66c-4b53-a342-abd94c267642_ODI,Swapnil Singh,All-Rounder,RCB,0.0,0.0,0.0,0.0,0.0,0.0,0.0,0.0,0.0,0.0,0.0,0.0,0.0,0.0,0.0,0.0,0.0,0.0,0.0,0.0
1862,4fe83158-d66c-4b53-a342-abd94c267642_STATE_T20,Swapnil Singh,All-Rounder,RCB,0.0,0.0,0.0,0.0,0.0,0.0,0.0,0.0,0.0,0.0,0.0,0.0,0.0,0.0,0.0,0.0,0.0,0.0,0.0,0.0
1863,4fe83158-d66c-4b53-a342-abd94c267642_SMAT_ELITE,Swapnil Singh,All-Rounder,RCB,0.0,0.0,0.0,0.0,0.0,0.0,0.0,0.0,0.0,0.0,0.0,0.0,0.0,0.0,0.0,0.0,0.0,0.0,0.0,0.0
1864,4fe83158-d66c-4b53-a342-abd94c267642_VIJAY_HAZARE,Swapnil Singh,All-Rounder,RCB,0.0,0.0,0.0,0.0,0.0,0.0,0.0,0.0,0.0,0.0,0.0,0.0,0.0,0.0,0.0,0.0,0.0,0.0,0.0,0.0
1865,4fe83158-d66c-4b53-a342-abd94c267642_VINOO_MANKAD,Swapnil Singh,All-Rounder,RCB,0.0,0.0,0.0,0.0,0.0,0.0,0.0,0.0,0.0,0.0,0.0,0.0,0.0,0.0,0.0,0.0,0.0,0.0,0.0,0.0
1866,4fe83158-d66c-4b53-a342-abd94c267642_DULEEP_TROPHY,Swapnil Singh,All-Rounder,RCB,0.0,0.0,0.0,0.0,0.0,0.0,0.0,0.0,0.0,0.0,0.0,0.0,0.0,0.0,0.0,0.0,0.0,0.0,0.0,0.0
1867,4fe83158-d66c-4b53-a342-abd94c267642_RANJI_TROPHY,Swapnil Singh,All-Rounder,RCB,0.0,0.0,0.0,0.0,0.0,0.0,0.0,0.0,0.0,0.0,0.0,0.0,0.0,0.0,0.0,0.0,0.0,0.0,0.0,0.0
1868,4fe83158-d66c-4b53-a342-abd94c267642_BBL,Swapnil Singh,All-Rounder,RCB,0.0,0.0,0.0,0.0,0.0,0.0,0.0,0.0,0.0,0.0,0.0,0.0,0.0,0.0,0.0,0.0,0.0,0.0,0.0,0.0
1869,4fe83158-d66c-4b53-a342-abd94c267642_CPL,Swapnil Singh,All-Rounder,RCB,0.0,0.0,0.0,0.0,0.0,0.0,0.0,0.0,0.0,0.0,0.0,0.0,0.0,0.0,0.0,0.0,0.0,0.0,0.0,0.0
1870,4fe83158-d66c-4b53-a342-abd94c267642_SA20,Swapnil Singh,All-Rounder,RCB,0.0,0.0,0.0,0.0,0.0,0.0,0.0,0.0,0.0,0.0,0.0,0.0,0.0,0.0,0.0,0.0,0.0,0.0,0.0,0.0
1871,4fe83158-d66c-4b53-a342-abd94c267642_ILT20,Swapnil Singh,All-Rounder,RCB,0.0,0.0,0.0,0.0,0.0,0.0,0.0,0.0,0.0,0.0,0.0,0.0,0.0,0.0,0.0,0.0,0.0,0.0,0.0,0.0
1872,b10f3230-5003-4412-80de-7de9d95b8a70_IPL,Tim David,All-Rounder,RCB,0.0,0.0,0.0,0.0,0.0,0.0,0.0,0.0,0.0,0.0,0.0,0.0,0.0,0.0,0.0,0.0,0.0,0.0,0.0,0.0
1873,b10f3230-5003-4412-80de-7de9d95b8a70_T20I,Tim David,All-Rounder,RCB,0.0,0.0,0.0,0.0,0.0,0.0,0.0,0.0,0.0,0.0,0.0,0.0,0.0,0.0,0.0,0.0,0.0,0.0,0.0,0.0
1874,b10f3230-5003-4412-80de-7de9d95b8a70_ODI,Tim David,All-Rounder,RCB,0.0,0.0,0.0,0.0,0.0,0.0,0.0,0.0,0.0,0.0,0.0,0.0,0.0,0.0,0.0,0.0,0.0,0.0,0.0,0.0
1875,b10f3230-5003-4412-80de-7de9d95b8a70_STATE_T20,Tim David,All-Rounder,RCB,0.0,0.0,0.0,0.0,0.0,0.0,0.0,0.0,0.0,0.0,0.0,0.0,0.0,0.0,0.0,0.0,0.0,0.0,0.0,0.0
1876,b10f3230-5003-4412-80de-7de9d95b8a70_SMAT_ELITE,Tim David,All-Rounder,RCB,0.0,0.0,0.0,0.0,0.0,0.0,0.0,0.0,0.0,0.0,0.0,0.0,0.0,0.0,0.0,0.0,0.0,0.0,0.0,0.0
1877,b10f3230-5003-4412-80de-7de9d95b8a70_VIJAY_HAZARE,Tim David,All-Rounder,RCB,0.0,0.0,0.0,0.0,0.0,0.0,0.0,0.0,0.0,0.0,0.0,0.0,0.0,0.0,0.0,0.0,0.0,0.0,0.0,0.0
1878,b10f3230-5003-4412-80de-7de9d95b8a70_VINOO_MANKAD,Tim David,All-Rounder,RCB,0.0,0.0,0.0,0.0,0.0,0.0,0.0,0.0,0.0,0.0,0.0,0.0,0.0,0.0,0.0,0.0,0.0,0.0,0.0,0.0
1879,b10f3230-5003-4412-80de-7de9d95b8a70_DULEEP_TROPHY,Tim David,All-Rounder,RCB,0.0,0.0,0.0,0.0,0.0,0.0,0.0,0.0,0.0,0.0,0.0,0.0,0.0,0.0,0.0,0.0,0.0,0.0,0.0,0.0
1880,b10f3230-5003-4412-80de-7de9d95b8a70_RANJI_TROPHY,Tim David,All-Rounder,RCB,0.0,0.0,0.0,0.0,0.0,0.0,0.0,0.0,0.0,0.0,0.0,0.0,0.0,0.0,0.0,0.0,0.0,0.0,0.0,0.0
1881,b10f3230-5003-4412-80de-7de9d95b8a70_BBL,Tim David,All-Rounder,RCB,0.0,0.0,0.0,0.0,0.0,0.0,0.0,0.0,0.0,0.0,0.0,0.0,0.0,0.0,0.0,0.0,0.0,0.0,0.0,0.0
1882,b10f3230-5003-4412-80de-7de9d95b8a70_CPL,Tim David,All-Rounder,RCB,0.0,0.0,0.0,0.0,0.0,0.0,0.0,0.0,0.0,0.0,0.0,0.0,0.0,0.0,0.0,0.0,0.0,0.0,0.0,0.0
1883,b10f3230-5003-4412-80de-7de9d95b8a70_SA20,Tim David,All-Rounder,RCB,0.0,0.0,0.0,0.0,0.0,0.0,0.0,0.0,0.0,0.0,0.0,0.0,0.0,0.0,0.0,0.0,0.0,0.0,0.0,0.0
1884,b10f3230-5003-4412-80de-7de9d95b8a70_ILT20,Tim David,All-Rounder,RCB,0.0,0.0,0.0,0.0,0.0,0.0,0.0,0.0,0.0,0.0,0.0,0.0,0.0,0.0,0.0,0.0,0.0,0.0,0.0,0.0
1885,91889a04-00a6-4bff-b848-fd5ce0861f45_IPL,Romario Shepherd,All-Rounder,RCB,0.0,0.0,0.0,0.0,0.0,0.0,0.0,0.0,0.0,0.0,0.0,0.0,0.0,0.0,0.0,0.0,0.0,0.0,0.0,0.0
1886,91889a04-00a6-4bff-b848-fd5ce0861f45_T20I,Romario Shepherd,All-Rounder,RCB,0.0,0.0,0.0,0.0,0.0,0.0,0.0,0.0,0.0,0.0,0.0,0.0,0.0,0.0,0.0,0.0,0.0,0.0,0.0,0.0
1887,91889a04-00a6-4bff-b848-fd5ce0861f45_ODI,Romario Shepherd,All-Rounder,RCB,0.0,0.0,0.0,0.0,0.0,0.0,0.0,0.0,0.0,0.0,0.0,0.0,0.0,0.0,0.0,0.0,0.0,0.0,0.0,0.0
1888,91889a04-00a6-4bff-b848-fd5ce0861f45_STATE_T20,Romario Shepherd,All-Rounder,RCB,0.0,0.0,0.0,0.0,0.0,0.0,0.0,0.0,0.0,0.0,0.0,0.0,0.0,0.0,0.0,0.0,0.0,0.0,0.0,0.0
1889,91889a04-00a6-4bff-b848-fd5ce0861f45_SMAT_ELITE,Romario Shepherd,All-Rounder,RCB,0.0,0.0,0.0,0.0,0.0,0.0,0.0,0.0,0.0,0.0,0.0,0.0,0.0,0.0,0.0,0.0,0.0,0.0,0.0,0.0
1890,91889a04-00a6-4bff-b848-fd5ce0861f45_VIJAY_HAZARE,Romario Shepherd,All-Rounder,RCB,0.0,0.0,0.0,0.0,0.0,0.0,0.0,0.0,0.0,0.0,0.0,0.0,0.0,0.0,0.0,0.0,0.0,0.0,0.0,0.0
1891,91889a04-00a6-4bff-b848-fd5ce0861f45_VINOO_MANKAD,Romario Shepherd,All-Rounder,RCB,0.0,0.0,0.0,0.0,0.0,0.0,0.0,0.0,0.0,0.0,0.0,0.0,0.0,0.0,0.0,0.0,0.0,0.0,0.0,0.0
1892,91889a04-00a6-4bff-b848-fd5ce0861f45_DULEEP_TROPHY,Romario Shepherd,All-Rounder,RCB,0.0,0.0,0.0,0.0,0.0,0.0,0.0,0.0,0.0,0.0,0.0,0.0,0.0,0.0,0.0,0.0,0.0,0.0,0.0,0.0
1893,91889a04-00a6-4bff-b848-fd5ce0861f45_RANJI_TROPHY,Romario Shepherd,All-Rounder,RCB,0.0,0.0,0.0,0.0,0.0,0.0,0.0,0.0,0.0,0.0,0.0,0.0,0.0,0.0,0.0,0.0,0.0,0.0,0.0,0.0
1894,91889a04-00a6-4bff-b848-fd5ce0861f45_BBL,Romario Shepherd,All-Rounder,RCB,0.0,0.0,0.0,0.0,0.0,0.0,0.0,0.0,0.0,0.0,0.0,0.0,0.0,0.0,0.0,0.0,0.0,0.0,0.0,0.0
1895,91889a04-00a6-4bff-b848-fd5ce0861f45_CPL,Romario Shepherd,All-Rounder,RCB,0.0,0.0,0.0,0.0,0.0,0.0,0.0,0.0,0.0,0.0,0.0,0.0,0.0,0.0,0.0,0.0,0.0,0.0,0.0,0.0
1896,91889a04-00a6-4bff-b848-fd5ce0861f45_SA20,Romario Shepherd,All-Rounder,RCB,0.0,0.0,0.0,0.0,0.0,0.0,0.0,0.0,0.0,0.0,0.0,0.0,0.0,0.0,0.0,0.0,0.0,0.0,0.0,0.0
1897,91889a04-00a6-4bff-b848-fd5ce0861f45_ILT20,Romario Shepherd,All-Rounder,RCB,0.0,0.0,0.0,0.0,0.0,0.0,0.0,0.0,0.0,0.0,0.0,0.0,0.0,0.0,0.0,0.0,0.0,0.0,0.0,0.0
1898,44c1267e-0a0e-4b37-a6aa-ebf5eaabd15b_IPL,Manoj Bhandage,All-Rounder,RCB,0.0,0.0,0.0,0.0,0.0,0.0,0.0,0.0,0.0,0.0,0.0,0.0,0.0,0.0,0.0,0.0,0.0,0.0,0.0,0.0
1899,44c1267e-0a0e-4b37-a6aa-ebf5eaabd15b_T20I,Manoj Bhandage,All-Rounder,RCB,0.0,0.0,0.0,0.0,0.0,0.0,0.0,0.0,0.0,0.0,0.0,0.0,0.0,0.0,0.0,0.0,0.0,0.0,0.0,0.0
1900,44c1267e-0a0e-4b37-a6aa-ebf5eaabd15b_ODI,Manoj Bhandage,All-Rounder,RCB,0.0,0.0,0.0,0.0,0.0,0.0,0.0,0.0,0.0,0.0,0.0,0.0,0.0,0.0,0.0,0.0,0.0,0.0,0.0,0.0
1901,44c1267e-0a0e-4b37-a6aa-ebf5eaabd15b_STATE_T20,Manoj Bhandage,All-Rounder,RCB,0.0,0.0,0.0,0.0,0.0,0.0,0.0,0.0,0.0,0.0,0.0,0.0,0.0,0.0,0.0,0.0,0.0,0.0,0.0,0.0
1902,44c1267e-0a0e-4b37-a6aa-ebf5eaabd15b_SMAT_ELITE,Manoj Bhandage,All-Rounder,RCB,0.0,0.0,0.0,0.0,0.0,0.0,0.0,0.0,0.0,0.0,0.0,0.0,0.0,0.0,0.0,0.0,0.0,0.0,0.0,0.0
1903,44c1267e-0a0e-4b37-a6aa-ebf5eaabd15b_VIJAY_HAZARE,Manoj Bhandage,All-Rounder,RCB,0.0,0.0,0.0,0.0,0.0,0.0,0.0,0.0,0.0,0.0,0.0,0.0,0.0,0.0,0.0,0.0,0.0,0.0,0.0,0.0
1904,44c1267e-0a0e-4b37-a6aa-ebf5eaabd15b_VINOO_MANKAD,Manoj Bhandage,All-Rounder,RCB,0.0,0.0,0.0,0.0,0.0,0.0,0.0,0.0,0.0,0.0,0.0,0.0,0.0,0.0,0.0,0.0,0.0,0.0,0.0,0.0
1905,44c1267e-0a0e-4b37-a6aa-ebf5eaabd15b_DULEEP_TROPHY,Manoj Bhandage,All-Rounder,RCB,0.0,0.0,0.0,0.0,0.0,0.0,0.0,0.0,0.0,0.0,0.0,0.0,0.0,0.0,0.0,0.0,0.0,0.0,0.0,0.0
1906,44c1267e-0a0e-4b37-a6aa-ebf5eaabd15b_RANJI_TROPHY,Manoj Bhandage,All-Rounder,RCB,0.0,0.0,0.0,0.0,0.0,0.0,0.0,0.0,0.0,0.0,0.0,0.0,0.0,0.0,0.0,0.0,0.0,0.0,0.0,0.0
1907,44c1267e-0a0e-4b37-a6aa-ebf5eaabd15b_BBL,Manoj Bhandage,All-Rounder,RCB,0.0,0.0,0.0,0.0,0.0,0.0,0.0,0.0,0.0,0.0,0.0,0.0,0.0,0.0,0.0,0.0,0.0,0.0,0.0,0.0
1908,44c1267e-0a0e-4b37-a6aa-ebf5eaabd15b_CPL,Manoj Bhandage,All-Rounder,RCB,0.0,0.0,0.0,0.0,0.0,0.0,0.0,0.0,0.0,0.0,0.0,0.0,0.0,0.0,0.0,0.0,0.0,0.0,0.0,0.0
1909,44c1267e-0a0e-4b37-a6aa-ebf5eaabd15b_SA20,Manoj Bhandage,All-Rounder,RCB,0.0,0.0,0.0,0.0,0.0,0.0,0.0,0.0,0.0,0.0,0.0,0.0,0.0,0.0,0.0,0.0,0.0,0.0,0.0,0.0
1910,44c1267e-0a0e-4b37-a6aa-ebf5eaabd15b_ILT20,Manoj Bhandage,All-Rounder,RCB,0.0,0.0,0.0,0.0,0.0,0.0,0.0,0.0,0.0,0.0,0.0,0.0,0.0,0.0,0.0,0.0,0.0,0.0,0.0,0.0
