Player_Name,Kaggle_Match_Name,City,Sample_Innings,Sample_Balls,Confidence_Weight,Overall_Econ,City_Econ,City_Baseline_Econ,City_Deviation,Overall_Avg,City_Avg,Overall_SR,City_SR
Abdul Samad,Abdul Samad,Mumbai,1,12,0.0,8.5,8.0,9.73,0.0,17.0,0.0,12.0,0.0
Abhishek Sharma,Abhishek Sharma,Ahmedabad,1,12,0.0,8.72,13.0,9.7,0.0,42.17,0.0,29.0,0.0
Abhishek Sharma,Abhishek Sharma,Bengaluru,1,6,0.0,8.72,10.0,10.3,0.0,42.17,0.0,29.0,0.0
Abhishek Sharma,Abhishek Sharma,Delhi,1,18,0.0,8.72,8.67,10.16,0.0,42.17,26.0,29.0,18.0
Abhishek Sharma,Abhishek Sharma,Hyderabad,4,48,0.326,8.72,11.12,9.77,-0.213,42.17,89.0,29.0,48.0
Abhishek Sharma,Abhishek Sharma,Jaipur,1,12,0.0,8.72,8.0,9.51,0.0,42.17,0.0,29.0,0.0
Abhishek Sharma,Abhishek Sharma,Mumbai,2,18,0.0,8.72,8.0,9.73,0.0,42.17,0.0,29.0,0.0
Abhishek Sharma,Abhishek Sharma,Pune,1,6,0.0,8.72,15.0,8.78,0.0,42.17,0.0,29.0,0.0
Adam Zampa,Adam Zampa,Ahmedabad,1,48,0.326,8.55,8.0,9.7,0.049,23.5,16.0,16.5,12.0
Adam Zampa,Adam Zampa,Chennai,1,24,0.0,8.55,10.75,9.25,0.0,23.5,43.0,16.5,24.0
Adam Zampa,Adam Zampa,Dharamsala,1,24,0.0,8.55,6.5,9.52,0.0,23.5,26.0,16.5,24.0
Adam Zampa,Adam Zampa,Jaipur,3,60,0.387,8.55,8.8,9.51,-0.024,23.5,17.6,16.5,12.0
Akash Deep,Akash Deep,Bengaluru,1,18,0.0,11.9,9.67,10.3,0.0,45.57,29.0,23.43,18.0
Akash Deep,Akash Deep,Kolkata,1,12,0.0,11.9,17.0,10.68,0.0,45.57,0.0,23.43,0.0
Akash Deep,Akash Deep,Mumbai,5,175,0.905,11.9,13.12,9.73,-0.109,45.57,42.56,23.43,19.44
Akash Deep,Akash Deep,Pune,1,24,0.0,11.9,5.0,8.78,0.0,45.57,10.0,23.43,12.0
Akash Madhwal,Akash Madhwal,Ahmedabad,1,48,0.326,9.77,13.0,9.7,-0.292,22.32,26.0,13.79,12.0
Akash Madhwal,Akash Madhwal,Chennai,2,27,0.0,9.77,2.22,9.25,0.0,22.32,1.43,13.79,3.86
Akash Madhwal,Akash Madhwal,Lucknow,1,24,0.0,9.77,7.75,8.28,0.0,22.32,0.0,13.79,0.0
Akash Madhwal,Akash Madhwal,Mohali,1,15,0.0,9.77,12.8,9.42,0.0,22.32,0.0,13.79,0.0
Akash Madhwal,Akash Madhwal,Mullanpur,1,18,0.0,9.77,15.33,8.88,0.0,22.32,46.0,13.79,18.0
Akash Madhwal,Akash Madhwal,Mumbai,7,147,0.877,9.77,9.88,9.73,-0.01,22.32,22.0,13.79,13.36
Akash Singh,Akash Singh,Bengaluru,1,18,0.0,9.87,11.67,10.3,0.0,45.4,35.0,27.6,18.0
Akash Singh,Akash Singh,Chennai,3,60,0.387,9.87,9.2,9.25,0.067,45.4,30.67,27.6,20.0
Akash Singh,Akash Singh,Jaipur,1,12,0.0,9.87,16.0,9.51,0.0,45.4,0.0,27.6,0.0
Akash Singh,Akash Singh,Kolkata,1,24,0.0,9.87,7.25,10.68,0.0,45.4,29.0,27.6,24.0
Andre Russell,Andre Russell,Bengaluru,2,48,0.326,10.22,7.38,10.3,0.227,17.67,14.75,10.46,12.0
Andre Russell,Andre Russell,Chennai,1,6,0.0,10.22,8.0,9.25,0.0,17.67,0.0,10.46,0.0
Andre Russell,Andre Russell,Delhi,1,6,0.0,10.22,12.0,10.16,0.0,17.67,0.0,10.46,0.0
Andre Russell,Andre Russell,Hyderabad,1,6,0.0,10.22,15.0,9.77,0.0,17.67,15.0,10.46,6.0
Andre Russell,Andre Russell,Kolkata,11,106,0.833,10.22,12.32,10.68,-0.157,17.67,21.8,10.46,10.6
Andre Russell,Andre Russell,Lucknow,1,12,0.0,10.22,9.0,8.28,0.0,17.67,9.0,10.46,6.0
Andre Russell,Andre Russell,Mumbai,11,191,0.921,10.22,11.32,9.73,-0.099,17.67,16.36,10.46,8.68
Andre Russell,Andre Russell,Pune,3,48,0.326,10.22,6.62,8.78,0.396,17.67,10.6,10.46,9.6
Andre Russell,Andre Russell,Visakhapatnam,1,8,0.0,10.22,10.77,10.82,0.0,17.67,14.0,10.46,8.0
Anrich Nortje,Anrich Nortje,Ahmedabad,1,48,0.326,9.29,9.75,9.7,-0.041,28.5,39.0,18.44,24.0
Anrich Nortje,Anrich Nortje,Bengaluru,1,24,0.0,9.29,8.5,10.3,0.0,28.5,0.0,18.44,0.0
Anrich Nortje,Anrich Nortje,Delhi,7,152,0.882,9.29,10.12,10.16,-0.068,28.5,42.67,18.44,25.33
Anrich Nortje,Anrich Nortje,Guwahati,1,24,0.0,9.29,11.0,9.61,0.0,28.5,0.0,18.44,0.0
Anrich Nortje,Anrich Nortje,Hyderabad,1,24,0.0,9.29,8.25,9.77,0.0,28.5,16.5,18.44,12.0
Anrich Nortje,Anrich Nortje,Jaipur,1,24,0.0,9.29,12.5,9.51,0.0,28.5,50.0,18.44,24.0
Anrich Nortje,Anrich Nortje,Mumbai,7,228,0.95,9.29,10.24,9.73,-0.085,28.5,29.92,18.44,17.54
Anrich Nortje,Anrich Nortje,Visakhapatnam,2,41,0.312,9.29,12.35,10.82,-0.222,28.5,42.0,18.44,20.5
Anshul Kamboj,Anshul Kamboj,Mumbai,1,24,0.0,10.5,10.75,9.73,0.0,42.0,43.0,24.0,24.0
Anukul Roy,Anukul Roy,Bengaluru,1,12,0.0,8.82,3.0,10.3,0.0,45.0,0.0,31.0,0.0
Anukul Roy,Anukul Roy,Chennai,1,10,0.0,8.82,10.59,9.25,0.0,45.0,0.0,31.0,0.0
Anukul Roy,Anukul Roy,Delhi,1,24,0.0,8.82,4.75,10.16,0.0,45.0,9.5,31.0,12.0
Anukul Roy,Anukul Roy,Hyderabad,1,18,0.0,8.82,8.67,9.77,0.0,45.0,26.0,31.0,18.0
Anukul Roy,Anukul Roy,Kolkata,2,18,0.0,8.82,18.67,10.68,0.0,45.0,56.0,31.0,18.0
Anukul Roy,Anukul Roy,Mumbai,1,24,0.0,8.82,7.0,9.73,0.0,45.0,28.0,31.0,24.0
Anukul Roy,Anukul Roy,Pune,1,18,0.0,8.82,9.0,8.78,0.0,45.0,0.0,31.0,0.0
Arjun Tendulkar,Arjun Tendulkar,Ahmedabad,1,24,0.0,10.0,4.5,9.7,0.0,25.0,9.0,15.67,12.0
Arjun Tendulkar,Arjun Tendulkar,Hyderabad,1,15,0.0,10.0,7.6,9.77,0.0,25.0,19.0,15.67,15.0
Arjun Tendulkar,Arjun Tendulkar,Mumbai,1,18,0.0,10.0,16.0,9.73,0.0,25.0,48.0,15.67,18.0
Arshad Khan,Arshad Khan,Bengaluru,1,14,0.0,13.19,12.61,10.3,0.0,49.6,29.0,23.2,14.0
Arshad Khan,Arshad Khan,Chennai,1,10,0.0,13.19,16.47,9.25,0.0,49.6,0.0,23.2,0.0
Arshad Khan,Arshad Khan,Delhi,1,6,0.0,13.19,12.0,10.16,0.0,49.6,0.0,23.2,0.0
Arshad Khan,Arshad Khan,Kolkata,1,12,0.0,13.19,12.5,10.68,0.0,49.6,0.0,23.2,0.0
Arshad Khan,Arshad Khan,Lucknow,1,19,0.0,13.19,10.62,8.28,0.0,49.6,0.0,23.2,0.0
Arshad Khan,Arshad Khan,Mohali,1,24,0.0,13.19,12.0,9.42,0.0,49.6,48.0,23.2,24.0
Arshad Khan,Arshad Khan,Mumbai,2,25,0.0,13.19,14.05,9.73,0.0,49.6,29.5,23.2,12.5
Arshdeep Singh,Arshdeep Singh,Ahmedabad,1,48,0.326,9.03,9.25,9.7,-0.02,26.82,0.0,17.95,0.0
Arshdeep Singh,Arshdeep Singh,Bengaluru,1,20,0.0,9.03,12.73,10.3,0.0,26.82,0.0,17.95,0.0
Arshdeep Singh,Arshdeep Singh,Chennai,2,44,0.317,9.03,11.23,9.25,-0.218,26.82,41.0,17.95,22.0
Arshdeep Singh,Arshdeep Singh,Delhi,1,24,0.0,9.03,8.0,10.16,0.0,26.82,0.0,17.95,0.0
Arshdeep Singh,Arshdeep Singh,Dharamsala,3,66,0.448,9.03,11.36,9.52,-0.218,26.82,31.25,17.95,16.5
Arshdeep Singh,Arshdeep Singh,Guwahati,1,24,0.0,9.03,11.75,9.61,0.0,26.82,23.5,17.95,12.0
Arshdeep Singh,Arshdeep Singh,Hyderabad,1,18,0.0,9.03,6.67,9.77,0.0,26.82,20.0,17.95,18.0
Arshdeep Singh,Arshdeep Singh,Kolkata,2,48,0.326,9.03,10.5,10.68,-0.109,26.82,28.0,17.95,16.0
Arshdeep Singh,Arshdeep Singh,Lucknow,2,36,0.307,9.03,8.83,8.28,0.025,26.82,17.67,17.95,12.0
Arshdeep Singh,Arshdeep Singh,Mohali,5,110,0.839,9.03,11.04,9.42,-0.192,26.82,33.67,17.95,18.33
Arshdeep Singh,Arshdeep Singh,Mullanpur,5,102,0.824,9.03,9.06,8.88,-0.003,26.82,19.25,17.95,12.75
Arshdeep Singh,Arshdeep Singh,Mumbai,13,363,0.95,9.03,8.31,9.73,0.065,26.82,26.47,17.95,19.11
Arshdeep Singh,Arshdeep Singh,Pune,2,48,0.326,9.03,7.0,8.78,0.224,26.82,28.0,17.95,24.0
Avesh Khan,Avesh Khan,Ahmedabad,1,48,0.326,8.77,8.75,9.7,0.002,25.64,35.0,17.57,24.0
Avesh Khan,Avesh Khan,Bengaluru,1,24,0.0,8.77,13.75,10.3,0.0,25.64,0.0,17.57,0.0
Avesh Khan,Avesh Khan,Chennai,1,18,0.0,8.77,13.0,9.25,0.0,25.64,39.0,17.57,18.0
Avesh Khan,Avesh Khan,Delhi,1,12,0.0,8.77,21.0,10.16,0.0,25.64,0.0,17.57,0.0
Avesh Khan,Avesh Khan,Hyderabad,2,36,0.307,8.77,11.5,9.77,-0.243,25.64,23.0,17.57,12.0
Avesh Khan,Avesh Khan,Jaipur,6,135,0.865,8.77,9.42,9.51,-0.061,25.64,35.33,17.57,22.5
Avesh Khan,Avesh Khan,Kolkata,2,47,0.323,8.77,10.51,10.68,-0.13,25.64,27.33,17.57,15.67
Avesh Khan,Avesh Khan,Lucknow,4,84,0.702,8.77,8.36,8.28,0.05,25.64,39.0,17.57,28.0
Avesh Khan,Avesh Khan,Mohali,1,12,0.0,8.77,14.0,9.42,0.0,25.64,0.0,17.57,0.0
Avesh Khan,Avesh Khan,Mullanpur,1,24,0.0,8.77,8.75,8.88,0.0,25.64,17.5,17.57,12.0
Avesh Khan,Avesh Khan,Mumbai,10,316,0.95,8.77,9.24,9.73,-0.042,25.64,27.06,17.57,17.56
Avesh Khan,Avesh Khan,Pune,3,56,0.359,8.77,7.74,8.78,0.113,25.64,14.4,17.57,11.2
Axar Patel,Axar Patel,Ahmedabad,2,96,0.801,7.12,5.12,9.7,0.18,30.02,41.0,25.32,48.0
Axar Patel,Axar Patel,Bengaluru,1,18,0.0,7.12,8.33,10.3,0.0,30.02,25.0,25.32,18.0
Axar Patel,Axar Patel,Chennai,1,24,0.0,7.12,6.75,9.25,0.0,30.02,13.5,25.32,12.0
Axar Patel,Axar Patel,Delhi,10,198,0.928,7.12,7.58,10.16,-0.038,30.02,35.71,25.32,28.29
Axar Patel,Axar Patel,Guwahati,1,24,0.0,7.12,9.5,9.61,0.0,30.02,0.0,25.32,0.0
Axar Patel,Axar Patel,Hyderabad,1,24,0.0,7.12,5.25,9.77,0.0,30.02,10.5,25.32,12.0
Axar Patel,Axar Patel,Jaipur,1,24,0.0,7.12,5.25,9.51,0.0,30.02,21.0,25.32,24.0
Axar Patel,Axar Patel,Kolkata,1,24,0.0,7.12,6.25,10.68,0.0,30.02,12.5,25.32,12.0
Axar Patel,Axar Patel,Lucknow,2,48,0.326,7.12,8.12,8.28,-0.125,30.02,65.0,25.32,48.0
Axar Patel,Axar Patel,Mullanpur,1,24,0.0,7.12,6.5,8.88,0.0,30.02,0.0,25.32,0.0
Axar Patel,Axar Patel,Mumbai,13,324,0.95,7.12,7.3,9.73,-0.017,30.02,39.4,25.32,32.4
Axar Patel,Axar Patel,Pune,1,24,0.0,7.12,9.25,8.78,0.0,30.02,0.0,25.32,0.0
Axar Patel,Axar Patel,Visakhapatnam,2,24,0.0,7.12,9.75,10.82,0.0,30.02,39.0,25.32,24.0
Ayush Badoni,Ayush Badoni,Hyderabad,1,6,0.0,8.78,19.0,9.77,0.0,18.0,0.0,12.5,0.0
Ayush Badoni,Ayush Badoni,Jaipur,1,6,0.0,8.78,6.0,9.51,0.0,18.0,0.0,12.5,0.0
Ayush Badoni,Ayush Badoni,Mohali,1,1,0.0,8.78,0.0,9.42,0.0,18.0,0.0,12.5,0.0
Ayush Badoni,Ayush Badoni,Mumbai,2,12,0.0,8.78,6.0,9.73,0.0,18.0,6.0,12.5,6.0
Azmatullah Omarzai,Azmatullah Omarzai,Ahmedabad,4,146,0.876,8.86,9.55,9.7,-0.063,46.5,29.0,31.5,18.25
Azmatullah Omarzai,Azmatullah Omarzai,Chennai,1,18,0.0,8.86,10.33,9.25,0.0,46.5,0.0,31.5,0.0
Azmatullah Omarzai,Azmatullah Omarzai,Delhi,1,24,0.0,8.86,8.5,10.16,0.0,46.5,0.0,31.5,0.0
Azmatullah Omarzai,Azmatullah Omarzai,Mullanpur,1,12,0.0,8.86,6.5,8.88,0.0,46.5,0.0,31.5,0.0
Bhuvneshwar Kumar,Bhuvneshwar Kumar,Ahmedabad,2,90,0.763,8.17,7.47,9.7,0.064,34.53,11.2,25.36,9.0
Bhuvneshwar Kumar,Bhuvneshwar Kumar,Bengaluru,1,18,0.0,8.17,14.0,10.3,0.0,34.53,0.0,25.36,0.0
Bhuvneshwar Kumar,Bhuvneshwar Kumar,Chennai,2,36,0.307,8.17,8.33,9.25,-0.015,34.53,50.0,25.36,36.0
Bhuvneshwar Kumar,Bhuvneshwar Kumar,Delhi,2,48,0.326,8.17,9.88,10.16,-0.14,34.53,39.5,25.36,24.0
Bhuvneshwar Kumar,Bhuvneshwar Kumar,Hyderabad,12,258,0.95,8.17,8.56,9.77,-0.034,34.53,28.31,25.36,19.85
Bhuvneshwar Kumar,Bhuvneshwar Kumar,Jaipur,1,24,0.0,8.17,11.0,9.51,0.0,34.53,44.0,25.36,24.0
Bhuvneshwar Kumar,Bhuvneshwar Kumar,Kolkata,2,48,0.326,8.17,10.12,10.68,-0.145,34.53,81.0,25.36,48.0
Bhuvneshwar Kumar,Bhuvneshwar Kumar,Lucknow,1,12,0.0,8.17,9.5,8.28,0.0,34.53,19.0,25.36,12.0
Bhuvneshwar Kumar,Bhuvneshwar Kumar,Mullanpur,1,24,0.0,8.17,8.25,8.88,0.0,34.53,16.5,25.36,12.0
Bhuvneshwar Kumar,Bhuvneshwar Kumar,Mumbai,13,385,0.95,8.17,7.63,9.73,0.049,34.53,25.79,25.36,20.26
Bhuvneshwar Kumar,Bhuvneshwar Kumar,Pune,3,72,0.53,8.17,6.92,8.78,0.138,34.53,41.5,25.36,36.0
Chetan Sakariya,Chetan Sakariya,Delhi,1,22,0.0,8.44,8.11,10.16,0.0,29.95,30.0,21.3,22.0
Chetan Sakariya,Chetan Sakariya,Lucknow,1,24,0.0,8.44,13.25,8.28,0.0,29.95,26.5,21.3,12.0
Chetan Sakariya,Chetan Sakariya,Mumbai,3,90,0.763,8.44,7.33,9.73,0.099,29.95,22.0,21.3,18.0
Darshan Nalkande,Darshan Nalkande,Ahmedabad,2,34,0.306,10.88,8.77,9.7,0.191,24.67,25.0,14.0,17.0
Darshan Nalkande,Darshan Nalkande,Chennai,1,24,0.0,10.88,11.25,9.25,0.0,24.67,45.0,14.0,24.0
Darshan Nalkande,Darshan Nalkande,Lucknow,1,12,0.0,10.88,10.5,8.28,0.0,24.67,10.5,14.0,6.0
Darshan Nalkande,Darshan Nalkande,Mumbai,2,44,0.317,10.88,11.1,9.73,-0.02,24.67,40.5,14.0,22.0
Deepak Chahar,Deepak Chahar,Ahmedabad,2,96,0.801,8.47,8.88,9.7,-0.037,28.41,71.0,20.16,48.0
Deepak Chahar,Deepak Chahar,Chennai,10,182,0.912,8.47,8.58,9.25,-0.011,28.41,20.0,20.16,14.0
Deepak Chahar,Deepak Chahar,Delhi,1,24,0.0,8.47,5.5,10.16,0.0,28.41,7.33,20.16,8.0
Deepak Chahar,Deepak Chahar,Hyderabad,1,19,0.0,8.47,10.0,9.77,0.0,28.41,32.0,20.16,19.0
Deepak Chahar,Deepak Chahar,Lucknow,1,18,0.0,8.47,8.67,8.28,0.0,28.41,0.0,20.16,0.0
Deepak Chahar,Deepak Chahar,Mumbai,1,6,0.0,8.47,10.0,9.73,0.0,28.41,0.0,20.16,0.0
Deepak Chahar,Deepak Chahar,Visakhapatnam,1,24,0.0,8.47,10.5,10.82,0.0,28.41,0.0,20.16,0.0
Deepak Hooda,Deepak Hooda,Lucknow,2,18,0.0,8.7,7.0,8.28,0.0,66.67,0.0,46.0,0.0
Deepak Hooda,Deepak Hooda,Mumbai,2,24,0.0,8.7,10.75,9.73,0.0,66.67,43.0,46.0,24.0
Dushmantha Chameera,Dushmantha Chameera,Kolkata,2,42,0.314,9.19,14.71,10.68,-0.411,48.0,0.0,31.33,0.0
Dushmantha Chameera,Dushmantha Chameera,Mumbai,8,192,0.922,9.19,9.59,9.73,-0.036,48.0,30.7,31.33,19.2
Dushmantha Chameera,Dushmantha Chameera,Pune,3,66,0.448,9.19,5.91,8.78,0.362,48.0,21.67,31.33,22.0
Fazalhaq Farooqi,Fazalhaq Farooqi,Ahmedabad,1,36,0.307,9.01,10.33,9.7,-0.12,37.83,31.0,25.33,18.0
Fazalhaq Farooqi,Fazalhaq Farooqi,Hyderabad,2,44,0.317,9.01,10.14,9.77,-0.101,37.83,37.0,25.33,22.0
Fazalhaq Farooqi,Fazalhaq Farooqi,Lucknow,1,18,0.0,9.01,4.67,8.28,0.0,37.83,14.0,25.33,18.0
Fazalhaq Farooqi,Fazalhaq Farooqi,Mumbai,3,66,0.448,9.01,8.36,9.73,0.058,37.83,46.0,25.33,33.0
Gerald Coetzee,Gerald Coetzee,Ahmedabad,1,48,0.326,10.24,7.25,9.7,0.27,26.23,14.5,15.46,12.0
Gerald Coetzee,Gerald Coetzee,Hyderabad,1,24,0.0,10.24,15.25,9.77,0.0,26.23,61.0,15.46,24.0
Gerald Coetzee,Gerald Coetzee,Jaipur,1,12,0.0,10.24,12.5,9.51,0.0,26.23,0.0,15.46,0.0
Gerald Coetzee,Gerald Coetzee,Lucknow,1,18,0.0,10.24,11.0,8.28,0.0,26.23,33.0,15.46,18.0
Gerald Coetzee,Gerald Coetzee,Mullanpur,1,24,0.0,10.24,8.5,8.88,0.0,26.23,11.33,15.46,8.0
Gerald Coetzee,Gerald Coetzee,Mumbai,5,99,0.814,10.24,10.61,9.73,-0.033,26.23,29.17,15.46,16.5
Glenn Maxwell,Glenn Maxwell,Ahmedabad,2,72,0.53,8.06,7.5,9.7,0.05,29.29,45.0,22.0,36.0
Glenn Maxwell,Glenn Maxwell,Bengaluru,5,75,0.575,8.06,9.6,10.3,-0.124,29.29,24.0,22.0,15.0
Glenn Maxwell,Glenn Maxwell,Chennai,1,6,0.0,8.06,7.0,9.25,0.0,29.29,0.0,22.0,0.0
Glenn Maxwell,Glenn Maxwell,Delhi,1,10,0.0,8.06,8.82,10.16,0.0,29.29,0.0,22.0,0.0
Glenn Maxwell,Glenn Maxwell,Jaipur,1,6,0.0,8.06,3.0,9.51,0.0,29.29,3.0,22.0,6.0
Glenn Maxwell,Glenn Maxwell,Lucknow,1,6,0.0,8.06,3.0,8.28,0.0,29.29,3.0,22.0,6.0
Glenn Maxwell,Glenn Maxwell,Mohali,1,6,0.0,8.06,5.0,9.42,0.0,29.29,0.0,22.0,0.0
Glenn Maxwell,Glenn Maxwell,Mumbai,8,132,0.862,8.06,8.18,9.73,-0.011,29.29,22.5,22.0,16.5
Glenn Maxwell,Glenn Maxwell,Pune,2,30,0.304,8.06,5.2,8.78,0.315,29.29,13.0,22.0,15.0
Gurnoor Brar,Gurnoor Brar,Mohali,1,18,0.0,14.0,14.0,9.42,0.0,0.0,0.0,0.0,0.0
Hardik Pandya,Hardik Pandya,Ahmedabad,9,276,0.95,9.02,8.83,9.7,0.017,35.36,33.83,23.59,23.0
Hardik Pandya,Hardik Pandya,Delhi,2,30,0.304,9.02,12.6,10.16,-0.295,35.36,0.0,23.59,0.0
Hardik Pandya,Hardik Pandya,Hyderabad,1,24,0.0,9.02,11.5,9.77,0.0,35.36,46.0,23.59,24.0
Hardik Pandya,Hardik Pandya,Jaipur,2,24,0.0,9.02,11.0,9.51,0.0,35.36,44.0,23.59,24.0
Hardik Pandya,Hardik Pandya,Kolkata,2,30,0.304,9.02,9.6,10.68,-0.044,35.36,48.0,23.59,30.0
Hardik Pandya,Hardik Pandya,Lucknow,2,30,0.304,9.02,6.6,8.28,0.3,35.36,11.0,23.59,10.0
Hardik Pandya,Hardik Pandya,Mullanpur,1,24,0.0,9.02,8.25,8.88,0.0,35.36,33.0,23.59,24.0
Hardik Pandya,Hardik Pandya,Mumbai,10,228,0.95,9.02,8.89,9.73,0.011,35.36,26.0,23.59,17.54
Hardik Pandya,Hardik Pandya,Pune,2,30,0.304,9.02,6.4,8.78,0.288,35.36,32.0,23.59,30.0
Harpreet Brar,Harpreet Brar,Ahmedabad,1,48,0.326,7.43,8.25,9.7,-0.075,30.04,33.0,24.29,24.0
Harpreet Brar,Harpreet Brar,Bengaluru,1,24,0.0,7.43,4.25,10.3,0.0,30.04,8.5,24.29,12.0
Harpreet Brar,Harpreet Brar,Chennai,1,24,0.0,7.43,4.25,9.25,0.0,30.04,8.5,24.29,12.0
Harpreet Brar,Harpreet Brar,Delhi,1,24,0.0,7.43,7.5,10.16,0.0,30.04,7.5,24.29,6.0
Harpreet Brar,Harpreet Brar,Dharamsala,1,6,0.0,7.43,19.0,9.52,0.0,30.04,0.0,24.29,0.0
Harpreet Brar,Harpreet Brar,Guwahati,1,12,0.0,7.43,7.5,9.61,0.0,30.04,0.0,24.29,0.0
Harpreet Brar,Harpreet Brar,Hyderabad,1,19,0.0,7.43,8.12,9.77,0.0,30.04,0.0,24.29,0.0
Harpreet Brar,Harpreet Brar,Kolkata,2,18,0.0,7.43,8.33,10.68,0.0,30.04,25.0,24.29,18.0
Harpreet Brar,Harpreet Brar,Lucknow,2,24,0.0,7.43,6.0,8.28,0.0,30.04,24.0,24.29,24.0
Harpreet Brar,Harpreet Brar,Mohali,4,60,0.387,7.43,8.0,9.42,-0.055,30.04,26.67,24.29,20.0
Harpreet Brar,Harpreet Brar,Mullanpur,5,102,0.824,7.43,8.29,8.88,-0.093,30.04,141.0,24.29,102.0
Harpreet Brar,Harpreet Brar,Mumbai,6,144,0.874,7.43,9.62,9.73,-0.197,30.04,57.75,24.29,36.0
Harshal Patel,Harshal Patel,Ahmedabad,2,86,0.725,8.76,10.21,9.7,-0.131,20.27,73.0,13.96,43.0
Harshal Patel,Harshal Patel,Bengaluru,8,179,0.909,8.76,9.97,10.3,-0.097,20.27,33.0,13.96,19.89
Harshal Patel,Harshal Patel,Chennai,1,6,0.0,8.76,12.0,9.25,0.0,20.27,0.0,13.96,0.0
Harshal Patel,Harshal Patel,Delhi,1,12,0.0,8.76,16.0,10.16,0.0,20.27,32.0,13.96,12.0
Harshal Patel,Harshal Patel,Dharamsala,2,46,0.321,8.76,8.05,9.52,0.067,20.27,12.4,13.96,9.2
Harshal Patel,Harshal Patel,Hyderabad,1,24,0.0,8.76,9.25,9.77,0.0,20.27,37.0,13.96,24.0
Harshal Patel,Harshal Patel,Kolkata,3,50,0.332,8.76,11.81,10.68,-0.227,20.27,49.0,13.96,25.0
Harshal Patel,Harshal Patel,Lucknow,2,47,0.323,8.76,8.59,8.28,0.021,20.27,22.33,13.96,15.67
Harshal Patel,Harshal Patel,Mohali,1,20,0.0,8.76,6.97,9.42,0.0,20.27,23.0,13.96,20.0
Harshal Patel,Harshal Patel,Mullanpur,5,102,0.824,8.76,8.76,8.88,-0.0,20.27,10.64,13.96,7.29
Harshal Patel,Harshal Patel,Mumbai,11,293,0.95,8.76,8.14,9.73,0.056,20.27,23.35,13.96,17.24
Harshal Patel,Harshal Patel,Pune,3,72,0.53,8.76,8.08,8.78,0.075,20.27,16.17,13.96,12.0
Harshit Rana,Harshit Rana,Bengaluru,1,24,0.0,9.34,9.75,10.3,0.0,24.8,19.5,15.95,12.0
Harshit Rana,Harshit Rana,Chennai,1,12,0.0,9.34,9.5,9.25,0.0,24.8,0.0,15.95,0.0
Harshit Rana,Harshit Rana,Hyderabad,1,24,0.0,9.34,7.25,9.77,0.0,24.8,29.0,15.95,24.0
Harshit Rana,Harshit Rana,Kolkata,10,209,0.939,9.34,9.83,10.68,-0.036,24.8,24.43,15.95,14.93
Harshit Rana,Harshit Rana,Lucknow,1,19,0.0,9.34,7.5,8.28,0.0,24.8,8.0,15.95,6.33
Harshit Rana,Harshit Rana,Mumbai,1,18,0.0,9.34,8.0,9.73,0.0,24.8,24.0,15.95,18.0
Harshit Rana,Harshit Rana,Pune,1,12,0.0,9.34,14.0,8.78,0.0,24.8,0.0,15.95,0.0
Ishant Sharma,Ishant Sharma,Ahmedabad,2,72,0.53,8.65,5.17,9.7,0.314,31.13,6.2,21.6,7.2
Ishant Sharma,Ishant Sharma,Chennai,1,12,0.0,8.65,12.0,9.25,0.0,31.13,0.0,21.6,0.0
Ishant Sharma,Ishant Sharma,Delhi,5,96,0.801,8.65,8.88,10.16,-0.019,31.13,28.4,21.6,19.2
Ishant Sharma,Ishant Sharma,Hyderabad,1,18,0.0,8.65,6.0,9.77,0.0,31.13,18.0,21.6,18.0
Ishant Sharma,Ishant Sharma,Lucknow,1,22,0.0,8.65,9.46,8.28,0.0,31.13,35.0,21.6,22.0
Ishant Sharma,Ishant Sharma,Mullanpur,1,12,0.0,8.65,8.0,8.88,0.0,31.13,8.0,21.6,6.0
Ishant Sharma,Ishant Sharma,Mumbai,1,18,0.0,8.65,13.33,9.73,0.0,31.13,0.0,21.6,0.0
Ishant Sharma,Ishant Sharma,Visakhapatnam,2,30,0.304,8.65,11.8,10.82,-0.229,31.13,0.0,21.6,0.0
Jasprit Bumrah,Jasprit Bumrah,Ahmedabad,1,48,0.326,7.0,3.75,9.7,0.294,20.19,5.0,17.35,8.0
Jasprit Bumrah,Jasprit Bumrah,Delhi,1,24,0.0,7.0,9.0,10.16,0.0,20.19,36.0,17.35,24.0
Jasprit Bumrah,Jasprit Bumrah,Hyderabad,1,24,0.0,7.0,9.0,9.77,0.0,20.19,0.0,17.35,0.0
Jasprit Bumrah,Jasprit Bumrah,Jaipur,1,24,0.0,7.0,9.25,9.51,0.0,20.19,0.0,17.35,0.0
Jasprit Bumrah,Jasprit Bumrah,Lucknow,1,24,0.0,7.0,4.25,8.28,0.0,20.19,0.0,17.35,0.0
Jasprit Bumrah,Jasprit Bumrah,Mullanpur,1,24,0.0,7.0,5.25,8.88,0.0,20.19,7.0,17.35,8.0
Jasprit Bumrah,Jasprit Bumrah,Mumbai,17,491,0.95,7.0,6.39,9.73,0.055,20.19,14.94,17.35,14.03
Jasprit Bumrah,Jasprit Bumrah,Pune,3,66,0.448,7.0,8.27,8.78,-0.14,20.19,91.0,17.35,66.0
Jayant Yadav,Jayant Yadav,Lucknow,1,24,0.0,7.43,6.5,8.28,0.0,78.0,0.0,63.0,0.0
Jaydev Unadkat,Jaydev Unadkat,Ahmedabad,1,38,0.309,9.54,10.48,9.7,-0.085,41.94,0.0,26.39,0.0
Jaydev Unadkat,Jaydev Unadkat,Bengaluru,2,24,0.0,9.54,16.0,10.3,0.0,41.94,64.0,26.39,24.0
Jaydev Unadkat,Jaydev Unadkat,Chennai,1,24,0.0,9.54,9.5,9.25,0.0,41.94,38.0,26.39,24.0
Jaydev Unadkat,Jaydev Unadkat,Hyderabad,5,96,0.801,9.54,9.38,9.77,0.015,41.94,25.0,26.39,16.0
Jaydev Unadkat,Jaydev Unadkat,Lucknow,2,36,0.307,9.54,10.83,8.28,-0.159,41.94,65.0,26.39,36.0
Jaydev Unadkat,Jaydev Unadkat,Mullanpur,1,23,0.0,9.54,11.32,8.88,0.0,41.94,43.0,26.39,23.0
Jaydev Unadkat,Jaydev Unadkat,Mumbai,3,92,0.778,9.54,9.93,9.73,-0.035,41.94,25.33,26.39,15.33
Jaydev Unadkat,Jaydev Unadkat,Pune,2,48,0.326,9.54,9.38,8.78,0.018,41.94,25.0,26.39,16.0
Jofra Archer,Jofra Archer,Bengaluru,1,24,0.0,9.5,8.25,10.3,0.0,95.0,0.0,60.0,0.0
Jofra Archer,Jofra Archer,Chennai,1,24,0.0,9.5,6.25,9.25,0.0,95.0,0.0,60.0,0.0
Jofra Archer,Jofra Archer,Mohali,1,24,0.0,9.5,15.0,9.42,0.0,95.0,0.0,60.0,0.0
Jofra Archer,Jofra Archer,Mumbai,2,47,0.323,9.5,10.77,9.73,-0.114,95.0,42.0,60.0,23.5
Josh Hazlewood,Josh Hazlewood,Ahmedabad,1,48,0.326,8.26,5.75,9.7,0.227,21.94,11.5,15.97,12.0
Josh Hazlewood,Josh Hazlewood,Delhi,1,18,0.0,8.26,9.67,10.16,0.0,21.94,29.0,15.97,18.0
Josh Hazlewood,Josh Hazlewood,Kolkata,1,24,0.0,8.26,11.0,10.68,0.0,21.94,14.67,15.97,8.0
Josh Hazlewood,Josh Hazlewood,Lucknow,1,18,0.0,8.26,5.0,8.28,0.0,21.94,7.5,15.97,9.0
Josh Hazlewood,Josh Hazlewood,Mumbai,9,245,0.95,8.26,8.8,9.73,-0.048,21.94,21.12,15.97,14.41
Josh Hazlewood,Josh Hazlewood,Pune,2,48,0.326,8.26,4.75,8.78,0.387,21.94,9.5,15.97,12.0
Kagiso Rabada,Kagiso Rabada,Ahmedabad,1,48,0.326,8.61,11.0,9.7,-0.216,25.54,22.0,17.79,12.0
Kagiso Rabada,Kagiso Rabada,Bengaluru,1,24,0.0,8.61,7.0,10.3,0.0,25.54,14.0,17.79,12.0
Kagiso Rabada,Kagiso Rabada,Chennai,2,48,0.326,8.61,7.38,9.25,0.123,25.54,59.0,17.79,48.0
Kagiso Rabada,Kagiso Rabada,Dharamsala,2,42,0.314,8.61,9.14,9.52,-0.049,25.54,32.0,17.79,21.0
Kagiso Rabada,Kagiso Rabada,Kolkata,1,18,0.0,8.61,17.33,10.68,0.0,25.54,0.0,17.79,0.0
Kagiso Rabada,Kagiso Rabada,Lucknow,2,48,0.326,8.61,9.12,8.28,-0.063,25.54,24.33,17.79,16.0
Kagiso Rabada,Kagiso Rabada,Mohali,2,48,0.326,8.61,12.12,9.42,-0.336,25.54,32.33,17.79,16.0
Kagiso Rabada,Kagiso Rabada,Mullanpur,5,120,0.85,8.61,8.75,8.88,-0.015,25.54,35.0,17.79,24.0
Kagiso Rabada,Kagiso Rabada,Mumbai,11,306,0.95,8.61,8.59,9.73,0.002,25.54,19.04,17.79,13.3
Kagiso Rabada,Kagiso Rabada,Pune,2,48,0.326,8.61,8.38,8.78,0.026,25.54,11.17,17.79,8.0
Kamlesh Nagarkoti,Kamlesh Nagarkoti,Mumbai,1,12,0.0,13.5,14.5,9.73,0.0,0.0,0.0,0.0,0.0
Karn Sharma,Karn Sharma,Ahmedabad,1,36,0.307,10.55,12.67,9.7,-0.192,26.56,0.0,15.19,0.0
Karn Sharma,Karn Sharma,Bengaluru,3,60,0.387,10.55,12.5,10.3,-0.157,26.56,31.25,15.19,15.0
Karn Sharma,Karn Sharma,Chennai,1,12,0.0,10.55,12.0,9.25,0.0,26.56,24.0,15.19,12.0
Karn Sharma,Karn Sharma,Delhi,1,18,0.0,10.55,12.33,10.16,0.0,26.56,37.0,15.19,18.0
Karn Sharma,Karn Sharma,Dharamsala,1,18,0.0,10.55,12.0,9.52,0.0,26.56,18.0,15.19,9.0
Karn Sharma,Karn Sharma,Hyderabad,2,42,0.314,10.55,10.57,9.77,-0.002,26.56,37.0,15.19,21.0
Karn Sharma,Karn Sharma,Jaipur,1,9,0.0,10.55,12.67,9.51,0.0,26.56,6.33,15.19,3.0
Karn Sharma,Karn Sharma,Kolkata,2,42,0.314,10.55,8.57,10.68,0.147,26.56,30.0,15.19,21.0
Karn Sharma,Karn Sharma,Lucknow,1,24,0.0,10.55,5.0,8.28,0.0,26.56,10.0,15.19,12.0
Khaleel Ahmed,Khaleel Ahmed,Ahmedabad,2,96,0.801,8.86,5.5,9.7,0.304,28.86,14.67,19.56,16.0
Khaleel Ahmed,Khaleel Ahmed,Chennai,1,24,0.0,8.86,8.25,9.25,0.0,28.86,33.0,19.56,24.0
Khaleel Ahmed,Khaleel Ahmed,Delhi,8,172,0.902,8.86,11.74,10.16,-0.237,28.86,48.14,19.56,24.57
Khaleel Ahmed,Khaleel Ahmed,Guwahati,1,12,0.0,8.86,15.5,9.61,0.0,28.86,0.0,19.56,0.0
Khaleel Ahmed,Khaleel Ahmed,Jaipur,1,24,0.0,8.86,6.0,9.51,0.0,28.86,24.0,19.56,24.0
Khaleel Ahmed,Khaleel Ahmed,Kolkata,1,18,0.0,8.86,9.33,10.68,0.0,28.86,0.0,19.56,0.0
Khaleel Ahmed,Khaleel Ahmed,Lucknow,2,48,0.326,8.86,9.25,8.28,-0.049,28.86,18.5,19.56,12.0
Khaleel Ahmed,Khaleel Ahmed,Mullanpur,1,24,0.0,8.86,10.75,8.88,0.0,28.86,21.5,19.56,12.0
Khaleel Ahmed,Khaleel Ahmed,Mumbai,10,283,0.95,8.86,8.28,9.73,0.052,28.86,23.0,19.56,16.65
Khaleel Ahmed,Khaleel Ahmed,Pune,1,24,0.0,8.86,8.5,8.78,0.0,28.86,17.0,19.56,12.0
Khaleel Ahmed,Khaleel Ahmed,Visakhapatnam,2,48,0.326,8.86,8.62,10.82,0.017,28.86,23.0,19.56,16.0
Krunal Pandya,Krunal Pandya,Ahmedabad,1,48,0.326,7.49,9.5,9.7,-0.182,36.17,0.0,29.0,0.0
Krunal Pandya,Krunal Pandya,Bengaluru,2,30,0.304,7.49,9.2,10.3,-0.137,36.17,0.0,29.0,0.0
Krunal Pandya,Krunal Pandya,Chennai,3,48,0.326,7.49,10.0,9.25,-0.25,36.17,0.0,29.0,0.0
Krunal Pandya,Krunal Pandya,Hyderabad,1,24,0.0,7.49,6.0,9.77,0.0,36.17,12.0,29.0,12.0
Krunal Pandya,Krunal Pandya,Jaipur,1,24,0.0,7.49,5.0,9.51,0.0,36.17,0.0,29.0,0.0
Krunal Pandya,Krunal Pandya,Kolkata,3,54,0.349,7.49,9.33,10.68,-0.137,36.17,42.0,29.0,27.0
Krunal Pandya,Krunal Pandya,Lucknow,11,228,0.95,7.49,6.92,8.28,0.07,36.17,23.91,29.0,20.73
Krunal Pandya,Krunal Pandya,Mohali,1,6,0.0,7.49,13.0,9.42,0.0,36.17,0.0,29.0,0.0
Krunal Pandya,Krunal Pandya,Mumbai,9,213,0.943,7.49,7.38,9.73,0.01,36.17,26.2,29.0,21.3
Krunal Pandya,Krunal Pandya,Pune,2,48,0.326,7.49,4.5,8.78,0.329,36.17,18.0,29.0,24.0
Kuldeep Sen,Kuldeep Sen,Chennai,1,12,0.0,9.75,4.5,9.25,0.0,27.64,0.0,17.21,0.0
Kuldeep Sen,Kuldeep Sen,Jaipur,1,24,0.0,9.75,10.5,9.51,0.0,27.64,14.0,17.21,8.0
Kuldeep Sen,Kuldeep Sen,Kolkata,1,20,0.0,9.75,12.73,10.68,0.0,27.64,21.0,17.21,10.0
Kuldeep Sen,Kuldeep Sen,Mullanpur,1,24,0.0,9.75,8.75,8.88,0.0,27.64,35.0,17.21,24.0
Kuldeep Sen,Kuldeep Sen,Mumbai,7,193,0.923,9.75,10.5,9.73,-0.067,27.64,56.33,17.21,32.17
Kuldeep Sen,Kuldeep Sen,Pune,1,21,0.0,9.75,5.71,8.78,0.0,27.64,5.0,17.21,5.25
Kuldeep Yadav,Kuldeep Yadav,Ahmedabad,2,96,0.801,8.02,4.12,9.7,0.353,23.24,33.0,17.42,48.0
Kuldeep Yadav,Kuldeep Yadav,Bengaluru,1,24,0.0,8.02,6.25,10.3,0.0,23.24,12.5,17.42,12.0
Kuldeep Yadav,Kuldeep Yadav,Chennai,1,24,0.0,8.02,7.25,9.25,0.0,23.24,29.0,17.42,24.0
Kuldeep Yadav,Kuldeep Yadav,Delhi,11,222,0.95,8.02,9.24,10.16,-0.1,23.24,31.09,17.42,20.18
Kuldeep Yadav,Kuldeep Yadav,Guwahati,1,24,0.0,8.02,7.75,9.61,0.0,23.24,31.0,17.42,24.0
Kuldeep Yadav,Kuldeep Yadav,Hyderabad,1,24,0.0,8.02,5.5,9.77,0.0,23.24,22.0,17.42,24.0
Kuldeep Yadav,Kuldeep Yadav,Jaipur,1,24,0.0,8.02,10.25,9.51,0.0,23.24,41.0,17.42,24.0
Kuldeep Yadav,Kuldeep Yadav,Kolkata,1,24,0.0,8.02,8.5,10.68,0.0,23.24,0.0,17.42,0.0
Kuldeep Yadav,Kuldeep Yadav,Lucknow,2,48,0.326,8.02,7.12,8.28,0.112,23.24,14.25,17.42,12.0
Kuldeep Yadav,Kuldeep Yadav,Mullanpur,1,24,0.0,8.02,5.25,8.88,0.0,23.24,10.5,17.42,12.0
Kuldeep Yadav,Kuldeep Yadav,Mumbai,13,348,0.95,8.02,8.53,9.73,-0.046,23.24,20.62,17.42,14.5
Kuldeep Yadav,Kuldeep Yadav,Pune,1,24,0.0,8.02,8.0,8.78,0.0,23.24,32.0,17.42,24.0
Kulwant Khejroliya,Kulwant Khejroliya,Delhi,1,8,0.0,15.24,15.38,10.16,0.0,32.0,0.0,13.0,0.0
Kulwant Khejroliya,Kulwant Khejroliya,Kolkata,1,18,0.0,15.24,14.67,10.68,0.0,32.0,22.0,13.0,9.0
Kumar Kartikeya,Kumar Kartikeya,Ahmedabad,2,72,0.53,8.44,9.17,9.7,-0.066,32.9,55.0,23.4,36.0
Kumar Kartikeya,Kumar Kartikeya,Mohali,1,18,0.0,8.44,8.33,9.42,0.0,32.9,0.0,23.4,0.0
Kumar Kartikeya,Kumar Kartikeya,Mumbai,9,222,0.95,8.44,8.24,9.73,0.018,32.9,25.42,23.4,18.5
Kwena Maphaka,Kwena Maphaka,Hyderabad,1,24,0.0,14.83,16.75,9.77,0.0,89.0,0.0,36.0,0.0
Kwena Maphaka,Kwena Maphaka,Mumbai,1,12,0.0,14.83,11.5,9.73,0.0,89.0,23.0,36.0,12.0
Liam Livingstone,Liam Livingstone,Chennai,1,6,0.0,9.13,16.0,9.25,0.0,34.55,0.0,22.91,0.0
Liam Livingstone,Liam Livingstone,Dharamsala,1,18,0.0,9.13,9.33,9.52,0.0,34.55,0.0,22.91,0.0
Liam Livingstone,Liam Livingstone,Kolkata,1,12,0.0,9.13,13.5,10.68,0.0,34.55,0.0,22.91,0.0
Liam Livingstone,Liam Livingstone,Mohali,2,12,0.0,9.13,14.0,9.42,0.0,34.55,28.0,22.91,12.0
Liam Livingstone,Liam Livingstone,Mullanpur,3,54,0.349,9.13,6.44,8.88,0.291,34.55,19.33,22.91,18.0
Liam Livingstone,Liam Livingstone,Mumbai,11,189,0.919,9.13,8.44,9.73,0.062,34.55,24.18,22.91,17.18
Liam Livingstone,Liam Livingstone,Pune,2,18,0.0,9.13,11.33,8.78,0.0,34.55,0.0,22.91,0.0
Lizaad Williams,Lizaad Williams,Delhi,1,18,0.0,12.0,11.33,10.16,0.0,72.0,0.0,36.0,0.0
Lizaad Williams,Lizaad Williams,Kolkata,1,18,0.0,12.0,13.0,10.68,0.0,72.0,39.0,36.0,18.0
Lockie Ferguson,Lockie Ferguson,Ahmedabad,2,84,0.702,9.17,9.14,9.7,0.003,29.47,0.0,19.33,0.0
Lockie Ferguson,Lockie Ferguson,Bengaluru,1,24,0.0,9.17,13.5,10.3,0.0,29.47,27.0,19.33,12.0
Lockie Ferguson,Lockie Ferguson,Dharamsala,1,18,0.0,9.17,10.33,9.52,0.0,29.47,10.33,19.33,6.0
Lockie Ferguson,Lockie Ferguson,Hyderabad,1,12,0.0,9.17,14.0,9.77,0.0,29.47,0.0,19.33,0.0
Lockie Ferguson,Lockie Ferguson,Kolkata,2,36,0.307,9.17,14.0,10.68,-0.36,29.47,84.0,19.33,36.0
Lockie Ferguson,Lockie Ferguson,Mumbai,10,309,0.95,9.17,9.01,9.73,0.014,29.47,27.29,19.33,18.18
Lockie Ferguson,Lockie Ferguson,Pune,2,48,0.326,9.17,9.38,8.78,-0.023,29.47,15.0,19.33,9.6
M Shahrukh Khan,M Shahrukh Khan,Delhi,1,6,0.0,7.5,9.0,10.16,0.0,0.0,0.0,0.0,0.0
M Shahrukh Khan,M Shahrukh Khan,Mullanpur,1,6,0.0,7.5,7.0,8.88,0.0,0.0,0.0,0.0,0.0
Maheesh Theekshana,Maheesh Theekshana,Ahmedabad,1,48,0.326,7.68,9.0,9.7,-0.119,30.74,0.0,24.0,0.0
Maheesh Theekshana,Maheesh Theekshana,Bengaluru,1,24,0.0,7.68,10.5,10.3,0.0,30.74,42.0,24.0,24.0
Maheesh Theekshana,Maheesh Theekshana,Chennai,9,198,0.928,7.68,8.06,9.25,-0.037,30.74,66.5,24.0,49.5
Maheesh Theekshana,Maheesh Theekshana,Delhi,1,22,0.0,7.68,6.22,10.16,0.0,30.74,11.5,24.0,11.0
Maheesh Theekshana,Maheesh Theekshana,Hyderabad,1,24,0.0,7.68,7.0,9.77,0.0,30.74,28.0,24.0,24.0
Maheesh Theekshana,Maheesh Theekshana,Jaipur,1,24,0.0,7.68,7.5,9.51,0.0,30.74,30.0,24.0,24.0
Maheesh Theekshana,Maheesh Theekshana,Kolkata,1,24,0.0,7.68,8.0,10.68,0.0,30.74,16.0,24.0,12.0
Maheesh Theekshana,Maheesh Theekshana,Mumbai,6,234,0.95,7.68,8.05,9.73,-0.033,30.74,24.15,24.0,18.0
Maheesh Theekshana,Maheesh Theekshana,Pune,3,72,0.53,7.68,6.83,8.78,0.094,30.74,16.4,24.0,14.4
Mahipal Lomror,Mahipal Lomror,Bengaluru,1,6,0.0,8.33,18.0,10.3,0.0,100.0,0.0,72.0,0.0
Mahipal Lomror,Mahipal Lomror,Delhi,1,6,0.0,8.33,13.0,10.16,0.0,100.0,0.0,72.0,0.0
Mahipal Lomror,Mahipal Lomror,Lucknow,1,6,0.0,8.33,4.0,8.28,0.0,100.0,4.0,72.0,6.0
Mahipal Lomror,Mahipal Lomror,Mumbai,2,12,0.0,8.33,9.0,9.73,0.0,100.0,0.0,72.0,0.0
Manav Suthar,Manav Suthar,Bengaluru,1,12,0.0,13.0,13.0,10.3,0.0,0.0,0.0,0.0,0.0
Marco Jansen,Marco Jansen,Ahmedabad,1,48,0.326,9.53,9.75,9.7,-0.02,35.75,39.0,22.5,24.0
Marco Jansen,Marco Jansen,Chennai,1,18,0.0,9.53,12.67,9.25,0.0,35.75,0.0,22.5,0.0
Marco Jansen,Marco Jansen,Hyderabad,5,96,0.801,9.53,9.62,9.77,-0.008,35.75,25.67,22.5,16.0
Marco Jansen,Marco Jansen,Jaipur,1,24,0.0,9.53,12.0,9.51,0.0,35.75,48.0,22.5,24.0
Marco Jansen,Marco Jansen,Kolkata,2,42,0.314,9.53,11.0,10.68,-0.109,35.75,25.67,22.5,14.0
Marco Jansen,Marco Jansen,Mumbai,7,234,0.95,9.53,8.95,9.73,0.052,35.75,38.78,22.5,26.0
Marco Jansen,Marco Jansen,Pune,2,48,0.326,9.53,8.88,8.78,0.072,35.75,71.0,22.5,48.0
Marcus Stoinis,Marcus Stoinis,Ahmedabad,1,12,0.0,9.91,20.0,9.7,0.0,28.13,0.0,17.2,0.0
Marcus Stoinis,Marcus Stoinis,Bengaluru,1,6,0.0,9.91,9.0,10.3,0.0,28.13,9.0,17.2,6.0
Marcus Stoinis,Marcus Stoinis,Chennai,1,24,0.0,9.91,12.5,9.25,0.0,28.13,50.0,17.2,24.0
Marcus Stoinis,Marcus Stoinis,Jaipur,1,24,0.0,9.91,7.0,9.51,0.0,28.13,14.0,17.2,12.0
Marcus Stoinis,Marcus Stoinis,Lucknow,7,78,0.62,9.91,7.62,8.28,0.284,28.13,19.8,17.2,15.6
Marcus Stoinis,Marcus Stoinis,Mohali,1,11,0.0,9.91,12.22,9.42,0.0,28.13,22.0,17.2,11.0
Marcus Stoinis,Marcus Stoinis,Mumbai,5,56,0.359,9.91,12.47,9.73,-0.23,28.13,38.67,17.2,18.67
Matheesha Pathirana,Matheesha Pathirana,Ahmedabad,1,48,0.326,7.97,11.5,9.7,-0.319,17.81,23.0,13.47,12.0
Matheesha Pathirana,Matheesha Pathirana,Bengaluru,1,23,0.0,7.97,11.05,10.3,0.0,17.81,42.0,13.47,23.0
Matheesha Pathirana,Matheesha Pathirana,Chennai,9,190,0.92,7.97,7.63,9.25,0.034,17.81,14.24,13.47,11.18
Matheesha Pathirana,Matheesha Pathirana,Delhi,1,24,0.0,7.97,5.75,10.16,0.0,17.81,11.5,13.47,12.0
Matheesha Pathirana,Matheesha Pathirana,Jaipur,1,24,0.0,7.97,12.25,9.51,0.0,17.81,49.0,13.47,24.0
Matheesha Pathirana,Matheesha Pathirana,Kolkata,1,20,0.0,7.97,6.36,10.68,0.0,17.81,21.0,13.47,20.0
Matheesha Pathirana,Matheesha Pathirana,Lucknow,1,24,0.0,7.97,7.75,8.28,0.0,17.81,31.0,13.47,24.0
Matheesha Pathirana,Matheesha Pathirana,Mumbai,3,65,0.436,7.97,7.96,9.73,0.001,17.81,14.33,13.47,10.83
Matheesha Pathirana,Matheesha Pathirana,Visakhapatnam,1,24,0.0,7.97,8.0,10.82,0.0,17.81,10.67,13.47,8.0
Mayank Markande,Mayank Markande,Ahmedabad,2,72,0.53,9.17,10.0,9.7,-0.075,30.57,60.0,20.0,36.0
Mayank Markande,Mayank Markande,Bengaluru,1,24,0.0,9.17,11.5,10.3,0.0,30.57,23.0,20.0,12.0
Mayank Markande,Mayank Markande,Chennai,1,24,0.0,9.17,5.75,9.25,0.0,30.57,11.5,20.0,12.0
Mayank Markande,Mayank Markande,Delhi,2,36,0.307,9.17,7.67,10.16,0.124,30.57,11.5,20.0,9.0
Mayank Markande,Mayank Markande,Hyderabad,8,167,0.897,9.17,9.6,9.77,-0.038,30.57,38.14,20.0,23.86
Mayank Markande,Mayank Markande,Jaipur,1,24,0.0,9.17,12.75,9.51,0.0,30.57,0.0,20.0,0.0
Mayank Markande,Mayank Markande,Kolkata,2,48,0.326,9.17,8.25,10.68,0.069,30.57,16.5,20.0,12.0
Mayank Markande,Mayank Markande,Mumbai,2,42,0.314,9.17,8.71,9.73,0.041,30.57,61.0,20.0,42.0
Mitchell Marsh,Mitchell Marsh,Bengaluru,1,12,0.0,9.35,9.5,10.3,0.0,22.06,9.5,14.18,6.0
Mitchell Marsh,Mitchell Marsh,Chennai,1,14,0.0,9.35,6.96,9.25,0.0,22.06,8.0,14.18,7.0
Mitchell Marsh,Mitchell Marsh,Delhi,5,79,0.635,9.35,8.94,10.16,0.034,22.06,16.86,14.18,11.29
Mitchell Marsh,Mitchell Marsh,Hyderabad,1,12,0.0,9.35,8.0,9.77,0.0,22.06,0.0,14.18,0.0
Mitchell Marsh,Mitchell Marsh,Mullanpur,1,24,0.0,9.35,13.0,8.88,0.0,22.06,0.0,14.18,0.0
Mitchell Marsh,Mitchell Marsh,Mumbai,4,108,0.836,9.35,8.94,9.73,0.037,22.06,23.0,14.18,15.43
Mitchell Marsh,Mitchell Marsh,Visakhapatnam,2,24,0.0,9.35,12.75,10.82,0.0,22.06,51.0,14.18,24.0
Mitchell Santner,Mitchell Santner,Ahmedabad,2,72,0.53,7.0,10.5,9.7,-0.316,31.5,0.0,27.0,0.0
Mitchell Santner,Mitchell Santner,Chennai,1,24,0.0,7.0,5.5,9.25,0.0,31.5,22.0,27.0,24.0
Mitchell Santner,Mitchell Santner,Dharamsala,1,18,0.0,7.0,3.33,9.52,0.0,31.5,10.0,27.0,18.0
Mitchell Santner,Mitchell Santner,Mumbai,6,138,0.868,7.0,6.22,9.73,0.07,31.5,23.83,27.0,23.0
Mitchell Santner,Mitchell Santner,Pune,1,18,0.0,7.0,12.0,8.78,0.0,31.5,36.0,27.0,18.0
Mitchell Starc,Mitchell Starc,Bengaluru,1,24,0.0,11.49,11.75,10.3,0.0,32.08,47.0,16.92,24.0
Mitchell Starc,Mitchell Starc,Chennai,1,18,0.0,11.49,9.67,9.25,0.0,32.08,0.0,16.92,0.0
Mitchell Starc,Mitchell Starc,Kolkata,5,106,0.833,11.49,12.99,10.68,-0.111,32.08,38.33,16.92,17.67
Mitchell Starc,Mitchell Starc,Lucknow,1,12,0.0,11.49,11.0,8.28,0.0,32.08,22.0,16.92,12.0
Mitchell Starc,Mitchell Starc,Mumbai,1,23,0.0,11.49,8.68,9.73,0.0,32.08,8.25,16.92,5.75
Mitchell Starc,Mitchell Starc,Visakhapatnam,1,18,0.0,11.49,9.67,10.82,0.0,32.08,14.5,16.92,9.0
Moeen Ali,Moeen Ali,Bengaluru,1,6,0.0,7.27,13.0,10.3,0.0,24.87,13.0,20.65,6.0
Moeen Ali,Moeen Ali,Chennai,9,132,0.862,7.27,8.09,9.25,-0.082,24.87,35.6,20.65,26.4
Moeen Ali,Moeen Ali,Hyderabad,1,18,0.0,7.27,7.67,9.77,0.0,24.87,11.5,20.65,9.0
Moeen Ali,Moeen Ali,Jaipur,1,12,0.0,7.27,8.5,9.51,0.0,24.87,0.0,20.65,0.0
Moeen Ali,Moeen Ali,Kolkata,1,6,0.0,7.27,20.0,10.68,0.0,24.87,20.0,20.65,6.0
Moeen Ali,Moeen Ali,Lucknow,1,6,0.0,7.27,5.0,8.28,0.0,24.87,0.0,20.65,0.0
Moeen Ali,Moeen Ali,Mumbai,8,155,0.885,7.27,6.01,9.73,0.113,24.87,17.22,20.65,17.22
Moeen Ali,Moeen Ali,Pune,2,36,0.307,7.27,7.67,8.78,-0.044,24.87,23.0,20.65,18.0
Mohammed Shami,Mohammed Shami,Ahmedabad,10,456,0.95,7.88,7.29,9.7,0.053,20.97,14.58,16.0,12.0
Mohammed Shami,Mohammed Shami,Bengaluru,1,24,0.0,7.88,10.0,10.3,0.0,20.97,40.0,16.0,24.0
Mohammed Shami,Mohammed Shami,Chennai,1,24,0.0,7.88,7.25,9.25,0.0,20.97,14.5,16.0,12.0
Mohammed Shami,Mohammed Shami,Delhi,1,24,0.0,7.88,10.25,10.16,0.0,20.97,13.67,16.0,8.0
Mohammed Shami,Mohammed Shami,Jaipur,1,24,0.0,7.88,6.75,9.51,0.0,20.97,27.0,16.0,24.0
Mohammed Shami,Mohammed Shami,Kolkata,2,48,0.326,7.88,9.5,10.68,-0.121,20.97,19.0,16.0,12.0
Mohammed Shami,Mohammed Shami,Lucknow,1,18,0.0,7.88,6.33,8.28,0.0,20.97,0.0,16.0,0.0
Mohammed Shami,Mohammed Shami,Mohali,1,24,0.0,7.88,11.0,9.42,0.0,20.97,44.0,16.0,24.0
Mohammed Shami,Mohammed Shami,Mumbai,12,372,0.95,7.88,8.84,9.73,-0.087,20.97,30.44,16.0,20.67
Mohammed Shami,Mohammed Shami,Pune,3,66,0.448,7.88,5.0,8.78,0.317,20.97,13.75,16.0,16.5
Mohammed Siraj,Mohammed Siraj,Ahmedabad,2,72,0.53,8.39,10.83,9.7,-0.22,32.74,65.0,23.4,36.0
Mohammed Siraj,Mohammed Siraj,Bengaluru,11,257,0.95,8.39,8.34,10.3,0.004,32.74,21.0,23.4,15.12
Mohammed Siraj,Mohammed Siraj,Chennai,1,24,0.0,8.39,9.5,9.25,0.0,32.74,0.0,23.4,0.0
Mohammed Siraj,Mohammed Siraj,Delhi,1,12,0.0,8.39,14.5,10.16,0.0,32.74,0.0,23.4,0.0
Mohammed Siraj,Mohammed Siraj,Dharamsala,1,24,0.0,8.39,10.75,9.52,0.0,32.74,14.33,23.4,8.0
Mohammed Siraj,Mohammed Siraj,Hyderabad,2,48,0.326,8.39,4.88,9.77,0.313,32.74,39.0,23.4,48.0
Mohammed Siraj,Mohammed Siraj,Jaipur,2,36,0.307,8.39,7.5,9.51,0.084,32.74,22.5,23.4,18.0
Mohammed Siraj,Mohammed Siraj,Kolkata,3,68,0.473,8.39,11.42,10.68,-0.225,32.74,64.5,23.4,34.0
Mohammed Siraj,Mohammed Siraj,Lucknow,1,18,0.0,8.39,8.33,8.28,0.0,32.74,25.0,23.4,18.0
Mohammed Siraj,Mohammed Siraj,Mohali,1,24,0.0,8.39,5.5,9.42,0.0,32.74,5.5,23.4,6.0
Mohammed Siraj,Mohammed Siraj,Mumbai,12,342,0.95,8.39,10.09,9.73,-0.152,32.74,57.5,23.4,34.2
Mohammed Siraj,Mohammed Siraj,Pune,3,60,0.387,8.39,10.3,8.78,-0.21,32.74,51.5,23.4,30.0
Mohit Rathee,Mohit Rathee,Hyderabad,1,12,0.0,14.5,14.5,9.77,0.0,0.0,0.0,0.0,0.0
Mohit Sharma,Mohit Sharma,Ahmedabad,12,496,0.95,9.5,8.49,9.7,0.092,19.65,11.32,12.48,8.0
Mohit Sharma,Mohit Sharma,Bengaluru,2,36,0.307,9.5,14.33,10.3,-0.387,19.65,0.0,12.48,0.0
Mohit Sharma,Mohit Sharma,Chennai,2,48,0.326,9.5,8.38,9.25,0.112,19.65,16.75,12.48,12.0
Mohit Sharma,Mohit Sharma,Delhi,1,24,0.0,9.5,18.25,10.16,0.0,19.65,0.0,12.48,0.0
Mohit Sharma,Mohit Sharma,Jaipur,2,29,0.0,9.5,11.67,9.51,0.0,19.65,28.0,12.48,14.5
Mohit Sharma,Mohit Sharma,Kolkata,1,6,0.0,9.5,12.0,10.68,0.0,19.65,0.0,12.48,0.0
Mohit Sharma,Mohit Sharma,Lucknow,2,36,0.307,9.5,8.5,8.28,0.125,19.65,12.75,12.48,9.0
Mohit Sharma,Mohit Sharma,Mohali,1,24,0.0,9.5,4.5,9.42,0.0,19.65,9.0,12.48,12.0
Mohit Sharma,Mohit Sharma,Mullanpur,1,24,0.0,9.5,8.25,8.88,0.0,19.65,11.0,12.48,8.0
Mohit Sharma,Mohit Sharma,Mumbai,1,24,0.0,9.5,10.75,9.73,0.0,19.65,43.0,12.48,24.0
Mohsin Khan,Mohsin Khan,Ahmedabad,1,36,0.307,8.42,14.0,9.7,-0.504,23.65,42.0,16.85,18.0
Mohsin Khan,Mohsin Khan,Chennai,2,42,0.314,8.42,11.14,9.25,-0.27,23.65,39.0,16.85,21.0
Mohsin Khan,Mohsin Khan,Jaipur,1,22,0.0,8.42,10.0,9.51,0.0,23.65,37.0,16.85,22.0
Mohsin Khan,Mohsin Khan,Kolkata,3,54,0.349,8.42,7.67,10.68,0.056,23.65,23.0,16.85,18.0
Mohsin Khan,Mohsin Khan,Lucknow,6,120,0.85,8.42,10.25,8.28,-0.226,23.65,34.17,16.85,20.0
Mohsin Khan,Mohsin Khan,Mumbai,5,132,0.862,8.42,6.55,9.73,0.168,23.65,13.09,16.85,12.0
Mohsin Khan,Mohsin Khan,Pune,3,66,0.448,8.42,4.82,8.78,0.397,23.65,10.6,16.85,13.2
Mukesh Choudhary,Mukesh Choudhary,Hyderabad,1,6,0.0,9.74,27.0,9.77,0.0,28.19,0.0,17.44,0.0
Mukesh Choudhary,Mukesh Choudhary,Mumbai,10,288,0.95,9.74,9.04,9.73,0.063,28.19,24.11,17.44,16.0
Mukesh Choudhary,Mukesh Choudhary,Pune,3,60,0.387,9.74,9.4,8.78,0.038,28.19,18.8,17.44,12.0
Mukesh Kumar,Mukesh Kumar,Ahmedabad,1,30,0.304,10.6,6.0,9.7,0.416,26.64,5.0,15.14,5.0
Mukesh Kumar,Mukesh Kumar,Delhi,10,172,0.902,10.6,11.88,10.16,-0.106,26.64,28.42,15.14,14.33
Mukesh Kumar,Mukesh Kumar,Guwahati,1,24,0.0,10.6,9.25,9.61,0.0,26.64,18.5,15.14,12.0
Mukesh Kumar,Mukesh Kumar,Hyderabad,1,18,0.0,10.6,9.0,9.77,0.0,26.64,0.0,15.14,0.0
Mukesh Kumar,Mukesh Kumar,Jaipur,1,24,0.0,10.6,12.25,9.51,0.0,26.64,49.0,15.14,24.0
Mukesh Kumar,Mukesh Kumar,Lucknow,2,48,0.326,10.6,9.38,8.28,0.151,26.64,75.0,15.14,48.0
Mukesh Kumar,Mukesh Kumar,Visakhapatnam,1,18,0.0,10.6,7.0,10.82,0.0,26.64,7.0,15.14,6.0
Mustafizur Rahman,Mustafizur Rahman,Bengaluru,1,18,0.0,8.69,13.67,10.3,0.0,29.11,0.0,20.3,0.0
Mustafizur Rahman,Mustafizur Rahman,Chennai,6,131,0.861,8.69,7.98,9.25,0.071,29.11,17.4,20.3,13.1
Mustafizur Rahman,Mustafizur Rahman,Delhi,1,24,0.0,8.69,9.5,10.16,0.0,29.11,38.0,20.3,24.0
Mustafizur Rahman,Mustafizur Rahman,Lucknow,1,24,0.0,8.69,10.75,8.28,0.0,29.11,43.0,20.3,24.0
Mustafizur Rahman,Mustafizur Rahman,Mumbai,8,211,0.941,8.69,8.24,9.73,0.041,29.11,41.43,20.3,30.14
Mustafizur Rahman,Mustafizur Rahman,Pune,1,24,0.0,8.69,6.5,8.78,0.0,29.11,8.67,20.3,8.0
Mustafizur Rahman,Mustafizur Rahman,Visakhapatnam,1,22,0.0,8.69,12.7,10.82,0.0,29.11,47.0,20.3,22.0
Naman Dhir,Naman Dhir,Ahmedabad,1,12,0.0,9.5,13.0,9.7,0.0,0.0,0.0,0.0,0.0
Naman Dhir,Naman Dhir,Mumbai,1,18,0.0,9.5,8.33,9.73,0.0,0.0,0.0,0.0,0.0
Nandre Burger,Nandre Burger,Jaipur,3,60,0.387,8.86,9.8,9.51,-0.089,20.67,24.5,14.0,15.0
Nandre Burger,Nandre Burger,Mumbai,1,24,0.0,8.86,8.25,9.73,0.0,20.67,16.5,14.0,12.0
Nathan Ellis,Nathan Ellis,Delhi,1,24,0.0,8.59,6.5,10.16,0.0,25.76,13.0,18.0,12.0
Nathan Ellis,Nathan Ellis,Dharamsala,1,24,0.0,8.59,8.5,9.52,0.0,25.76,34.0,18.0,24.0
Nathan Ellis,Nathan Ellis,Guwahati,1,24,0.0,8.59,7.5,9.61,0.0,25.76,7.5,18.0,6.0
Nathan Ellis,Nathan Ellis,Hyderabad,1,18,0.0,8.59,9.33,9.77,0.0,25.76,0.0,18.0,0.0
Nathan Ellis,Nathan Ellis,Kolkata,1,24,0.0,8.59,7.5,10.68,0.0,25.76,30.0,18.0,24.0
Nathan Ellis,Nathan Ellis,Mohali,3,66,0.448,8.59,9.45,9.42,-0.082,25.76,26.0,18.0,16.5
Nathan Ellis,Nathan Ellis,Mumbai,3,60,0.387,8.59,10.1,9.73,-0.136,25.76,20.2,18.0,12.0
Nitish Kumar Reddy,Nitish Kumar Reddy,Chennai,1,6,0.0,9.93,9.0,9.25,0.0,46.67,0.0,28.33,0.0
Nitish Kumar Reddy,Nitish Kumar Reddy,Delhi,1,13,0.0,9.93,7.73,10.16,0.0,46.67,8.5,28.33,6.5
Nitish Kumar Reddy,Nitish Kumar Reddy,Hyderabad,2,18,0.0,9.93,10.33,9.77,0.0,46.67,0.0,28.33,0.0
Nitish Kumar Reddy,Nitish Kumar Reddy,Mullanpur,1,18,0.0,9.93,11.0,8.88,0.0,46.67,33.0,28.33,18.0
Nitish Kumar Reddy,Nitish Kumar Reddy,Mumbai,2,30,0.304,9.93,10.2,9.73,-0.024,46.67,0.0,28.33,0.0
Nitish Rana,Nitish Rana,Bengaluru,1,6,0.0,8.8,8.0,10.3,0.0,36.67,0.0,25.67,0.0
Nitish Rana,Nitish Rana,Delhi,1,24,0.0,8.8,4.25,10.16,0.0,36.67,8.5,25.67,12.0
Nitish Rana,Nitish Rana,Kolkata,4,23,0.0,8.8,13.16,10.68,0.0,36.67,50.0,25.67,23.0
Nitish Rana,Nitish Rana,Mumbai,2,18,0.0,8.8,10.67,9.73,0.0,36.67,0.0,25.67,0.0
Noor Ahmad,Noor Ahmad,Ahmedabad,12,480,0.95,8.12,8.9,9.7,-0.071,27.46,35.6,20.5,24.0
Noor Ahmad,Noor Ahmad,Bengaluru,2,48,0.326,8.12,8.0,10.3,0.009,27.46,16.0,20.5,12.0
Noor Ahmad,Noor Ahmad,Chennai,1,24,0.0,8.12,7.25,9.25,0.0,27.46,29.0,20.5,24.0
Noor Ahmad,Noor Ahmad,Delhi,1,18,0.0,8.12,12.0,10.16,0.0,27.46,36.0,20.5,18.0
Noor Ahmad,Noor Ahmad,Jaipur,2,42,0.314,8.12,9.71,9.51,-0.15,27.46,34.0,20.5,21.0
Noor Ahmad,Noor Ahmad,Kolkata,1,24,0.0,8.12,5.25,10.68,0.0,27.46,10.5,20.5,12.0
Noor Ahmad,Noor Ahmad,Lucknow,2,48,0.326,8.12,5.0,8.28,0.386,27.46,20.0,20.5,24.0
Noor Ahmad,Noor Ahmad,Mullanpur,1,24,0.0,8.12,5.0,8.88,0.0,27.46,10.0,20.5,12.0
Noor Ahmad,Noor Ahmad,Mumbai,1,24,0.0,8.12,9.5,9.73,0.0,27.46,0.0,20.5,0.0
Nuwan Thushara,Nuwan Thushara,Delhi,1,22,0.0,10.42,14.59,10.16,0.0,49.5,0.0,28.5,0.0
Nuwan Thushara,Nuwan Thushara,Jaipur,1,18,0.0,10.42,9.33,9.51,0.0,49.5,0.0,28.5,0.0
Nuwan Thushara,Nuwan Thushara,Lucknow,1,24,0.0,10.42,7.5,8.28,0.0,49.5,30.0,28.5,24.0
Nuwan Thushara,Nuwan Thushara,Mumbai,2,42,0.314,10.42,10.0,9.73,0.038,49.5,23.33,28.5,14.0
Pat Cummins,Pat Cummins,Ahmedabad,1,48,0.326,9.5,7.0,9.7,0.226,29.77,28.0,18.93,24.0
Pat Cummins,Pat Cummins,Bengaluru,1,24,0.0,9.5,10.75,10.3,0.0,29.77,14.33,18.93,8.0
Pat Cummins,Pat Cummins,Chennai,1,24,0.0,9.5,12.5,9.25,0.0,29.77,0.0,18.93,0.0
Pat Cummins,Pat Cummins,Delhi,1,24,0.0,9.5,8.75,10.16,0.0,29.77,0.0,18.93,0.0
Pat Cummins,Pat Cummins,Hyderabad,5,119,0.846,9.5,9.8,9.77,-0.027,29.77,27.71,18.93,17.0
Pat Cummins,Pat Cummins,Kolkata,1,24,0.0,9.5,8.0,10.68,0.0,29.77,32.0,18.93,24.0
Pat Cummins,Pat Cummins,Mullanpur,1,24,0.0,9.5,5.5,8.88,0.0,29.77,22.0,18.93,24.0
Pat Cummins,Pat Cummins,Mumbai,5,143,0.873,9.5,9.71,9.73,-0.019,29.77,21.0,18.93,13.0
Pat Cummins,Pat Cummins,Pune,1,24,0.0,9.5,12.25,8.78,0.0,29.77,24.5,18.93,12.0
Prasidh Krishna,Prasidh Krishna,Ahmedabad,2,96,0.801,8.62,8.75,9.7,-0.011,29.1,17.5,20.32,12.0
Prasidh Krishna,Prasidh Krishna,Kolkata,1,21,0.0,8.62,11.71,10.68,0.0,29.1,0.0,20.32,0.0
Prasidh Krishna,Prasidh Krishna,Mumbai,12,368,0.95,8.62,8.68,9.73,-0.005,29.1,31.29,20.32,21.65
Prasidh Krishna,Prasidh Krishna,Pune,2,48,0.326,8.62,4.88,8.78,0.412,29.1,9.75,20.32,12.0
Praveen Dubey,Praveen Dubey,Delhi,1,18,0.0,6.33,6.33,10.16,0.0,19.0,19.0,18.0,18.0
Rachin Ravindra,Rachin Ravindra,Chennai,1,6,0.0,3.5,4.0,9.25,0.0,0.0,0.0,0.0,0.0
Rachin Ravindra,Rachin Ravindra,Hyderabad,1,6,0.0,3.5,3.0,9.77,0.0,0.0,0.0,0.0,0.0
Rahul Chahar,Rahul Chahar,Bengaluru,1,6,0.0,7.87,16.0,10.3,0.0,28.79,0.0,22.09,0.0
Rahul Chahar,Rahul Chahar,Chennai,2,48,0.326,7.87,6.38,9.25,0.148,28.79,17.0,22.09,16.0
Rahul Chahar,Rahul Chahar,Delhi,1,24,0.0,7.87,4.25,10.16,0.0,28.79,8.5,22.09,12.0
Rahul Chahar,Rahul Chahar,Dharamsala,3,63,0.415,7.87,8.76,9.52,-0.084,28.79,23.0,22.09,15.75
Rahul Chahar,Rahul Chahar,Guwahati,1,24,0.0,7.87,7.75,9.61,0.0,28.79,0.0,22.09,0.0
Rahul Chahar,Rahul Chahar,Hyderabad,1,18,0.0,7.87,9.33,9.77,0.0,28.79,28.0,22.09,18.0
Rahul Chahar,Rahul Chahar,Kolkata,2,48,0.326,7.87,7.12,10.68,0.055,28.79,19.0,22.09,16.0
Rahul Chahar,Rahul Chahar,Lucknow,2,36,0.307,7.87,11.67,8.28,-0.472,28.79,70.0,22.09,36.0
Rahul Chahar,Rahul Chahar,Mohali,5,96,0.801,7.87,7.56,9.42,0.029,28.79,121.0,22.09,96.0
Rahul Chahar,Rahul Chahar,Mullanpur,1,24,0.0,7.87,8.25,8.88,0.0,28.79,33.0,22.09,24.0
Rahul Chahar,Rahul Chahar,Mumbai,12,337,0.95,7.87,7.42,9.73,0.04,28.79,27.8,22.09,22.47
Rahul Chahar,Rahul Chahar,Pune,2,48,0.326,7.87,9.25,8.78,-0.153,28.79,37.0,22.09,24.0
Rahul Tewatia,Rahul Tewatia,Ahmedabad,1,14,0.0,9.56,6.09,9.7,0.0,53.88,0.0,33.88,0.0
Rahul Tewatia,Rahul Tewatia,Lucknow,1,6,0.0,9.56,8.0,8.28,0.0,53.88,0.0,33.88,0.0
Rahul Tewatia,Rahul Tewatia,Mumbai,4,36,0.307,9.56,12.17,9.73,-0.234,53.88,36.5,33.88,18.0
Rahul Tewatia,Rahul Tewatia,Pune,1,12,0.0,9.56,11.0,8.78,0.0,53.88,0.0,33.88,0.0
Rajvardhan Hangargekar,Rajvardhan Hangargekar,Ahmedabad,1,48,0.326,10.0,9.0,9.7,0.09,20.0,12.0,12.0,8.0
Rajvardhan Hangargekar,Rajvardhan Hangargekar,Chennai,1,9,0.0,10.0,12.67,9.25,0.0,20.0,0.0,12.0,0.0
Ramandeep Singh,Ramandeep Singh,Kolkata,1,4,0.0,9.84,12.86,10.68,0.0,10.5,0.0,6.67,0.0
Ramandeep Singh,Ramandeep Singh,Mumbai,3,33,0.305,9.84,8.55,9.73,0.116,10.5,7.83,6.67,5.5
Rashid Khan,Rashid Khan,Ahmedabad,16,732,0.95,7.46,8.64,9.7,-0.107,23.18,27.74,18.69,19.26
Rashid Khan,Rashid Khan,Bengaluru,2,34,0.306,7.46,8.6,10.3,-0.091,23.18,49.0,18.69,34.0
Rashid Khan,Rashid Khan,Chennai,2,48,0.326,7.46,10.75,9.25,-0.327,23.18,28.67,18.69,16.0
Rashid Khan,Rashid Khan,Delhi,2,48,0.326,7.46,8.25,10.16,-0.065,23.18,22.0,18.69,16.0
Rashid Khan,Rashid Khan,Jaipur,2,48,0.326,7.46,4.0,9.51,0.325,23.18,6.4,18.69,9.6
Rashid Khan,Rashid Khan,Kolkata,2,48,0.326,7.46,8.62,10.68,-0.086,23.18,0.0,18.69,0.0
Rashid Khan,Rashid Khan,Lucknow,2,48,0.326,7.46,7.62,8.28,-0.02,23.18,30.5,18.69,24.0
Rashid Khan,Rashid Khan,Mohali,1,24,0.0,7.46,6.75,9.42,0.0,23.18,27.0,18.69,24.0
Rashid Khan,Rashid Khan,Mullanpur,1,24,0.0,7.46,3.75,8.88,0.0,23.18,15.0,18.69,24.0
Rashid Khan,Rashid Khan,Mumbai,12,384,0.95,7.46,6.88,9.73,0.052,23.18,22.0,18.69,19.2
Rashid Khan,Rashid Khan,Pune,3,71,0.515,7.46,7.03,8.78,0.047,23.18,13.83,18.69,11.83
Rasikh Salam,Rasikh Salam,Delhi,3,66,0.448,10.94,10.45,10.16,0.04,34.86,16.43,19.29,9.43
Rasikh Salam,Rasikh Salam,Kolkata,1,15,0.0,10.94,12.0,10.68,0.0,34.86,0.0,19.29,0.0
Rasikh Salam,Rasikh Salam,Mumbai,1,6,0.0,10.94,10.0,9.73,0.0,34.86,0.0,19.29,0.0
Rasikh Salam,Rasikh Salam,Pune,1,18,0.0,10.94,6.0,8.78,0.0,34.86,0.0,19.29,0.0
Rasikh Salam,Rasikh Salam,Visakhapatnam,2,30,0.304,10.94,14.6,10.82,-0.266,34.86,0.0,19.29,0.0
Ravi Bishnoi,Ravi Bishnoi,Ahmedabad,1,24,0.0,7.95,10.5,9.7,0.0,29.1,0.0,22.02,0.0
Ravi Bishnoi,Ravi Bishnoi,Bengaluru,2,42,0.314,7.95,10.29,10.3,-0.187,29.1,0.0,22.02,0.0
Ravi Bishnoi,Ravi Bishnoi,Chennai,3,60,0.387,7.95,7.7,9.25,0.025,29.1,25.67,22.02,20.0
Ravi Bishnoi,Ravi Bishnoi,Hyderabad,2,24,0.0,7.95,14.25,9.77,0.0,29.1,0.0,22.02,0.0
Ravi Bishnoi,Ravi Bishnoi,Jaipur,2,48,0.326,7.95,8.12,9.51,-0.016,29.1,32.5,22.02,24.0
Ravi Bishnoi,Ravi Bishnoi,Kolkata,3,64,0.425,7.95,8.04,10.68,-0.007,29.1,28.67,22.02,21.33
Ravi Bishnoi,Ravi Bishnoi,Lucknow,13,267,0.95,7.95,7.64,8.28,0.039,29.1,22.67,22.02,17.8
Ravi Bishnoi,Ravi Bishnoi,Mohali,1,24,0.0,7.95,10.5,9.42,0.0,29.1,21.0,22.02,12.0
Ravi Bishnoi,Ravi Bishnoi,Mumbai,11,354,0.95,7.95,8.14,9.73,-0.017,29.1,34.29,22.02,25.29
Ravi Bishnoi,Ravi Bishnoi,Pune,2,42,0.314,7.95,10.14,8.78,-0.241,29.1,35.5,22.02,21.0
Ravichandran Ashwin,Ravichandran Ashwin,Ahmedabad,3,132,0.862,7.74,9.18,9.7,-0.13,40.55,101.0,31.53,66.0
Ravichandran Ashwin,Ravichandran Ashwin,Bengaluru,1,24,0.0,7.74,9.25,10.3,0.0,40.55,37.0,31.53,24.0
Ravichandran Ashwin,Ravichandran Ashwin,Chennai,1,24,0.0,7.74,6.25,9.25,0.0,40.55,12.5,31.53,12.0
Ravichandran Ashwin,Ravichandran Ashwin,Delhi,1,24,0.0,7.74,6.0,10.16,0.0,40.55,8.0,31.53,8.0
Ravichandran Ashwin,Ravichandran Ashwin,Guwahati,2,48,0.326,7.74,6.25,9.61,0.138,40.55,12.5,31.53,12.0
Ravichandran Ashwin,Ravichandran Ashwin,Hyderabad,2,48,0.326,7.74,7.88,9.77,-0.012,40.55,63.0,31.53,48.0
Ravichandran Ashwin,Ravichandran Ashwin,Jaipur,10,216,0.946,7.74,8.31,9.51,-0.053,40.55,49.83,31.53,36.0
Ravichandran Ashwin,Ravichandran Ashwin,Kolkata,3,72,0.53,7.74,10.08,10.68,-0.174,40.55,121.0,31.53,72.0
Ravichandran Ashwin,Ravichandran Ashwin,Lucknow,1,24,0.0,7.74,10.0,8.28,0.0,40.55,40.0,31.53,24.0
Ravichandran Ashwin,Ravichandran Ashwin,Mumbai,14,432,0.95,7.74,7.44,9.73,0.027,40.55,44.67,31.53,36.0
Ravichandran Ashwin,Ravichandran Ashwin,Pune,2,48,0.326,7.74,4.75,8.78,0.33,40.55,12.67,31.53,16.0
Ravindra Jadeja,Ravindra Jadeja,Ahmedabad,3,120,0.85,7.49,9.6,9.7,-0.19,29.31,48.0,23.47,30.0
Ravindra Jadeja,Ravindra Jadeja,Bengaluru,1,24,0.0,7.49,9.25,10.3,0.0,29.31,0.0,23.47,0.0
Ravindra Jadeja,Ravindra Jadeja,Chennai,14,276,0.95,7.49,6.46,9.25,0.103,29.31,19.8,23.47,18.4
Ravindra Jadeja,Ravindra Jadeja,Delhi,1,24,0.0,7.49,12.5,10.16,0.0,29.31,50.0,23.47,24.0
Ravindra Jadeja,Ravindra Jadeja,Dharamsala,1,24,0.0,7.49,5.0,9.52,0.0,29.31,6.67,23.47,8.0
Ravindra Jadeja,Ravindra Jadeja,Hyderabad,1,24,0.0,7.49,7.5,9.77,0.0,29.31,0.0,23.47,0.0
Ravindra Jadeja,Ravindra Jadeja,Jaipur,1,24,0.0,7.49,8.0,9.51,0.0,29.31,32.0,23.47,24.0
Ravindra Jadeja,Ravindra Jadeja,Kolkata,1,18,0.0,7.49,11.33,10.68,0.0,29.31,34.0,23.47,18.0
Ravindra Jadeja,Ravindra Jadeja,Lucknow,1,18,0.0,7.49,10.67,8.28,0.0,29.31,0.0,23.47,0.0
Ravindra Jadeja,Ravindra Jadeja,Mumbai,9,252,0.95,7.49,7.98,9.73,-0.044,29.31,33.5,23.47,25.2
Ravindra Jadeja,Ravindra Jadeja,Pune,3,60,0.387,7.49,6.4,8.78,0.121,29.31,32.0,23.47,30.0
Ravindra Jadeja,Ravindra Jadeja,Visakhapatnam,1,24,0.0,7.49,10.75,10.82,0.0,29.31,43.0,23.47,24.0
Reece Topley,Reece Topley,Bengaluru,3,60,0.387,10.71,12.1,10.3,-0.112,36.4,40.33,20.4,20.0
Reece Topley,Reece Topley,Jaipur,1,24,0.0,10.71,6.75,9.51,0.0,36.4,13.5,20.4,12.0
Reece Topley,Reece Topley,Mumbai,1,18,0.0,10.71,11.33,9.73,0.0,36.4,0.0,20.4,0.0
Richard Gleeson,Richard Gleeson,Chennai,1,23,0.0,9.47,8.16,9.25,0.0,71.0,31.0,47.0,23.0
Richard Gleeson,Richard Gleeson,Dharamsala,1,24,0.0,9.47,10.25,9.52,0.0,71.0,0.0,47.0,0.0
Romario Shepherd,Romario Shepherd,Mullanpur,1,12,0.0,11.95,10.5,8.88,0.0,56.75,0.0,28.5,0.0
Romario Shepherd,Romario Shepherd,Mumbai,5,102,0.824,11.95,12.82,9.73,-0.078,56.75,27.25,28.5,12.75
Romario Shepherd,Romario Shepherd,Pune,1,24,0.0,11.95,8.25,8.78,0.0,56.75,33.0,28.5,24.0
Sai Kishore,Sai Kishore,Ahmedabad,2,84,0.702,9.13,7.71,9.7,0.129,19.57,27.0,12.86,21.0
Sai Kishore,Sai Kishore,Chennai,1,18,0.0,9.13,9.33,9.25,0.0,19.57,28.0,12.86,18.0
Sai Kishore,Sai Kishore,Delhi,1,6,0.0,9.13,22.0,10.16,0.0,19.57,0.0,12.86,0.0
Sai Kishore,Sai Kishore,Mullanpur,1,24,0.0,9.13,8.25,8.88,0.0,19.57,8.25,12.86,6.0
Sam Curran,Sam Curran,Ahmedabad,1,24,0.0,10.24,9.5,9.7,0.0,37.84,0.0,22.23,0.0
Sam Curran,Sam Curran,Bengaluru,1,18,0.0,10.24,10.0,10.3,0.0,37.84,30.0,22.23,18.0
Sam Curran,Sam Curran,Chennai,2,40,0.311,10.24,11.19,9.25,-0.094,37.84,75.0,22.23,40.0
Sam Curran,Sam Curran,Delhi,1,12,0.0,10.24,9.0,10.16,0.0,37.84,0.0,22.23,0.0
Sam Curran,Sam Curran,Dharamsala,3,66,0.448,10.24,11.82,9.52,-0.148,37.84,43.33,22.23,22.0
Sam Curran,Sam Curran,Guwahati,1,24,0.0,10.24,11.25,9.61,0.0,37.84,45.0,22.23,24.0
Sam Curran,Sam Curran,Hyderabad,1,18,0.0,10.24,4.67,9.77,0.0,37.84,0.0,22.23,0.0
Sam Curran,Sam Curran,Kolkata,2,42,0.314,10.24,14.86,10.68,-0.344,37.84,104.0,22.23,42.0
Sam Curran,Sam Curran,Lucknow,2,46,0.321,10.24,7.01,8.28,0.401,37.84,9.0,22.23,7.67
Sam Curran,Sam Curran,Mohali,5,101,0.821,10.24,10.48,9.42,-0.023,37.84,58.67,22.23,33.67
Sam Curran,Sam Curran,Mullanpur,5,90,0.763,10.24,9.07,8.88,0.127,37.84,19.43,22.23,12.86
Sam Curran,Sam Curran,Mumbai,1,18,0.0,10.24,13.67,9.73,0.0,37.84,0.0,22.23,0.0
Sandeep Sharma,Sandeep Sharma,Ahmedabad,1,48,0.326,8.3,6.25,9.7,0.185,37.28,8.33,27.0,8.0
Sandeep Sharma,Sandeep Sharma,Bengaluru,1,24,0.0,8.3,12.25,10.3,0.0,37.28,12.25,27.0,6.0
Sandeep Sharma,Sandeep Sharma,Chennai,1,16,0.0,8.3,10.37,9.25,0.0,37.28,28.0,27.0,16.0
Sandeep Sharma,Sandeep Sharma,Delhi,1,24,0.0,8.3,10.5,10.16,0.0,37.28,14.0,27.0,8.0
Sandeep Sharma,Sandeep Sharma,Dharamsala,1,24,0.0,8.3,11.5,9.52,0.0,37.28,0.0,27.0,0.0
Sandeep Sharma,Sandeep Sharma,Guwahati,1,21,0.0,8.3,5.43,9.61,0.0,37.28,19.0,27.0,21.0
Sandeep Sharma,Sandeep Sharma,Hyderabad,1,21,0.0,8.3,6.0,9.77,0.0,37.28,21.0,27.0,21.0
Sandeep Sharma,Sandeep Sharma,Jaipur,8,177,0.907,8.3,7.93,9.51,0.035,37.28,26.0,27.0,19.67
Sandeep Sharma,Sandeep Sharma,Kolkata,1,24,0.0,8.3,8.5,10.68,0.0,37.28,34.0,27.0,24.0
Sandeep Sharma,Sandeep Sharma,Lucknow,1,21,0.0,8.3,7.71,8.28,0.0,37.28,13.5,27.0,10.5
Sandeep Sharma,Sandeep Sharma,Mumbai,5,164,0.894,8.3,7.99,9.73,0.028,37.28,54.5,27.0,41.0
Sandeep Sharma,Sandeep Sharma,Pune,1,24,0.0,8.3,4.5,8.78,0.0,37.28,18.0,27.0,24.0
Shahbaz Ahmed,Shahbaz Ahmed,Ahmedabad,2,48,0.326,9.67,13.75,9.7,-0.369,49.0,55.0,30.4,24.0
Shahbaz Ahmed,Shahbaz Ahmed,Bengaluru,4,24,0.0,9.67,17.25,10.3,0.0,49.0,0.0,30.4,0.0
Shahbaz Ahmed,Shahbaz Ahmed,Chennai,1,18,0.0,9.67,11.0,9.25,0.0,49.0,0.0,30.4,0.0
Shahbaz Ahmed,Shahbaz Ahmed,Delhi,1,6,0.0,9.67,22.0,10.16,0.0,49.0,0.0,30.4,0.0
Shahbaz Ahmed,Shahbaz Ahmed,Hyderabad,6,78,0.62,9.67,9.46,9.77,0.019,49.0,41.0,30.4,26.0
Shahbaz Ahmed,Shahbaz Ahmed,Kolkata,3,36,0.307,9.67,9.83,10.68,-0.012,49.0,0.0,30.4,0.0
Shahbaz Ahmed,Shahbaz Ahmed,Mullanpur,1,6,0.0,9.67,10.0,8.88,0.0,49.0,0.0,30.4,0.0
Shahbaz Ahmed,Shahbaz Ahmed,Mumbai,10,180,0.91,9.67,8.77,9.73,0.081,49.0,87.67,30.4,60.0
Shahbaz Ahmed,Shahbaz Ahmed,Pune,3,48,0.326,9.67,10.12,8.78,-0.049,49.0,81.0,30.4,48.0
Shamar Joseph,Shamar Joseph,Kolkata,1,24,0.0,11.75,12.75,10.68,0.0,0.0,0.0,0.0,0.0
Shardul Thakur,Shardul Thakur,Ahmedabad,2,80,0.649,9.45,9.17,9.7,0.025,31.36,0.0,20.11,0.0
Shardul Thakur,Shardul Thakur,Chennai,5,100,0.818,9.45,9.52,9.25,-0.007,31.36,53.0,20.11,33.33
Shardul Thakur,Shardul Thakur,Dharamsala,1,12,0.0,9.45,8.0,9.52,0.0,31.36,16.0,20.11,12.0
Shardul Thakur,Shardul Thakur,Hyderabad,1,18,0.0,9.45,7.67,9.77,0.0,31.36,11.5,20.11,9.0
Shardul Thakur,Shardul Thakur,Kolkata,4,36,0.307,9.45,12.33,10.68,-0.214,31.36,24.67,20.11,12.0
Shardul Thakur,Shardul Thakur,Mohali,1,24,0.0,9.45,10.75,9.42,0.0,31.36,0.0,20.11,0.0
Shardul Thakur,Shardul Thakur,Mumbai,14,376,0.95,9.45,9.68,9.73,-0.021,31.36,28.9,20.11,17.9
Shardul Thakur,Shardul Thakur,Pune,1,24,0.0,9.45,10.5,8.78,0.0,31.36,0.0,20.11,0.0
Shivam Dube,Shivam Dube,Chennai,1,6,0.0,12.38,14.0,9.25,0.0,99.0,14.0,48.0,6.0
Shivam Dube,Shivam Dube,Mumbai,2,12,0.0,12.38,20.0,9.73,0.0,99.0,0.0,48.0,0.0
Shreyas Gopal,Shreyas Gopal,Mullanpur,1,12,0.0,10.88,13.0,8.88,0.0,46.25,26.0,25.5,12.0
Shreyas Gopal,Shreyas Gopal,Mumbai,3,48,0.326,10.88,9.38,9.73,0.135,46.25,25.0,25.5,16.0
Simarjeet Singh,Simarjeet Singh,Ahmedabad,1,48,0.326,8.56,15.0,9.7,-0.582,35.67,60.0,25.0,24.0
Simarjeet Singh,Simarjeet Singh,Dharamsala,1,18,0.0,8.56,5.67,9.52,0.0,35.67,8.5,25.0,9.0
Simarjeet Singh,Simarjeet Singh,Mumbai,4,108,0.836,8.56,6.94,9.73,0.145,35.67,20.83,25.0,18.0
Simarjeet Singh,Simarjeet Singh,Pune,2,24,0.0,8.56,11.25,8.78,0.0,35.67,0.0,25.0,0.0
Spencer Johnson,Spencer Johnson,Ahmedabad,2,48,0.326,9.44,11.75,9.7,-0.209,37.75,15.67,24.0,8.0
Spencer Johnson,Spencer Johnson,Chennai,1,24,0.0,9.44,8.75,9.25,0.0,37.75,35.0,24.0,24.0
Spencer Johnson,Spencer Johnson,Jaipur,1,24,0.0,9.44,9.25,9.51,0.0,37.75,0.0,24.0,0.0
Spencer Johnson,Spencer Johnson,Lucknow,1,24,0.0,9.44,9.0,8.28,0.0,37.75,0.0,24.0,0.0
Sunil Narine,Sunil Narine,Ahmedabad,1,48,0.326,6.5,8.25,9.7,-0.158,26.12,11.0,24.12,8.0
Sunil Narine,Sunil Narine,Bengaluru,2,48,0.326,6.5,10.25,10.3,-0.301,26.12,82.0,24.12,48.0
Sunil Narine,Sunil Narine,Chennai,2,48,0.326,6.5,5.62,9.25,0.087,26.12,15.0,24.12,16.0
Sunil Narine,Sunil Narine,Delhi,1,24,0.0,6.5,9.25,10.16,0.0,26.12,0.0,24.12,0.0
Sunil Narine,Sunil Narine,Hyderabad,1,12,0.0,6.5,8.0,9.77,0.0,26.12,0.0,24.12,0.0
Sunil Narine,Sunil Narine,Kolkata,13,282,0.95,6.5,6.72,10.68,-0.017,26.12,24.31,24.12,21.69
Sunil Narine,Sunil Narine,Lucknow,1,24,0.0,6.5,5.5,8.28,0.0,26.12,22.0,24.12,24.0
Sunil Narine,Sunil Narine,Mohali,1,24,0.0,6.5,10.0,9.42,0.0,26.12,40.0,24.12,24.0
Sunil Narine,Sunil Narine,Mumbai,12,384,0.95,6.5,5.5,9.73,0.089,26.12,32.0,24.12,34.91
Sunil Narine,Sunil Narine,Pune,3,72,0.53,6.5,6.75,8.78,-0.028,26.12,40.5,24.12,36.0
Sunil Narine,Sunil Narine,Visakhapatnam,1,24,0.0,6.5,7.5,10.82,0.0,26.12,30.0,24.12,24.0
Suyash Sharma,Suyash Sharma,Ahmedabad,1,48,0.326,8.85,8.75,9.7,0.009,43.12,35.0,29.25,24.0
Suyash Sharma,Suyash Sharma,Bengaluru,1,24,0.0,8.85,7.5,10.3,0.0,43.12,10.0,29.25,8.0
Suyash Sharma,Suyash Sharma,Chennai,1,18,0.0,8.85,9.67,9.25,0.0,43.12,0.0,29.25,0.0
Suyash Sharma,Suyash Sharma,Kolkata,9,168,0.898,8.85,9.29,10.68,-0.033,43.12,52.0,29.25,33.6
Swapnil Singh,Swapnil Singh,Ahmedabad,2,48,0.326,9.17,7.5,9.7,0.151,22.0,30.0,14.4,24.0
Swapnil Singh,Swapnil Singh,Bengaluru,1,6,0.0,9.17,1.0,10.3,0.0,22.0,0.0,14.4,0.0
Swapnil Singh,Swapnil Singh,Dharamsala,1,18,0.0,9.17,9.33,9.52,0.0,22.0,14.0,14.4,9.0
Swapnil Singh,Swapnil Singh,Hyderabad,1,18,0.0,9.17,13.33,9.77,0.0,22.0,20.0,14.4,9.0
Swapnil Singh,Swapnil Singh,Lucknow,1,6,0.0,9.17,11.0,8.28,0.0,22.0,0.0,14.4,0.0
T Natarajan,T Natarajan,Ahmedabad,1,48,0.326,9.27,8.5,9.7,0.069,27.84,34.0,18.04,24.0
T Natarajan,T Natarajan,Bengaluru,1,22,0.0,9.27,12.97,10.3,0.0,27.84,0.0,18.04,0.0
T Natarajan,T Natarajan,Chennai,1,23,0.0,9.27,11.05,9.25,0.0,27.84,42.0,18.04,23.0
T Natarajan,T Natarajan,Delhi,2,48,0.326,9.27,6.62,10.16,0.218,27.84,10.6,18.04,9.6
T Natarajan,T Natarajan,Hyderabad,11,250,0.95,9.27,9.45,9.77,-0.016,27.84,24.62,18.04,15.62
T Natarajan,T Natarajan,Jaipur,1,24,0.0,9.27,9.25,9.51,0.0,27.84,0.0,18.04,0.0
T Natarajan,T Natarajan,Kolkata,2,45,0.319,9.27,11.07,10.68,-0.134,27.84,20.75,18.04,11.25
T Natarajan,T Natarajan,Lucknow,1,18,0.0,9.27,8.0,8.28,0.0,27.84,0.0,18.04,0.0
T Natarajan,T Natarajan,Mullanpur,1,24,0.0,9.27,8.25,8.88,0.0,27.84,33.0,18.04,24.0
T Natarajan,T Natarajan,Mumbai,9,296,0.95,9.27,8.86,9.73,0.037,27.84,23.0,18.04,15.58
T Natarajan,T Natarajan,Pune,3,67,0.46,9.27,11.43,8.78,-0.238,27.84,42.67,18.04,22.33
Trent Boult,Trent Boult,Ahmedabad,3,144,0.874,8.08,7.42,9.7,0.059,29.08,29.67,21.66,24.0
Trent Boult,Trent Boult,Bengaluru,1,24,0.0,8.08,10.25,10.3,0.0,29.08,20.5,21.66,12.0
Trent Boult,Trent Boult,Delhi,1,24,0.0,8.08,12.0,10.16,0.0,29.08,48.0,21.66,24.0
Trent Boult,Trent Boult,Dharamsala,1,23,0.0,8.08,8.68,9.52,0.0,29.08,33.0,21.66,23.0
Trent Boult,Trent Boult,Guwahati,2,48,0.326,8.08,8.38,9.61,-0.028,29.08,22.33,21.66,16.0
Trent Boult,Trent Boult,Hyderabad,2,48,0.326,8.08,6.75,9.77,0.118,29.08,27.0,21.66,24.0
Trent Boult,Trent Boult,Jaipur,7,138,0.868,8.08,7.91,9.51,0.016,29.08,36.4,21.66,27.6
Trent Boult,Trent Boult,Kolkata,3,67,0.46,8.08,7.77,10.68,0.023,29.08,21.75,21.66,16.75
Trent Boult,Trent Boult,Lucknow,1,24,0.0,8.08,10.25,8.28,0.0,29.08,41.0,21.66,24.0
Trent Boult,Trent Boult,Mullanpur,1,24,0.0,8.08,5.5,8.88,0.0,29.08,22.0,21.66,24.0
Trent Boult,Trent Boult,Mumbai,13,372,0.95,8.08,8.48,9.73,-0.036,29.08,26.3,21.66,18.6
Trent Boult,Trent Boult,Pune,2,42,0.314,8.08,7.0,8.78,0.119,29.08,24.5,21.66,21.0
Tushar Deshpande,Tushar Deshpande,Ahmedabad,3,136,0.866,9.47,12.42,9.7,-0.266,26.97,47.0,17.14,22.67
Tushar Deshpande,Tushar Deshpande,Bengaluru,1,24,0.0,9.47,12.25,10.3,0.0,26.97,16.33,17.14,8.0
Tushar Deshpande,Tushar Deshpande,Chennai,13,275,0.95,9.47,9.21,9.25,0.026,26.97,21.1,17.14,13.75
Tushar Deshpande,Tushar Deshpande,Delhi,1,24,0.0,9.47,7.0,10.16,0.0,26.97,28.0,17.14,24.0
Tushar Deshpande,Tushar Deshpande,Dharamsala,1,24,0.0,9.47,8.75,9.52,0.0,26.97,17.5,17.14,12.0
Tushar Deshpande,Tushar Deshpande,Hyderabad,1,12,0.0,9.47,11.5,9.77,0.0,26.97,0.0,17.14,0.0
Tushar Deshpande,Tushar Deshpande,Jaipur,1,24,0.0,9.47,10.5,9.51,0.0,26.97,21.0,17.14,12.0
Tushar Deshpande,Tushar Deshpande,Kolkata,1,24,0.0,9.47,11.0,10.68,0.0,26.97,22.0,17.14,12.0
Tushar Deshpande,Tushar Deshpande,Lucknow,1,24,0.0,9.47,10.75,8.28,0.0,26.97,0.0,17.14,0.0
Tushar Deshpande,Tushar Deshpande,Mumbai,4,84,0.702,9.47,9.14,9.73,0.03,26.97,32.0,17.14,21.0
Tushar Deshpande,Tushar Deshpande,Visakhapatnam,1,24,0.0,9.47,6.0,10.82,0.0,26.97,0.0,17.14,0.0
Umran Malik,Umran Malik,Chennai,1,18,0.0,9.4,6.0,9.25,0.0,26.62,18.0,17.0,18.0
Umran Malik,Umran Malik,Delhi,1,6,0.0,9.4,22.0,10.16,0.0,26.62,0.0,17.0,0.0
Umran Malik,Umran Malik,Hyderabad,4,60,0.387,9.4,9.4,9.77,0.0,26.62,31.33,17.0,20.0
Umran Malik,Umran Malik,Kolkata,1,9,0.0,9.4,19.33,10.68,0.0,26.62,29.0,17.0,9.0
Umran Malik,Umran Malik,Lucknow,1,12,0.0,9.4,11.0,8.28,0.0,26.62,22.0,17.0,12.0
Umran Malik,Umran Malik,Mumbai,12,321,0.95,9.4,9.4,9.73,0.0,26.62,22.86,17.0,14.59
Umran Malik,Umran Malik,Pune,3,72,0.53,9.4,10.25,8.78,-0.093,26.62,24.6,17.0,14.4
Vaibhav Arora,Vaibhav Arora,Bengaluru,1,12,0.0,9.36,12.0,10.3,0.0,31.12,0.0,20.06,0.0
Vaibhav Arora,Vaibhav Arora,Chennai,2,48,0.326,9.36,7.25,9.25,0.21,31.12,19.33,20.06,16.0
Vaibhav Arora,Vaibhav Arora,Hyderabad,1,18,0.0,9.36,11.0,9.77,0.0,31.12,16.5,20.06,9.0
Vaibhav Arora,Vaibhav Arora,Kolkata,5,102,0.824,9.36,10.12,10.68,-0.056,31.12,28.67,20.06,17.0
Vaibhav Arora,Vaibhav Arora,Lucknow,1,12,0.0,9.36,10.5,8.28,0.0,31.12,0.0,20.06,0.0
Vaibhav Arora,Vaibhav Arora,Mumbai,5,124,0.854,9.36,9.32,9.73,0.004,31.12,96.5,20.06,62.0
Vaibhav Arora,Vaibhav Arora,Pune,1,24,0.0,9.36,10.75,8.78,0.0,31.12,21.5,20.06,12.0
Vaibhav Arora,Vaibhav Arora,Visakhapatnam,1,24,0.0,9.36,6.75,10.82,0.0,31.12,9.0,20.06,8.0
Varun Chakravarthy,Varun Chakravarthy,Ahmedabad,1,24,0.0,7.78,13.5,9.7,0.0,25.78,0.0,19.9,0.0
Varun Chakravarthy,Varun Chakravarthy,Bengaluru,2,36,0.307,7.78,7.83,10.3,-0.004,25.78,15.67,19.9,12.0
Varun Chakravarthy,Varun Chakravarthy,Chennai,2,48,0.326,7.78,8.0,9.25,-0.021,25.78,32.0,19.9,24.0
Varun Chakravarthy,Varun Chakravarthy,Delhi,1,24,0.0,7.78,4.25,10.16,0.0,25.78,8.5,19.9,12.0
Varun Chakravarthy,Varun Chakravarthy,Hyderabad,1,22,0.0,7.78,6.22,9.77,0.0,25.78,23.0,19.9,22.0
Varun Chakravarthy,Varun Chakravarthy,Kolkata,13,293,0.95,7.78,9.53,10.68,-0.13,25.78,25.83,19.9,16.28
Varun Chakravarthy,Varun Chakravarthy,Lucknow,1,18,0.0,7.78,10.0,8.28,0.0,25.78,10.0,19.9,6.0
Varun Chakravarthy,Varun Chakravarthy,Mohali,1,24,0.0,7.78,6.75,9.42,0.0,25.78,27.0,19.9,24.0
Varun Chakravarthy,Varun Chakravarthy,Mumbai,10,294,0.95,7.78,8.57,9.73,-0.071,25.78,52.5,19.9,36.75
Varun Chakravarthy,Varun Chakravarthy,Pune,2,48,0.326,7.78,7.12,8.78,0.073,25.78,28.5,19.9,24.0
Varun Chakravarthy,Varun Chakravarthy,Visakhapatnam,1,24,0.0,7.78,8.5,10.82,0.0,25.78,11.33,19.9,8.0
Venkatesh Iyer,Venkatesh Iyer,Mumbai,4,36,0.307,10.75,10.67,9.73,0.007,47.67,0.0,27.0,0.0
Venkatesh Iyer,Venkatesh Iyer,Visakhapatnam,1,6,0.0,10.75,28.0,10.82,0.0,47.67,0.0,27.0,0.0
Vijay Shankar,Vijay Shankar,Mumbai,1,6,0.0,9.35,2.0,9.73,0.0,38.33,0.0,25.0,0.0
Vijay Shankar,Vijay Shankar,Pune,1,6,0.0,9.35,14.0,8.78,0.0,38.33,14.0,25.0,6.0
Vijaykumar Vyshak,Vijaykumar Vyshak,Bengaluru,8,171,0.901,10.31,9.75,10.3,0.045,30.38,23.17,17.77,14.25
Vijaykumar Vyshak,Vijaykumar Vyshak,Mohali,1,18,0.0,10.31,9.67,9.42,0.0,30.38,14.5,17.77,9.0
Vijaykumar Vyshak,Vijaykumar Vyshak,Mumbai,2,36,0.307,10.31,11.5,9.73,-0.106,30.38,23.0,17.77,12.0
Wanindu Hasaranga,Wanindu Hasaranga,Bengaluru,4,78,0.62,8.9,8.85,10.3,0.004,28.67,28.75,19.33,19.5
Wanindu Hasaranga,Wanindu Hasaranga,Delhi,1,24,0.0,8.9,8.0,10.16,0.0,28.67,0.0,19.33,0.0
Wanindu Hasaranga,Wanindu Hasaranga,Lucknow,1,24,0.0,8.9,5.0,8.28,0.0,28.67,20.0,19.33,24.0
Wanindu Hasaranga,Wanindu Hasaranga,Mohali,1,24,0.0,8.9,9.75,9.42,0.0,28.67,19.5,19.33,12.0
Wanindu Hasaranga,Wanindu Hasaranga,Mumbai,1,24,0.0,8.9,13.25,9.73,0.0,28.67,26.5,19.33,12.0
Washington Sundar,Washington Sundar,Ahmedabad,1,36,0.307,8.67,9.0,9.7,-0.029,44.31,0.0,30.77,0.0
Washington Sundar,Washington Sundar,Chennai,1,16,0.0,8.67,5.93,9.25,0.0,44.31,0.0,30.77,0.0
Washington Sundar,Washington Sundar,Delhi,1,12,0.0,8.67,23.0,10.16,0.0,44.31,46.0,30.77,12.0
Washington Sundar,Washington Sundar,Hyderabad,4,72,0.53,8.67,8.25,9.77,0.038,44.31,33.0,30.77,24.0
Washington Sundar,Washington Sundar,Kolkata,1,12,0.0,8.67,10.0,10.68,0.0,44.31,0.0,30.77,0.0
Washington Sundar,Washington Sundar,Lucknow,1,6,0.0,8.67,11.0,8.28,0.0,44.31,0.0,30.77,0.0
Washington Sundar,Washington Sundar,Mumbai,6,192,0.922,8.67,6.72,9.73,0.175,44.31,21.5,30.77,19.2
Washington Sundar,Washington Sundar,Pune,2,39,0.31,8.67,11.54,8.78,-0.316,44.31,0.0,30.77,0.0
Will Jacks,Will Jacks,Bengaluru,1,18,0.0,10.5,10.67,10.3,0.0,42.0,0.0,24.0,0.0
Will Jacks,Will Jacks,Dharamsala,1,6,0.0,10.5,5.0,9.52,0.0,42.0,0.0,24.0,0.0
Will Jacks,Will Jacks,Hyderabad,1,12,0.0,10.5,11.5,9.77,0.0,42.0,23.0,24.0,12.0
Will Jacks,Will Jacks,Mumbai,1,12,0.0,10.5,12.0,9.73,0.0,42.0,24.0,24.0,12.0
Yash Dayal,Yash Dayal,Ahmedabad,5,182,0.912,9.55,10.23,9.7,-0.062,35.7,77.5,22.43,45.5
Yash Dayal,Yash Dayal,Bengaluru,6,144,0.874,9.55,8.79,10.3,0.061,35.7,35.17,22.43,24.0
Yash Dayal,Yash Dayal,Chennai,1,18,0.0,9.55,9.33,9.25,0.0,35.7,28.0,22.43,18.0
Yash Dayal,Yash Dayal,Delhi,1,6,0.0,9.55,12.0,10.16,0.0,35.7,0.0,22.43,0.0
Yash Dayal,Yash Dayal,Dharamsala,1,12,0.0,9.55,11.0,9.52,0.0,35.7,0.0,22.43,0.0
Yash Dayal,Yash Dayal,Hyderabad,1,14,0.0,9.55,6.09,9.77,0.0,35.7,14.0,22.43,14.0
Yash Dayal,Yash Dayal,Jaipur,1,24,0.0,9.55,9.25,9.51,0.0,35.7,37.0,22.43,24.0
Yash Dayal,Yash Dayal,Kolkata,2,44,0.317,9.55,12.74,10.68,-0.238,35.7,23.25,22.43,11.0
Yash Dayal,Yash Dayal,Mumbai,5,162,0.892,9.55,9.26,9.73,0.026,35.7,22.73,22.43,14.73
Yash Dayal,Yash Dayal,Pune,2,36,0.307,9.55,10.67,8.78,-0.124,35.7,21.33,22.43,12.0
Yash Thakur,Yash Thakur,Ahmedabad,1,48,0.326,10.41,12.0,9.7,-0.144,28.79,0.0,16.83,0.0
Yash Thakur,Yash Thakur,Bengaluru,1,24,0.0,10.41,9.75,10.3,0.0,28.79,19.5,16.83,12.0
Yash Thakur,Yash Thakur,Chennai,3,71,0.515,10.41,10.08,9.25,0.032,28.79,39.67,16.83,23.67
Yash Thakur,Yash Thakur,Hyderabad,2,40,0.311,10.41,11.19,9.77,-0.07,28.79,75.0,16.83,40.0
Yash Thakur,Yash Thakur,Jaipur,1,18,0.0,10.41,14.33,9.51,0.0,28.79,0.0,16.83,0.0
Yash Thakur,Yash Thakur,Kolkata,2,30,0.304,10.41,11.8,10.68,-0.104,28.79,19.67,16.83,10.0
Yash Thakur,Yash Thakur,Lucknow,8,169,0.899,10.41,9.57,8.28,0.104,28.79,22.5,16.83,14.08
Yash Thakur,Yash Thakur,Mohali,1,20,0.0,10.41,10.91,9.42,0.0,28.79,12.0,16.83,6.67
Yudhvir Singh,Yudhvir Singh,Hyderabad,1,18,0.0,9.4,8.67,9.77,0.0,23.5,26.0,15.0,18.0
Yudhvir Singh,Yudhvir Singh,Jaipur,1,12,0.0,9.4,13.5,9.51,0.0,23.5,0.0,15.0,0.0
Yudhvir Singh,Yudhvir Singh,Lucknow,2,30,0.304,9.4,8.8,8.28,0.074,23.5,14.67,15.0,10.0
Yuzvendra Chahal,Yuzvendra Chahal,Ahmedabad,3,144,0.874,8.12,8.42,9.7,-0.027,21.86,50.5,16.19,36.0
Yuzvendra Chahal,Yuzvendra Chahal,Bengaluru,1,24,0.0,8.12,7.0,10.3,0.0,21.86,14.0,16.19,12.0
Yuzvendra Chahal,Yuzvendra Chahal,Chennai,1,24,0.0,8.12,6.75,9.25,0.0,21.86,13.5,16.19,12.0
Yuzvendra Chahal,Yuzvendra Chahal,Delhi,1,24,0.0,8.12,12.0,10.16,0.0,21.86,48.0,16.19,24.0
Yuzvendra Chahal,Yuzvendra Chahal,Dharamsala,1,24,0.0,8.12,10.0,9.52,0.0,21.86,0.0,16.19,0.0
Yuzvendra Chahal,Yuzvendra Chahal,Guwahati,2,48,0.326,8.12,9.75,9.61,-0.15,21.86,19.5,16.19,12.0
Yuzvendra Chahal,Yuzvendra Chahal,Hyderabad,2,48,0.326,8.12,9.88,9.77,-0.157,21.86,19.75,16.19,12.0
Yuzvendra Chahal,Yuzvendra Chahal,Jaipur,10,215,0.945,8.12,8.94,9.51,-0.077,21.86,24.62,16.19,16.54
Yuzvendra Chahal,Yuzvendra Chahal,Kolkata,3,72,0.53,8.12,9.25,10.68,-0.084,21.86,22.2,16.19,14.4
Yuzvendra Chahal,Yuzvendra Chahal,Lucknow,1,24,0.0,8.12,10.25,8.28,0.0,21.86,0.0,16.19,0.0
Yuzvendra Chahal,Yuzvendra Chahal,Mullanpur,1,24,0.0,8.12,8.0,8.88,0.0,21.86,16.0,16.19,12.0
Yuzvendra Chahal,Yuzvendra Chahal,Mumbai,14,426,0.95,8.12,8.04,9.73,0.007,21.86,17.84,16.19,13.31
Yuzvendra Chahal,Yuzvendra Chahal,Pune,2,48,0.326,8.12,6.0,8.78,0.233,21.86,12.0,16.19,12.0
